bankCode;branchCode;bic;bankName;postalCode;city;flags;checkDigitMethod
10000000;;MARKDEF1100;Bundesbank;10591;Berlin;;09
10010010;;PBNKDEFFXXX;Postbank Ndl der Deutsche Bank;10559;Berlin;;24
10010123;;QNTODEB2XXX;Qonto Zweigniederlassung Deutschland;10245;Berlin;;09
10010178;;REVODEB2XXX;Revolut Bank, Zweigniederlassung Deutschland;10117;Berlin;;09
10010200;;TRZODEB2XXX;Treezor, Berlin;10785;Berlin;;09
10010300;;KLRNDEBEXXX;Klarna Bank German Branch;10115;Berlin;;09
10010424;;AARBDE5W100;Aareal Bank;10666;Berlin;;09
10010500;;AFOPDEB2XXX;Noelse Pay;10719;Berlin;;09
10010700;;FPEGDEB2XXX;Financiere des Paiements Electroniques NL Deutschland;10719;Berlin;;09
10011001;;NTSBDEB1XXX;N26 Bank;10179;Berlin;;09
10012345;;TRBKDEBBXXX;Trade Republic Bank;10119;Berlin;;09
10014000;;SWNBDEBBXXX;Swan Zweigniederlassung Deutschland;10178;Berlin;;09
10014001;;SWNBDEBBXXX;Swan Zweigniederlassung Deutschland (Geschäftsfeld);10178;Berlin;;09
10017997;;HOLVDEB1XXX;Holvi Payment Services Zweigniederlassung Deutschland;10967;Berlin;;09
10018000;;FNOMDEB2XXX;Finom Payments Zweigniederlassung Deutschland;10115;Berlin;;09
10019000;;ADYBDEB2XXX;Adyen, German Branch;10117;Berlin;;09
10020200;;BHFBDEFF100;ODDO BHF;10117;Berlin;;60
10020500;;BFSWDE33BER;SozialBank;10178;Berlin;;09
10020510;;BFSWDE33BER;SozialBank;10178;Berlin;;09
10020520;;BFSWDE33BER;SozialBank;10178;Berlin;;09
10020890;;HYVEDEMM488;UniCredit Bank - HypoVereinsbank;10117;Berlin;;99
10030400;;ABKBDEB1XXX;ABK Allgemeine Beamten Bank;10117;Berlin;;09
10030500;;LOEBDEBBXXX;M.M. Warburg & Co (vormals Bankhaus Löbbecke);20095;Hamburg;;09
10033300;;SCFBDE33XXX;Openbank Deutschland;41061;Mönchengladbach;;09
10040000;;COBADEBBXXX;Commerzbank, Filiale Berlin 1;10891;Berlin;;13
10040005;;COBADEBBXXX;Commerzbank, Filiale Berlin 3;10891;Berlin;;13
10040010;;COBADEFFXXX;Commerzbank, CC SP;10877;Berlin;;09
10040048;;COBADEFFXXX;Commerzbank GF-B48;10891;Berlin;;13
10040060;;COBADEFFXXX;Commerzbank Gf 160;10891;Berlin;;09
10040061;;COBADEFFXXX;Commerzbank Gf 161;10891;Berlin;;09
10040062;;COBADEFFXXX;Commerzbank CC;10783;Berlin;;09
10040063;;COBADEFFXXX;Commerzbank CC;10783;Berlin;;09
10040085;;COBADEFFXXX;Commerzbank, Gf Web-K;10877;Berlin;;13
10045050;;COBADEFFXXX;Commerzbank Service-BZ;10785;Berlin;;13
10050000;;BELADEBEXXX;BSK 1818 - Berliner Sparkasse;10889;Berlin;;B8
10050020;;SKPADEB1XXX;S-Kreditpartner, Berlin;10715;Berlin;;B8
10050500;;LBSODEB1BLN;LBS Landesbausparkasse NordOst;10405;Berlin;;09
10050999;;DGZFDEFFBER;DekaBank;60040;Frankfurt am Main;;09
10060198;;GENODED1PA6;Pax-Bank;14005;Berlin;;06
10061006;;GENODED1KDB;Bank für Kirche und Diakonie - KD-Bank Gf Sonder-BLZ;10117;Berlin;;09
10070000;;DEUTDEBBXXX;Deutsche Bank;10883;Berlin;;63
10070024;;DEUTDEDBBER;Deutsche Bank;10883;Berlin;;63
10070100;;DEUTDEBB101;Deutsche Bank;10883;Berlin;;63
10070124;;DEUTDEDB101;Deutsche Bank;10883;Berlin;;63
10070324;;DEUTDEDBP30;Postbank/DSL Ndl der Deutsche Bank;10117;Berlin;;63
10070397;;DEUTDEBBP30;Postbank/DSL Ndl der Deutsche Bank;10117;Berlin;;63
10070398;;DEUTDEBBP31;Postbank/DSL Ndl der Deutsche Bank;12105;Berlin;;63
10070399;;DEUTDEBBP32;Postbank/DSL Ndl der Deutsche Bank;13125;Berlin;;63
10070848;;DEUTDEDB110;Deutsche Bank;10623;Berlin;;63
10071324;;DEUTDEDBP31;Postbank/DSL Ndl der Deutsche Bank;12105;Berlin;;63
10072324;;DEUTDEDBP32;Postbank/DSL Ndl der Deutsche Bank;13125;Berlin;;63
10077777;;NORSDE51XXX;norisbank;10625;Berlin;;63
10080000;;DRESDEFF100;Commerzbank vormals Dresdner Bank Filiale Berlin I;10877;Berlin;;76
10080005;;DRESDEFFI26;Commerzbank vormals Dresdner Bank Zw A;10623;Berlin;;76
10080006;;DRESDEFFXXX;Commerzbank vormals Dresdner Bank Zw B;10623;Berlin;;76
10080055;;DRESDEFF112;Commerzbank vormals Dresdner Bank Zw 55;10623;Berlin;;76
10080057;;DRESDEFF114;Commerzbank vormals Dresdner Bank Gf ZW 57;10877;Berlin;;76
10080085;;DRESDEFFI53;Commerzbank vormals Dresdner Bank Gf PCC DCC-ITGK 3;10877;Berlin;;09
10080086;;DRESDEFFI71;Commerzbank vormals Dresdner Bank, PCC DCC-ITGK 4;10877;Berlin;;09
10080087;;DRESDEFFI72;Commerzbank vormals Dresdner Bank, PCC DCC-ITGK 5;10877;Berlin;;09
10080088;;DRESDEFFXXX;Commerzbank vormals Dresdner Bank IBLZ;10623;Berlin;;76
10080089;;DRESDEFFI73;Commerzbank vormals Dresdner Bank, PCC DCC-ITGK 6;10877;Berlin;;09
10080900;;DRESDEFF199;Commerzbank vormals Dresdner Bank Filiale Berlin III;10877;Berlin;;76
10089260;;DRESDEFFI14;Commerzbank vormals Dresdner Bank ITGK;10877;Berlin;;09
10089999;;DRESDEFFI99;Commerzbank vormals Dresdner Bank ITGK 2;10117;Berlin;;09
10090000;;BEVODEBBXXX;Berliner Volksbank;10892;Berlin;;06
10090300;;GENODEF1BSB;Bank für Schiffahrt (BFS) Fil d Ostfr VB Leer;13353;Berlin;;09
10090900;;GENODEF1P01;PSD Bank Berlin-Brandenburg -alt-;12154;Berlin;;91
10110300;;MACODEB1XXX;Westend Bank;60599;Frankfurt am Main;;09
10110400;;IBBBDEBBXXX;Investitionsbank Berlin;10702;Berlin;;09
10110600;;QUBKDEBBXXX;Quirin Privatbank;10711;Berlin;;17
10120100;;WELADED1WBB;Weberbank;10893;Berlin;;94
10130600;;ISBKDEFXXXX;Isbank Fil Berlin;13353;Berlin;;06
10130800;;BIWBDE33XXX;flatexDEGIRO Bank;60312;Frankfurt am Main;;01
10220500;;BOFSDEB1XXX;Lloyds Bank;10178;Berlin;;00
10220600;;SYBKDE22BER;AL Sydbank Filiale Berlin;24937;Flensburg;;19
10310600;;TRDADEB1PBK;Tradegate Berlin;10711;Berlin;;09
10310666;;TRDADEBBDIR;Tradegate, GF DIR;10711;Berlin;;09
10320700;;MPAYDEB2XXX;MANGOPAY German Branch;10719;Berlin;;09
11010100;;SOBKDEBBXXX;Solaris;10997;Berlin;;09
11010101;;SOBKDEB2XXX;Solaris;10997;Berlin;;09
11010111;;PNTADEBBXXX;Solaris;10997;Berlin;;09
12016836;;KFWIDEF2XXX;KfW Berlin;10117;Berlin;;09
12030000;;BYLADEM1001;Deutsche Kreditbank Berlin;10117;Berlin;;00
12030030;;BYLADEM1001;Deutsche Kreditbank (Gf WP);10117;Berlin;;00
12030900;;MEFIDEMM100;Merck Finck A Quintet Private Bank;10719;Berlin;;10
12040000;;COBADEBB120;Commerzbank Filiale Berlin 2;10891;Berlin;;13
12050555;;NOLADE21DVS;ZVA Norddeutsche Landesbank Gf SA;30151;Hannover;;09
12060000;;GENODEFF120;DZ BANK;10001;Berlin;;09
12070000;;DEUTDEBB160;Deutsche Bank;14405;Potsdam;;63
12070024;;DEUTDEDB160;Deutsche Bank;14405;Potsdam;;63
12070070;;DEUTDEFFVAC;Deutsche Bank;14405;Potsdam;;09
12070088;;DEUTDEDBPAL;Deutsche Bank;14405;Potsdam;;09
12070400;;DEUTDEBBP33;Postbank/DSL Ndl der Deutsche Bank;03046;Cottbus;;63
12070424;;DEUTDEDBP33;Postbank/DSL Ndl der Deutsche Bank;03046;Cottbus;;63
12080000;;DRESDEFF120;Commerzbank vormals Dresdner Bank Filiale Berlin II;10623;Berlin;;76
12096597;;GENODEF1S10;Sparda-Bank Berlin;10117;Berlin;;A8
13000000;;MARKDEF1130;Bundesbank;18004;Rostock;;09
13040000;;COBADEFFXXX;Commerzbank;18006;Rostock;;13
13050000;;NOLADE21ROS;Ostseesparkasse Rostock;18004;Rostock;;20
13051042;;NOLADE21RUE;Sparkasse Vorpommern auf Rügen;18525;Bergen auf Rügen;;C0
13061008;;GENODEF1WOG;Volksbank Wolgast -alt-;17438;Wolgast;;32
13061078;;GENODEF1HWI;Volks- und Raiffeisenbank;23952;Wismar;;32
13061088;;GENODEF1HWR;Raiffeisenbank Wismar -alt-;23952;Wismar;;32
13061128;;GENODEF1DBR;Raiffeisenbank;18209;Bad Doberan;;32
13070000;;DEUTDEBRXXX;Deutsche Bank;18002;Rostock;;63
13070024;;DEUTDEDBROS;Deutsche Bank;18002;Rostock;;63
13070405;;DEUTDEBBP35;Postbank/DSL Ndl der Deutsche Bank;19053;Schwerin;;63
13070424;;DEUTDEDBP35;Postbank/DSL Ndl der Deutsche Bank;19053;Schwerin;;63
13080000;;DRESDEFF130;Commerzbank vormals Dresdner Bank;18010;Rostock;;76
13090000;;GENODEF1HR1;Rostocker Volks- und Raiffeisenbank -alt-;18003;Rostock;;32
13091054;;GENODEF1HST;Volksbank Vorpommern;18439;Stralsund;;32
13091084;;GENODEF1HWV;Volksbank Wismar -alt-;23952;Wismar;;06
14040000;;COBADEFFXXX;Commerzbank;19055;Schwerin;;13
14051000;;NOLADE21WIS;Sparkasse Mecklenburg-Nordwest;23951;Wismar;;20
14051362;;NOLADE21PCH;Sparkasse Parchim-Lübz;19370;Parchim;;20
14051462;;NOLADE21SNS;Sparkasse Schwerin -alt-;19053;Schwerin;;C0
14052000;;NOLADE21LWL;Sparkasse Mecklenburg-Schwerin;19053;Schwerin;;20
14061308;;GENODEF1GUE;VR Bank Mecklenburg;18055;Rostock;;32
14061438;;GENODEF1GDB;Raiffeisen-Volksbank -alt-;19205;Gadebusch;;32
14080000;;DRESDEFF140;Commerzbank vormals Dresdner Bank;19006;Schwerin;;76
14080011;;DRESDEFFI27;Commerzbank vormals Dresdner Bank Zw W;19006;Schwerin;;76
14091464;;GENODEF1SN1;VR-Bank -alt-;19055;Schwerin;;32
15000000;;MARKDEF1150;Bundesbank;17020;Neubrandenburg;;09
15040068;;COBADEFFXXX;Commerzbank;17019;Neubrandenburg;;13
15050100;;NOLADE21WRN;Müritz-Sparkasse;17192;Waren (Müritz);;20
15050200;;NOLADE21NBS;Sparkasse Neubrandenburg-Demmin;17041;Neubrandenburg;;20
15050400;;NOLADE21PSW;Sparkasse Uecker-Randow;17309;Pasewalk;;20
15050500;;NOLADE21GRW;Sparkasse Vorpommern;17462;Greifswald;;20
15051732;;NOLADE21MST;Sparkasse Mecklenburg-Strelitz;17235;Neustrelitz;;C0
15061618;;GENODEF1WRN;Raiffeisenbank Mecklenburger Seenplatte;17192;Waren (Müritz);;32
15061638;;GENODEF1ANK;Volksbank Vorpommern -alt-;17489;Greifswald;;32
15061698;;GENODEF1MAL;Raiffeisenbank Malchin -alt-;17131;Malchin;;32
15080000;;DRESDEFF150;Commerzbank vormals Dresdner Bank;17033;Neubrandenburg;;76
15091674;;GENODEF1DM1;Volksbank Demmin;17109;Demmin, Hansestadt;;06
15091704;;GENODEF1PZ1;VR-Bank Uckermark-Randow;17291;Prenzlau;;06
16010300;;ILBXDE8XXXX;Investitionsbank des Landes Brandenburg;14473;Potsdam;;09
16020086;;HYVEDEMM470;UniCredit Bank - HypoVereinsbank;14467;Potsdam;;99
16040000;;COBADEFFXXX;Commerzbank;14402;Potsdam;;13
16050000;;WELADED1PMB;Mittelbrandenburgische Sparkasse in Potsdam;14459;Potsdam;;20
16050101;;WELADED1PRP;Sparkasse Prignitz;16928;Pritzwalk;;20
16050202;;WELADED1OPR;Sparkasse Ostprignitz-Ruppin;16816;Neuruppin;;20
16050500;;LBSODEB1XXX;LBS Landesbausparkasse NordOst;14463;Potsdam;;09
16060122;;GENODEF1PER;Volks- und Raiffeisenbank Prignitz;19348;Perleberg;;32
16061938;;GENODEF1NPP;Raiffeisenbank Ostprignitz-Ruppin;16803;Neuruppin;;32
16062008;;GENODEF1LUK;VR-Bank Fläming-Elsterland;14943;Luckenwalde;;28
16062073;;GENODEF1BRB;Brandenburger Bank;14770;Brandenburg an der Havel;;32
16080000;;DRESDEFF160;Commerzbank vormals Dresdner Bank;14467;Potsdam;;76
16091994;;GENODEF1RN1;Volksbank Rathenow;14712;Rathenow;;32
17020086;;HYVEDEMM471;UniCredit Bank - HypoVereinsbank;15230;Frankfurt (Oder);;99
17040000;;COBADEFFXXX;Commerzbank;15230;Frankfurt (Oder);;13
17052000;;WELADED1GZE;Sparkasse Barnim;16204;Eberswalde;;20
17052302;;WELADED1UMX;Stadtsparkasse Schwedt;16303;Schwedt/Oder;;C0
17054040;;WELADED1MOL;Kreissparkasse Märkisch-Oderland;15344;Strausberg;;20
17055050;;WELADED1LOS;Sparkasse Oder-Spree;15203;Frankfurt (Oder);;20
17056060;;WELADED1UMP;Sparkasse Uckermark;17291;Prenzlau;;20
17062428;;GENODEF1BKW;Raiffeisenbank-Volksbank Oder-Spree;15848;Beeskow;;32
17080000;;DRESDEFF170;Commerzbank vormals Dresdner Bank;15205;Frankfurt (Oder);;76
17092404;;GENODEF1FW1;VR Bank Fürstenwalde Seelow Wriezen;15501;Fürstenwalde/Spree;;32
18020086;;HYVEDEMM472;UniCredit Bank - HypoVereinsbank;03046;Cottbus;;99
18040000;;COBADEFFXXX;Commerzbank;03003;Cottbus;;13
18050000;;WELADED1CBN;Sparkasse Spree-Neiße;03006;Cottbus;;20
18051000;;WELADED1EES;Sparkasse Elbe-Elster;03231;Finsterwalde;;20
18055000;;WELADED1OSL;Sparkasse Niederlausitz;01957;Senftenberg;;20
18062678;;GENODEF1FWA;VR Bank Lausitz;03044;Cottbus;;32
18062758;;GENODEF1FOR;VR Bank Forst -alt-;03149;Forst (Lausitz);;32
18080000;;DRESDEFF180;Commerzbank vormals Dresdner Bank;03003;Cottbus;;76
18092684;;GENODEF1LN1;Spreewaldbank;15907;Lübben (Spreewald);;32
18092744;;GENODEF1SPM;Volksbank Spree-Neiße;03130;Spremberg;;32
20000000;;MARKDEF1200;Bundesbank;22772;Hamburg;;09
20010020;;PBNKDEFFXXX;Postbank Ndl der Deutsche Bank;22280;Hamburg;;24
20010424;;AARBDE5W200;Aareal Bank ehem. Filiale Hamburg;65189;Wiesbaden;;09
20020200;;ESSEDEFFHAM;Skandinaviska Enskilda Banken (publ) Hamburg Branch;60313;Frankfurt am Main;;09
20020500;;JYBADEHHXXX;Jyske Bank Fil Hamburg;20095;Hamburg;;09
20020900;;SIBSDEHHXXX;Signal Iduna Bauspar;20351;Hamburg;;09
20030000;;HYVEDEMM300;UniCredit Bank - HypoVereinsbank;20454;Hamburg;;68
20030133;;VGAGDEHHXXX;Ascory Bank;22767;Hamburg;;10
20030300;;CHDBDEHHXXX;DONNER & REUSCHEL;20095;Hamburg;;09
20030301;;CHDBDEHHXXX;Donner + Reuschel GF NL LUX;20095;Hamburg;;09
20030400;;MCRDDEHHXXX;Marcard, Stein & Co Bankiers;20095;Hamburg;;C3
20030600;;SYBKDE22HAM;AL Sydbank Fil Hamburg;20457;Hamburg;;19
20030700;;MEFIDEMM200;Merck Finck A Quintet Private Bank;20312;Hamburg;;10
20040000;;COBADEHHXXX;Commerzbank;20454;Hamburg;;13
20040005;;COBADEHHXXX;Commerzbank, Filiale Hamburg 2;20454;Hamburg;;13
20040020;;COBADEFFXXX;Commerzbank, CC SP;20349;Hamburg;;09
20040040;;COBADEFFXXX;Commerzbank GF RME;20454;Hamburg;;13
20040048;;COBADEFFXXX;Commerzbank GF-H48;20454;Hamburg;;13
20040050;;COBADEFFXXX;Commerzbank GF COC;20457;Hamburg;;13
20040060;;COBADEFFXXX;Commerzbank Gf 260;20454;Hamburg;;09
20040061;;COBADEFFXXX;Commerzbank Gf 261;20454;Hamburg;;09
20040062;;COBADEFFXXX;Commerzbank CC;20457;Hamburg;;09
20040063;;COBADEFFXXX;Commerzbank CC;20457;Hamburg;;09
20041111;;COBADEHDXXX;Commerzbank - GF comdirect;25449;Quickborn;;13
20041133;;COBADEHD001;Commerzbank - GF comdirect;25449;Quickborn;;13
20041144;;COBADEHD044;Commerzbank - GF comdirect;25449;Quickborn;;13
20041155;;COBADEHD055;Commerzbank - GF comdirect;25449;Quickborn;;13
20041166;;COBADEHD066;Commerzbank - GF comdirect;25449;Quickborn;;13
20041177;;COBADEHD077;Commerzbank - GF comdirect;25449;Quickborn;;13
20041188;;COBADEHD088;Commerzbank - GF comdirect;25449;Quickborn;;13
20041199;;COBADEHD099;Commerzbank - GF comdirect;25449;Quickborn;;13
20050550;;HASPDEHHXXX;Hamburger Sparkasse;20354;Hamburg;;00
20060000;;GENODEFF200;DZ BANK;20045;Hamburg;;09
20069111;;GENODEF1NDR;Norderstedter Bank -alt-;22827;Norderstedt;;32
20069125;;GENODEF1KLK;Kaltenkirchener Bank -alt-;24568;Kaltenkirchen;;33
20069130;;GENODEF1BBR;Raiffeisenbank -alt-;24571;Bad Bramstedt;;32
20069144;;GENODEF1SST;Raiffeisenbank;25371;Seestermühe;;33
20069177;;GENODEF1GRS;Raiffeisenbank;19230;Hagenow;;32
20069232;;GENODEF1STV;Raiffeisenbank -alt-;24643;Struvenhütten;;33
20069641;;GENODEF1OWS;Raiffeisenbank Owschlag;24811;Owschlag;;33
20069780;;GENODEF1AST;Volksbank Ahlerstedt;21702;Ahlerstedt;;28
20069782;;GENODEF1APE;Volksbank Geest;21641;Apensen;;28
20069786;;GENODEF1DRO;Volksbank Kehdingen Zndl. der Ostfriesischen Volksbank;21703;Drochtersen;;28
20069800;;GENODEF1HAA;Spar- und Kreditbank;21714;Hammah;;28
20069812;;GENODEF1FRB;Volksbank Fredenbeck;21717;Fredenbeck;;28
20069815;;GENODEF1815;Volksbank;21724;Oldendorf;;28
20069861;;GENODEF1RRZ;Raiffeisenbank -alt-;23909;Ratzeburg;;33
20069882;;GENODEF1RLT;Raiffeisenbank Travemünde -alt-;23570;Lübeck;;33
20069965;;GENODEF1WIM;Volksbank Winsener Marsch;21436;Marschacht;;28
20069989;;GENODEF1WUL;Volksbank Wulfsen -alt-;21445;Wulfsen;;28
20070000;;DEUTDEHHXXX;Deutsche Bank;20079;Hamburg;;63
20070024;;DEUTDEDBHAM;Deutsche Bank;20079;Hamburg;;63
20070404;;DEUTDEHHP34;Postbank/DSL Ndl der Deutsche Bank;20095;Hamburg;;63
20070424;;DEUTDEDBP34;Postbank/DSL Ndl der Deutsche Bank;20095;Hamburg;;63
20080000;;DRESDEFF200;Commerzbank vormals Dresdner Bank;20349;Hamburg;;76
20080055;;DRESDEFF207;Commerzbank vormals Dresdner Bank Zw 55;20349;Hamburg;;76
20080057;;DRESDEFF208;Commerzbank vormals Dresdner Bank Gf ZW 57;20349;Hamburg;;76
20080085;;DRESDEFFI56;Commerzbank vormals Dresdner Bank Gf PCC DCC-ITGK 2;20349;Hamburg;;09
20080086;;DRESDEFFI63;Commerzbank vormals Dresdner Bank, PCC DCC-ITGK 3;20349;Hamburg;;09
20080087;;DRESDEFFI64;Commerzbank vormals Dresdner Bank, PCC DCC-ITGK 4;20349;Hamburg;;09
20080088;;DRESDEFFI74;Commerzbank vormals Dresdner Bank, PCC DCC-ITGK 5;20349;Hamburg;;09
20080089;;DRESDEFFI75;Commerzbank vormals Dresdner Bank, PCC DCC-ITGK 6;20349;Hamburg;;09
20080091;;DRESDEFFJ33;Commerzbank vormals Dresdner Bank, PCC DCC-ITGK 7;20349;Hamburg;;09
20080092;;DRESDEFFJ34;Commerzbank vormals Dresdner Bank, PCC DCC-ITGK 8;20349;Hamburg;;09
20080093;;DRESDEFFJ35;Commerzbank vormals Dresdner Bank, PCC DCC-ITGK 9;20349;Hamburg;;09
20080094;;DRESDEFFJ36;Commerzbank vormals Dresdner Bank, PCC DCC-ITGK 10;20349;Hamburg;;09
20080095;;DRESDEFFJ37;Commerzbank vormals Dresdner Bank, PCC DCC-ITGK 11;20349;Hamburg;;09
20089200;;DRESDEFFI06;Commerzbank vormals Dresdner Bank ITGK;20349;Hamburg;;09
20090400;;DGHYDEH1XXX;DZ HYP;20095;Hamburg;;09
20090700;;EDEKDEHHXXX;Edekabank;22297;Hamburg;;50
20090745;;EDEKDEHHXXX;EBANK Gf Cash;22297;Hamburg;;50
20090900;;GENODEF1P08;PSD Bank Nord;22013;Hamburg;;91
20110022;;PBNKDEFFXXX;Postbank Ndl der Deutsche Bank;22283;Hamburg;;09
20110700;;BOTKDEH1XXX;MUFG Bank (Europe) Germany Branch;40040;Düsseldorf;;09
20110800;;BKCHDEFFHMB;Bank of China Fil Hamburg;20095;Hamburg;;09
20120000;;BEGODEHHXXX;Joh. Berenberg, Gossler & Co;22297;Hamburg;;00
20120100;;WBWCDEHHXXX;M.M. Warburg & CO;20095;Hamburg;;09
20120200;;BHFBDEFF200;ODDO BHF;20095;Hamburg;;60
20120400;;DRBKDEH1XXX;start:bausparkasse;22756;Hamburg;;E0
20120520;;BFSWDE33HAN;SozialBank;22297;Hamburg;;09
20120600;;GOGODEH1XXX;Goyer & Göppel;20354;Hamburg;;09
20120700;;HSTBDEHHXXX;Hanseatic Bank;22309;Hamburg;;16
20130400;;GREBDEH1XXX;GRENKE BANK;76532;Baden-Baden;;00
20130600;;BARCDEHAXXX;BAWAG Niederlassung Deutschland;22761;Hamburg;;09
20133300;;SCFBDE33XXX;Openbank Deutschland;41061;Mönchengladbach;;09
20190003;;GENODEF1HH2;Hamburger Volksbank;20097;Hamburg;;10
20190077;;GENODEF1HH2;Hamburger Volksbank (Gf GAA);20097;Hamburg;;10
20190109;;GENODEF1HH4;Volksbank Raiffeisenbank;25524;Itzehoe;;48
20190206;;GENODEF1HH1;Volksbank Hamburg Ost-West -alt-;20019;Hamburg;;10
20190301;;GENODEF1HH3;Vierländer Volksbank -alt-;21037;Hamburg;;10
20190800;;GENODEF1MKB;MKB Mittelstandskreditbank;22547;Hamburg;;28
20210200;;MELIDEHHXXX;Bank Melli Iran;20421;Hamburg;;19
20210300;;SIHRDEH1HAM;Bank Saderat Iran;20422;Hamburg;;09
20220100;;DNBADEHXXXX;DNB Bank ASA - Filiale Deutschland;20354;Hamburg;;09
20220800;;SXPYDEHHXXX;Banking Circle - German Branch;80333;München;;09
20230300;;OSCBDEH1XXX;Otto M. Schröder Bank;20355;Hamburg;;09
20230600;;ISBKDEFXXXX;Isbank Berlin;13353;Berlin;;06
20230800;;MHSBDEHBXXX;Sutor Bank;20433;Hamburg;;09
20310300;;EIHBDEHHXXX;Europäisch-Iranische Handelsbank;20095;Hamburg;;09
20690500;;GENODEF1S11;Sparda-Bank Hamburg;22704;Hamburg;;09
20730001;;HYVEDEMME01;UniCredit Bank - HVB Settlement EAC01;21050;Hamburg;;09
20730002;;HYVEDEMME02;UniCredit Bank - HVB Settlement EAC02;21050;Hamburg;;09
20730003;;HYVEDEMME03;UniCredit Bank - HVB Settlement EAC03;21050;Hamburg;;09
20730004;;HYVEDEMME04;UniCredit Bank - HVB Settlement EAC04;21050;Hamburg;;09
20730005;;HYVEDEMME05;UniCredit Bank - HVB Settlement EAC05;21050;Hamburg;;09
20730006;;HYVEDEMME06;UniCredit Bank - HVB Settlement EAC06;21050;Hamburg;;09
20730007;;HYVEDEMME07;UniCredit Bank - HVB Settlement EAC07;21050;Hamburg;;09
20730008;;HYVEDEMME08;UniCredit Bank - HVB Settlement EAC08;21050;Hamburg;;09
20730009;;HYVEDEMME09;UniCredit Bank - HVB Settlement EAC09;21050;Hamburg;;09
20730010;;HYVEDEMME10;UniCredit Bank - HVB Settlement EAC10;21050;Hamburg;;09
20730011;;HYVEDEMME11;UniCredit Bank - HVB Settlement EAC11;21050;Hamburg;;09
20730012;;HYVEDEMME12;UniCredit Bank - HVB Settlement EAC12;21050;Hamburg;;09
20730013;;HYVEDEMME13;UniCredit Bank - HVB Settlement EAC13;21050;Hamburg;;09
20730014;;HYVEDEMME14;UniCredit Bank - HVB Settlement EAC14;21050;Hamburg;;09
20730015;;HYVEDEMME15;UniCredit Bank - HVB Settlement EAC15;21050;Hamburg;;09
20730016;;HYVEDEMME16;UniCredit Bank - HVB Settlement EAC16;21050;Hamburg;;09
20730017;;HYVEDEMME17;UniCredit Bank - HVB Settlement EAC17;21050;Hamburg;;09
20730018;;HYVEDEMME18;UniCredit Bank - HVB Settlement EAC18;21050;Hamburg;;09
20730019;;HYVEDEMME19;UniCredit Bank - HVB Settlement EAC19;21050;Hamburg;;09
20730020;;HYVEDEMME20;UniCredit Bank - HVB Settlement EAC20;21050;Hamburg;;09
20730021;;HYVEDEMME21;UniCredit Bank - HVB Settlement EAC21;21050;Hamburg;;09
20730022;;HYVEDEMME22;UniCredit Bank - HVB Settlement EAC22;21050;Hamburg;;09
20730023;;HYVEDEMME23;UniCredit Bank - HVB Settlement EAC23;21050;Hamburg;;99
20730024;;HYVEDEMME24;UniCredit Bank - HVB Settlement EAC24;21050;Hamburg;;09
20730025;;HYVEDEMME25;UniCredit Bank - HVB Settlement EAC25;21050;Hamburg;;09
20730026;;HYVEDEMME26;UniCredit Bank - HVB Settlement EAC26;21050;Hamburg;;09
20730027;;HYVEDEMME27;UniCredit Bank - HVB Settlement EAC27;21050;Hamburg;;09
20730028;;HYVEDEMME28;UniCredit Bank - HVB Settlement EAC28;21050;Hamburg;;09
20730029;;HYVEDEMME29;UniCredit Bank - HVB Settlement EAC29;21050;Hamburg;;09
20730030;;HYVEDEMME30;UniCredit Bank - HVB Settlement EAC30;21050;Hamburg;;09
20730031;;HYVEDEMME31;UniCredit Bank - HVB Settlement EAC31;21050;Hamburg;;09
20730032;;HYVEDEMME32;UniCredit Bank - HVB Settlement EAC32;21050;Hamburg;;09
20730033;;HYVEDEMME33;UniCredit Bank - HVB Settlement EAC33;21050;Hamburg;;09
20730034;;HYVEDEMME34;UniCredit Bank - HVB Settlement EAC34;21050;Hamburg;;09
20730035;;HYVEDEMME35;UniCredit Bank - HVB Settlement EAC35;21050;Hamburg;;09
20730036;;HYVEDEMME36;UniCredit Bank - HVB Settlement EAC36;21050;Hamburg;;09
20730037;;HYVEDEMME37;UniCredit Bank - HVB Settlement EAC37;21050;Hamburg;;09
20730038;;HYVEDEMME38;UniCredit Bank - HVB Settlement EAC38;21050;Hamburg;;09
20730039;;HYVEDEMME39;UniCredit Bank - HVB Settlement EAC39;21050;Hamburg;;09
20730040;;HYVEDEMME40;UniCredit Bank - HVB Settlement EAC40;21050;Hamburg;;09
20730041;;HYVEDEMME41;UniCredit Bank - HVB Settlement EAC41;21050;Hamburg;;09
20730042;;HYVEDEMME42;UniCredit Bank - HVB Settlement EAC42;21050;Hamburg;;09
20730043;;HYVEDEMME43;UniCredit Bank - HVB Settlement EAC43;21050;Hamburg;;09
20730044;;HYVEDEMME44;UniCredit Bank - HVB Settlement EAC44;21050;Hamburg;;09
20730045;;HYVEDEMME45;UniCredit Bank - HVB Settlement EAC45;21050;Hamburg;;09
20730046;;HYVEDEMME46;UniCredit Bank - HVB Settlement EAC46;21050;Hamburg;;09
20730047;;HYVEDEMME47;UniCredit Bank - HVB Settlement EAC47;21050;Hamburg;;09
20730048;;HYVEDEMME48;UniCredit Bank - HVB Settlement EAC48;21050;Hamburg;;09
20730049;;HYVEDEMME49;UniCredit Bank - HVB Settlement EAC49;21050;Hamburg;;09
20730050;;HYVEDEMME50;UniCredit Bank - HVB Settlement EAC50;21050;Hamburg;;09
20730052;;HYVEDEMME52;UniCredit Bank - HVB Settlement EAC52;21050;Hamburg;;09
20730055;;HYVEDEMME55;UniCredit Bank - HVB Settlement EAC55;21050;Hamburg;;09
20730056;;HYVEDEMME56;UniCredit Bank - HVB Settlement EAC56;21050;Hamburg;;09
20730057;;HYVEDEMME57;UniCredit Bank - HVB Settlement EAC57;21050;Hamburg;;09
20730058;;HYVEDEMME58;UniCredit Bank - HVB Settlement EAC58;21050;Hamburg;;09
20730059;;HYVEDEMME59;UniCredit Bank - HVB Settlement EAC59;21050;Hamburg;;09
20730060;;HYVEDEMME60;UniCredit Bank - HVB Settlement EAC60;21050;Hamburg;;09
20730061;;HYVEDEMME61;UniCredit Bank - HVB Settlement EAC61;21050;Hamburg;;09
20730062;;HYVEDEMME62;UniCredit Bank - HVB Settlement EAC62;21050;Hamburg;;09
20730063;;HYVEDEMME63;UniCredit Bank - HVB Settlement EAC63;21050;Hamburg;;09
20730064;;HYVEDEMME64;UniCredit Bank - HVB Settlement EAC64;21050;Hamburg;;09
20730065;;HYVEDEMME65;UniCredit Bank - HVB Settlement EAC65;21050;Hamburg;;09
20730066;;HYVEDEMME66;UniCredit Bank - HVB Settlement EAC66;21050;Hamburg;;09
20730067;;HYVEDEMME67;UniCredit Bank - HVB Settlement EAC67;21050;Hamburg;;09
20730068;;HYVEDEMME68;UniCredit Bank - HVB Settlement EAC68;21050;Hamburg;;09
20730069;;HYVEDEMME69;UniCredit Bank - HVB Settlement EAC69;21050;Hamburg;;09
20730070;;HYVEDEMME70;UniCredit Bank - HVB Settlement EAC70;21050;Hamburg;;09
20730071;;HYVEDEMME71;UniCredit Bank - HVB Settlement EAC71;21050;Hamburg;;09
20730072;;HYVEDEMME72;UniCredit Bank - HVB Settlement EAC72;21050;Hamburg;;09
20730073;;HYVEDEMME73;UniCredit Bank - HVB Settlement EAC73;21050;Hamburg;;09
20730074;;HYVEDEMME74;UniCredit Bank - HVB Settlement EAC74;21050;Hamburg;;09
20730075;;HYVEDEMME75;UniCredit Bank - HVB Settlement EAC75;21050;Hamburg;;09
20730076;;HYVEDEMME76;UniCredit Bank - HVB Settlement EAC76;21050;Hamburg;;09
20730077;;HYVEDEMME77;UniCredit Bank - HVB Settlement EAC77;21050;Hamburg;;09
20730078;;HYVEDEMME78;UniCredit Bank - HVB Settlement EAC78;21050;Hamburg;;09
20730079;;HYVEDEMME79;UniCredit Bank - HVB Settlement EAC79;21050;Hamburg;;09
20730080;;HYVEDEMME80;UniCredit Bank - HVB Settlement EAC80;21050;Hamburg;;09
20730081;;HYVEDEMME81;UniCredit Bank - HVB Settlement EAC81;21050;Hamburg;;09
20730082;;HYVEDEMME82;UniCredit Bank - HVB Settlement EAC82;21050;Hamburg;;09
20730083;;HYVEDEMME83;UniCredit Bank - HVB Settlement EAC83;21050;Hamburg;;09
20730084;;HYVEDEMME84;UniCredit Bank - HVB Settlement EAC84;21050;Hamburg;;09
20730085;;HYVEDEMME85;UniCredit Bank - HVB Settlement EAC85;21050;Hamburg;;09
20730086;;HYVEDEMME86;UniCredit Bank - HVB Settlement EAC86;21050;Hamburg;;09
20730087;;HYVEDEMME87;UniCredit Bank - HVB Settlement EAC87;21050;Hamburg;;09
20730088;;HYVEDEMME88;UniCredit Bank - HVB Settlement EAC88;21050;Hamburg;;09
20730089;;HYVEDEMME89;UniCredit Bank - HVB Settlement EAC89;21050;Hamburg;;09
20730090;;HYVEDEMME90;UniCredit Bank - HVB Settlement EAC90;21050;Hamburg;;09
20730091;;HYVEDEMME91;UniCredit Bank - HVB Settlement EAC91;21050;Hamburg;;09
20730092;;HYVEDEMME92;UniCredit Bank - HVB Settlement EAC92;21050;Hamburg;;09
20730093;;HYVEDEMME93;UniCredit Bank - HVB Settlement EAC93;21050;Hamburg;;09
20730094;;HYVEDEMME94;UniCredit Bank - HVB Settlement EAC94;21050;Hamburg;;09
20730095;;HYVEDEMME95;UniCredit Bank - HVB Settlement EAC95;21050;Hamburg;;09
20730096;;HYVEDEMME96;UniCredit Bank - HVB Settlement EAC96;21050;Hamburg;;09
20730097;;HYVEDEMME97;UniCredit Bank - HVB Settlement EAC97;21050;Hamburg;;09
20730098;;HYVEDEMME98;UniCredit Bank - HVB Settlement EAC98;21050;Hamburg;;09
20730099;;HYVEDEMME99;UniCredit Bank - HVB Settlement EAC99;21050;Hamburg;;09
20750000;;NOLADE21HAM;Sparkasse Harburg-Buxtehude;21045;Hamburg;;00
21020600;;SYBKDE22KIE;AL Sydbank Filiale Kiel;24103;Kiel;;19
21040010;;COBADEFFXXX;Commerzbank;24100;Kiel;;13
21042076;;COBADEFFXXX;Commerzbank;24331;Eckernförde;;13
21050000;;HSHNDEHHXXX;Hamburg Commercial Bank;20095;Hamburg;;C5
21050055;;HHDBDEH2XXX;Hamburg Commercial Bank, Gf Hamburg Direct Bank;20095;Hamburg;;09
21050170;;NOLADE21KIE;Förde Sparkasse;24103;Kiel;;74
21051275;;NOLADE21BOR;Bordesholmer Sparkasse;24582;Bordesholm;;A2
21051580;;NOLADE21PLN;Sparkasse Kreis Plön -alt-;24306;Plön;;00
21052090;;NOLADE21ECK;Sparkasse Eckernförde -alt-;24340;Eckernförde;;00
21070020;;DEUTDEHH210;Deutsche Bank;24011;Kiel;;63
21070024;;DEUTDEDB210;Deutsche Bank;24011;Kiel;;63
21080050;;DRESDEFF210;Commerzbank vormals Dresdner Bank;24018;Kiel;;76
21089201;;DRESDEFFI07;Commerzbank vormals Dresdner Bank ITGK;24018;Kiel;;09
21090007;;GENODEF1KIL;Kieler Volksbank;24027;Kiel;;10
21090099;;GENODEF1KIL;Kieler Volksbank (Gf GAA);24027;Kiel;;10
21090900;;GENODEF1P11;PSD Bank Kiel -alt-;24103;Kiel;;91
21092023;;GENODEF1EFO;Eckernförder Bank Volksbank-Raiffeisenbank;24331;Eckernförde;;48
21240040;;COBADEFFXXX;Commerzbank;24503;Neumünster;;13
21241540;;COBADEFFXXX;Commerzbank;24571;Bad Bramstedt;;13
21270020;;DEUTDEHH212;Deutsche Bank;24504;Neumünster;;63
21270024;;DEUTDEDB212;Deutsche Bank;24504;Neumünster;;63
21280002;;DRESDEFF212;Commerzbank vormals Dresdner Bank;24504;Neumünster;;76
21290016;;GENODEF1NMS;VR Bank Neumünster -alt-;24517;Neumünster;;48
21340010;;COBADEFFXXX;Commerzbank;23722;Neustadt in Holstein;;13
21352240;;NOLADE21HOL;Sparkasse Holstein;23692;Eutin;;A7
21390008;;GENODEF1NSH;VR Bank zwischen den Meeren;24534;Neumünster;;32
21392218;;GENODEF1EUT;Volksbank Eutin Raiffeisenbank;23693;Eutin;;33
21440045;;COBADEFFXXX;Commerzbank;24768;Rendsburg;;13
21450000;;NOLADE21RDB;Sparkasse Mittelholstein;24768;Rendsburg;;C2
21451205;;NOLADE21BDF;Sparkasse Büdelsdorf -alt-;24782;Büdelsdorf;;00
21452030;;NOLADE21HWS;Sparkasse Hohenwestedt -alt-;24594;Hohenwestedt;;A2
21463603;;GENODEF1NTO;Volksbank-Raiffeisenbank im Kreis Rendsburg -alt-;24783;Osterrönfeld;;32
21464671;;GENODEF1TOB;Raiffeisenbank;24819;Todenbüttel;;33
21480003;;DRESDEFF214;Commerzbank vormals Dresdner Bank;24757;Rendsburg;;76
21510600;;SYBKDE22XXX;AL Sydbank Filiale Flensburg;24937;Flensburg;;19
21520100;;UNBNDE21XXX;Union-Bank Flensburg;24937;Flensburg;;06
21540060;;COBADEFFXXX;Commerzbank;24903;Flensburg;;13
21565316;;GENODEF1HDW;Raiffeisenbank -alt-;24983;Handewitt;;33
21570011;;DEUTDEHH215;Deutsche Bank;24904;Flensburg;;63
21570024;;DEUTDEDB215;Deutsche Bank;24904;Flensburg;;63
21570202;;DEUTDEHHP01;Postbank/DSL Ndl der Deutsche Bank;24937;Flensburg;;63
21570224;;DEUTDEDBP01;Postbank/DSL Ndl der Deutsche Bank;24937;Flensburg;;63
21580000;;DRESDEFF215;Commerzbank vormals Dresdner Bank;24904;Flensburg;;76
21661719;;GENODEF1RSL;VR Bank Flensburg-Schleswig -alt-;24837;Schleswig;;32
21690020;;GENODEF1SLW;VR Bank Schleswig-Mittelholstein -alt-;24783;Osterrönfeld;;32
21740043;;COBADEFFXXX;Commerzbank;25801;Husum;;13
21741674;;COBADEFFXXX;Commerzbank;25899;Niebüll;;13
21741825;;COBADEFFXXX;Commerzbank;25961;Sylt;;13
21750000;;NOLADE21NOS;Nord-Ostsee Sparkasse;24837;Schleswig;;C8
21751230;;NOLADE21BRD;Spar- und Leihkasse zu Bredstedt -alt-;25821;Bredstedt;;00
21762550;;GENODEF1HUM;VR Bank Schleswig-Holstein Mitte;24783;Osterrönfeld;;32
21763542;;GENODEF1BDS;VR Bank Nord;24937;Flensburg;;32
21770011;;DEUTDEHH217;Deutsche Bank;25801;Husum;;63
21770024;;DEUTDEDB217;Deutsche Bank;25801;Husum;;63
21791805;;GENODEF1SYL;Sylter Bank;25980;Sylt;;33
21791906;;GENODEF1WYK;Vereinigte VR Bank;25938;Wyk auf Föhr;;32
21840078;;COBADEFFXXX;Commerzbank;25740;Heide;;13
21841328;;COBADEFFXXX;Commerzbank;25541;Brunsbüttel;;13
21852310;;NOLADE21WEB;Sparkasse Hennstedt-Wesselburen -alt-;25764;Wesselburen;;09
21860418;;GENODEF1RHE;Raiffeisenbank Heide -alt-;25746;Heide;;32
21890022;;GENODEF1DVR;Dithmarscher Volks- und Raiffeisenbank;25746;Heide;;32
22140028;;COBADEFFXXX;Commerzbank;25335;Elmshorn;;13
22141028;;COBADEFFXXX;Commerzbank;24559;Kaltenkirchen;;13
22141428;;COBADEFFXXX;Commerzbank;25421;Pinneberg;;13
22141628;;COBADEFFXXX;Commerzbank;25429;Uetersen;;13
22150000;;NOLADE21ELH;Sparkasse Elmshorn;25335;Elmshorn;;A2
22151730;;NOLADE21WED;Stadtsparkasse Wedel;22880;Wedel;;D6
22163114;;GENODEF1HTE;Raiffeisenbank Elbmarsch;25492;Heist;;33
22180000;;DRESDEFF221;Commerzbank vormals Dresdner Bank;25335;Elmshorn;;76
22181400;;DRESDEFF206;Commerzbank vormals Dresdner Bank;25421;Pinneberg;;76
22190030;;GENODEF1ELM;Volksbank Elmshorn -alt-;25335;Elmshorn;;48
22191405;;GENODEF1PIN;VR Bank in Holstein;25421;Pinneberg;;48
22240073;;COBADEFFXXX;Commerzbank;25502;Itzehoe;;13
22250020;;NOLADE21WHO;Sparkasse Westholstein;25509;Itzehoe;;A2
22280000;;DRESDEFF201;Commerzbank vormals Dresdner Bank;25503;Itzehoe;;76
22290031;;GENODEF1VIT;VR Itzehoe Norderstedt Hohenwestedt -alt-;25524;Itzehoe;;10
23040022;;COBADEFFXXX;Commerzbank;23547;Lübeck;;13
23050101;;NOLADE21SPL;Sparkasse zu Lübeck;23547;Lübeck;;00
23051030;;NOLADE21SHO;Sparkasse Südholstein;24531;Neumünster;;A2
23052750;;NOLADE21RZB;Kreissparkasse Herzogtum Lauenburg;23879;Mölln;;A2
23061220;;GENODEF1LZN;Raiffeisenbank Leezen;23816;Leezen;;32
23062124;;GENODEF1BAR;Raiffeisenbank -alt-;22935;Bargteheide;;33
23063129;;GENODEF1RLB;Raiffeisenbank;21481;Lauenburg;;33
23064107;;GENODEF1BCH;Raiffeisenbank -alt-;21514;Büchen;;32
23070203;;DEUTDEHHP02;Postbank/DSL Ndl der Deutsche Bank;23566;Lübeck;;63
23070224;;DEUTDEDBP02;Postbank/DSL Ndl der Deutsche Bank;23566;Lübeck;;63
23070700;;DEUTDEDB237;Deutsche Bank;23547;Lübeck;;63
23070710;;DEUTDEHH222;Deutsche Bank;23547;Lübeck;;63
23080040;;DRESDEFF230;Commerzbank vormals Dresdner Bank;23501;Lübeck;;76
23089201;;DRESDEFFI08;Commerzbank vormals Dresdner Bank ITGK;23501;Lübeck;;09
23090142;;GENODEF1HLU;Volksbank Lübeck;23552;Lübeck;;10
24040000;;COBADEFFXXX;Commerzbank;21303;Lüneburg;;13
24050110;;NOLADE21LBG;Sparkasse Lüneburg;21309;Lüneburg;;00
24060300;;GENODEF1NBU;Volksbank Lüneburger Heide;21412;Winsen (Luhe);;28
24061392;;GENODEF1DAB;Volksbank Bleckede-Dahlenburg -alt-;21366;Dahlenburg;;28
24070024;;DEUTDEDB240;Deutsche Bank;21304;Lüneburg;;63
24070075;;DEUTDE2H240;Deutsche Bank;21304;Lüneburg;;63
24070324;;DEUTDEDBP22;Postbank/DSL Ndl der Deutsche Bank;21335;Lüneburg;;63
24070368;;DEUTDE2HP22;Postbank/DSL Ndl der Deutsche Bank;21335;Lüneburg;;63
24080000;;DRESDEFF240;Commerzbank vormals Dresdner Bank;21304;Lüneburg;;76
24090041;;GENODEF1LUE;Volksbank Lüneburg -alt-;21319;Lüneburg;;28
24121000;;GENODED1RKI;Ritterschaftliches Kreditinstitut Stade;21682;Stade;;09
24140041;;COBADEFFXXX;Commerzbank;27451;Cuxhaven;;13
24150001;;BRLADE21CUX;Stadtsparkasse Cuxhaven;27456;Cuxhaven;;00
24151005;;NOLADE21STS;Sparkasse Stade-Altes Land;21660;Stade;;00
24151116;;NOLADE21STK;Kreissparkasse Stade;21655;Stade;;00
24151235;;BRLADE21ROB;Sparkasse Rotenburg Osterholz;27393;Zeven;;00
24161594;;GENODEF1SIT;Zevener Volksbank -alt-;27404;Zeven;;28
24162898;;GENODEF1LAS;Spar- u Darlehnskasse Börde Lamstedt-Hechthausen;21769;Lamstedt;;28
24180000;;DRESDEFF242;Commerzbank vormals Dresdner Bank;21758;Otterndorf;;76
24180001;;DRESDEFF241;Commerzbank vormals Dresdner Bank;27452;Cuxhaven;;76
24191015;;GENODEF1SDE;Volksbank Stade-Cuxhaven;21661;Stade;;28
25000000;;MARKDEF1250;Bundesbank;30002;Hannover;;09
25010030;;PBNKDEFFXXX;Postbank Ndl der Deutsche Bank;30139;Hannover;;24
25010424;;AARBDE5W250;Aareal Bank ehem. Filiale Hannover;65189;Wiesbaden;;09
25010600;;DEHYDE2HXXX;NORD/LB vormals Deutsche Hypothekenbank;30159;Hannover;;01
25010900;;CKVHDE21XXX;Calenberger Kreditverein;30159;Hannover;;28
25020200;;BHFBDEFF250;ODDO BHF;30159;Hannover;;60
25020600;;SCFBDE33XXX;Openbank Deutschland;41061;Mönchengladbach;;41
25040060;;COBADEFFXXX;Commerzbank CC;30159;Hannover;;09
25040061;;COBADEFFXXX;Commerzbank CC;30159;Hannover;;09
25040066;;COBADEFFXXX;Commerzbank;30012;Hannover;;13
25050000;;NOLADE2HXXX;Norddeutsche Landesbank Girozentrale;30002;Hannover;;27
25050055;;NOLADE21CSH;ZVA Norddeutsche Landesbank SH;30151;Hannover;;09
25050066;;NOLADE21CMV;ZVA Norddeutsche Landesbank Gf MV;30151;Hannover;;09
25050180;;SPKHDE2HXXX;Sparkasse Hannover;30001;Hannover;;A3
25050299;;SPKHDE2HXXX;Kreissparkasse Hannover -alt-;30056;Hannover;;A3
25055500;;NOLADE21LBS;LBS Landesbausparkasse NordWest;30002;Hannover;;09
25060000;;GENODEFF250;DZ BANK;30002;Hannover;;09
25060180;;HALLDE2HXXX;M.M. Warburg & Co (vormals Bankhaus Hallbaum);20095;Hamburg;;09
25069168;;GENODEF1DES;Volks- und Raiffeisenbank Leinebergland -alt-;31069;Delligsen;;28
25069262;;GENODEF1NST;Raiffeisen-Volksbank Neustadt;31535;Neustadt am Rübenberge;;28
25069270;;GENODEF1MUA;Volksbank Aller-Oker;38539;Müden (Aller);;28
25069503;;GENODEF1BNT;Volksbank Diepholz-Barnstorf -alt-;49356;Diepholz;;28
25070024;;DEUTDEDBHAN;Deutsche Bank;30002;Hannover;;63
25070066;;DEUTDE2H265;Deutsche Bank;31642;Stadthagen;;63
25070070;;DEUTDE2HXXX;Deutsche Bank;30002;Hannover;;63
25070077;;DEUTDE2H256;Deutsche Bank;31562;Nienburg (Weser);;63
25070084;;DEUTDE2H258;Deutsche Bank;29601;Soltau;;63
25070086;;DEUTDE2H251;Deutsche Bank;37591;Holzminden;;63
25070324;;DEUTDEDBP24;Postbank/DSL Ndl der Deutsche Bank;30159;Hannover;;63
25070370;;DEUTDE2HP24;Postbank/DSL Ndl der Deutsche Bank;30159;Hannover;;63
25080020;;DRESDEFF250;Commerzbank vormals Dresdner Bank;30002;Hannover;;76
25080085;;DRESDEFFI65;Commerzbank vormals Dresdner Bank, PCC DCC-ITGK 2;20349;Hamburg;;09
25089220;;DRESDEFFI09;Commerzbank vormals Dresdner Bank ITGK;30002;Hannover;;09
25090300;;GENODEF1BFS;Bank für Schiffahrt (BFS) Fil d Ostfr VB Leer;30175;Hannover;;28
25090500;;GENODEF1S09;Sparda-Bank Hannover;30159;Hannover;;09
25090900;;GENODEF1P09;PSD Bank;30016;Hannover;;91
25120510;;BFSWDE33HAN;SozialBank;30005;Hannover;;09
25151270;;NOLADE21BAH;Stadtsparkasse Barsinghausen;30890;Barsinghausen;;00
25151371;;NOLADE21BUF;Stadtsparkasse Burgdorf -alt-;31290;Burgdorf;;00
25152375;;NOLADE21WAL;Kreissparkasse Fallingbostel in Walsrode;29653;Walsrode;;00
25152490;;NOLADE21WST;Stadtsparkasse Wunstorf -alt-;31501;Wunstorf;;00
25190001;;VOHADE2HXXX;Hannoversche Volksbank;30159;Hannover;;28
25190088;;VOHADE2HXXX;Hannoversche Volksbank GS nur für GAA;29690;Lindwedel;;28
25193331;;GENODEF1PAT;Volksbank;30982;Pattensen;;28
25250001;;NOLADE21PEI;Kreissparkasse Peine -alt-;31204;Peine;;00
25260010;;GENODEF1PEV;Volksbank Peine -alt-;31224;Peine;;28
25410200;;BHWBDE2HXXX;BHW Bausparkasse;31763;Hameln;;09
25440047;;COBADEFFXXX;Commerzbank;31752;Hameln;;13
25450001;;NOLADE21HMS;Stadtsparkasse Hameln -alt-;31784;Hameln;;00
25450110;;NOLADE21SWB;Sparkasse Hameln-Weserbergland;31763;Hameln;;00
25451345;;NOLADE21PMT;Stadtsparkasse Bad Pyrmont;31797;Bad Pyrmont;;00
25462160;;GENODEF1HMP;Volksbank Hameln-Stadthagen;31763;Hameln;;28
25462680;;GENODEF1COP;Volksbank im Wesertal;31863;Coppenbrügge;;28
25470024;;DEUTDEDB254;Deutsche Bank;31785;Hameln;;63
25470073;;DEUTDE2H254;Deutsche Bank;31785;Hameln;;63
25471024;;DEUTDEDB264;Deutsche Bank;31737;Rinteln;;63
25471073;;DEUTDE2H264;Deutsche Bank;31737;Rinteln;;63
25480021;;DRESDEFF254;Commerzbank vormals Dresdner Bank;31752;Hameln;;76
25491273;;GENODED1AEZ;Volksbank Aerzen -alt-;31855;Aerzen;;28
25541426;;COBADEFFXXX;Commerzbank;31675;Bückeburg;;13
25551480;;NOLADE21SHG;Sparkasse Schaumburg;31726;Rinteln;;00
25591413;;GENODEF1BCK;Volksbank in Schaumburg und Nienburg;31737;Rinteln;;28
25621327;;OLBODEH2XXX;Oldenburgische Landesbank AG;49344;Diepholz;;61
25641302;;COBADEFFXXX;Commerzbank;49356;Diepholz;;13
25650106;;NOLADE21NIB;Sparkasse Nienburg;31567;Nienburg (Weser);;00
25651325;;BRLADE21DHZ;Kreissparkasse Grafschaft Diepholz -alt-;49343;Diepholz;;00
25662540;;GENODEF1STY;Volksbank -alt-;31593;Steyerberg;;28
25663584;;GENODEF1HOY;Volksbank Aller-Weser -alt-;27318;Hoya;;28
25690009;;GENODEF1NIN;Volksbank Nienburg -alt-;31582;Nienburg (Weser);;28
25691633;;GENODEF1SUL;Volksbank Niedersachsen-Mitte;27318;Hoya;;28
25691699;;GENODEF1SUL;Volksbank Niedersachsen-Mitte (Gf GAA);27318;Hoya;;28
25740061;;COBADEFFXXX;Commerzbank;29201;Celle;;13
25750001;;NOLADE21CEL;Sparkasse Celle -alt-;29221;Celle;;00
25761894;;GENODEF1WIK;Volksbank Wittingen-Klötze -alt-;29371;Wittingen;;28
25770024;;DEUTDEDB257;Deutsche Bank;29221;Celle;;63
25770069;;DEUTDE2H257;Deutsche Bank;29221;Celle;;63
25780022;;DRESDEFF257;Commerzbank vormals Dresdner Bank;29204;Celle;;76
25791516;;GENODEF1HKB;Volksbank Hankensbüttel-Wahrenholz -alt-;29384;Hankensbüttel;;28
25791635;;GENODEF1HMN;Volksbank Südheide - Isenhagener Land - Altmark;29221;Celle;;28
25840048;;COBADEFFXXX;Commerzbank;29523;Uelzen;;13
25841403;;COBADEFFXXX;Commerzbank;29431;Lüchow (Wendland);;13
25841708;;COBADEFFXXX;Commerzbank;29634;Schneverdingen;;13
25850110;;NOLADE21UEL;Sparkasse Uelzen Lüchow-Dannenberg;29525;Uelzen;;00
25851660;;NOLADE21SOL;Kreissparkasse Soltau;29603;Soltau;;00
25861990;;GENODEF1CLZ;Volksbank Clenze-Hitzacker -alt-;29459;Clenze;;28
25862292;;GENODEF1EUB;Volksbank Uelzen-Salzwedel;29525;Uelzen;;28
25863489;;GENODEF1WOT;VR PLUS Altmark-Wendland;29439;Lüchow (Wendland);;28
25891636;;GENODEF1SOL;Volksbank Lüneburger Heide -alt-;29605;Soltau;;28
25940033;;COBADEFFXXX;Commerzbank;31102;Hildesheim;;13
25950001;;NOLADE21HIS;Stadtsparkasse Hildesheim -alt-;31112;Hildesheim;;B1
25950130;;NOLADE21HIK;Sparkasse Hildesheim Goslar Peine;31134;Hildesheim;;B1
25970024;;DEUTDEDB259;Deutsche Bank;31103;Hildesheim;;63
25970074;;DEUTDE2H259;Deutsche Bank;31103;Hildesheim;;63
25971024;;DEUTDEDB253;Deutsche Bank;31042;Alfeld (Leine);;63
25971071;;DEUTDE2H253;Deutsche Bank;31042;Alfeld (Leine);;63
25980027;;DRESDEFF259;Commerzbank vormals Dresdner Bank;31103;Hildesheim;;76
25990011;;GENODEF1HIH;Volksbank Hildesheim;31113;Hildesheim;;28
25991528;;GENODEF1SLD;Volksbank Hildesheimer Börde -alt-;31185;Söhlde;;28
26000000;;MARKDEF1260;Bundesbank;37016;Göttingen;;09
26040030;;COBADEFFXXX;Commerzbank;37005;Göttingen;;13
26050001;;NOLADE21GOE;Sparkasse Göttingen;37070;Göttingen;;00
26051260;;NOLADE21DUD;Sparkasse Duderstadt;37105;Duderstadt;;00
26061291;;GENODEF1DUD;Volksbank Mitte -alt-;37104;Duderstadt;;48
26061556;;GENODEF1ADE;Volksbank;37139;Adelebsen;;28
26062433;;GENODEF1DRA;VR-Bank in Südniedersachsen;37127;Dransfeld;;32
26070024;;DEUTDEDB260;Deutsche Bank;37073;Göttingen;;63
26070072;;DEUTDE2H260;Deutsche Bank;37073;Göttingen;;63
26080024;;DRESDEFF260;Commerzbank vormals Dresdner Bank;37006;Göttingen;;76
26090050;;GENODEF1GOE;Volksbank Göttingen -alt-;37027;Göttingen;;28
26240039;;COBADEFFXXX;Commerzbank;37141;Northeim;;13
26250001;;NOLADE21NOM;Kreis-Sparkasse Northeim;37144;Northeim;;00
26251425;;NOLADE21EIN;Sparkasse Einbeck;37574;Einbeck;;00
26261492;;GENODEF1EIN;Volksbank Einbeck -alt-;37559;Einbeck;;28
26261693;;GENODEF1HDG;Volksbank Solling;37177;Hardegsen;;28
26271424;;DEUTDEDB262;Deutsche Bank;37553;Einbeck;;63
26271471;;DEUTDE2H262;Deutsche Bank;37553;Einbeck;;63
26280020;;DRESDEFF261;Commerzbank vormals Dresdner Bank;37142;Northeim;;76
26281420;;DRESDEFF262;Commerzbank vormals Dresdner Bank;37553;Einbeck;;76
26340056;;COBADEFFXXX;Commerzbank;37520;Osterode am Harz;;13
26341072;;COBADEFFXXX;Commerzbank;37412;Herzberg am Harz;;13
26351015;;NOLADE21HZB;Sparkasse Osterode am Harz;37520;Osterode am Harz;;00
26351445;;NOLADE21SAC;Stadtsparkasse Bad Sachsa -alt-;37438;Bad Sachsa;;00
26500000;;MARKDEF1265;Bundesbank;49018;Osnabrück;;09
26520017;;OLBODEH2XXX;Oldenburgische Landesbank AG;49023;Osnabrück;;61
26521703;;OLBODEH2XXX;Oldenburgische Landesbank AG;49552;Bramsche;;61
26522319;;OLBODEH2XXX;Oldenburgische Landesbank AG;49603;Quakenbrück;;61
26540070;;COBADEFFXXX;Commerzbank;49005;Osnabrück;;13
26550105;;NOLADE22XXX;Sparkasse Osnabrück;49018;Osnabrück;;00
26551540;;NOLADE21BEB;Kreissparkasse Bersenbrück;49587;Bersenbrück;;00
26552286;;NOLADE21MEL;Kreissparkasse Melle;49324;Melle;;00
26562490;;GENODEF1HTR;Volksbank Bad Laer-Borgloh-Hilter-Melle;49176;Hilter am Teutoburger Wald;;28
26563960;;GENODEF1WHO;Volksbank Bramgau-Wittlage -alt-;49554;Bramsche;;28
26565928;;GENODEF1HGM;Volksbank Düte-Ems;49124;Georgsmarienhütte;;28
26566939;;GENODEF1MRZ;Volksbank Osnabrücker Nordland -alt-;49578;Fürstenau;;28
26567943;;GENODEF1NOP;VR-Bank Osnabrücker Nordland;49584;Fürstenau;;28
26570024;;DEUTDEDB265;Deutsche Bank;49006;Osnabrück;;63
26570090;;DEUTDE3B265;Deutsche Bank;49006;Osnabrück;;63
26580070;;DRESDEFF265;Commerzbank vormals Dresdner Bank;49007;Osnabrück;;76
26589210;;DRESDEFFI10;Commerzbank vormals Dresdner Bank ITGK;49007;Osnabrück;;09
26590025;;GENODEF1OSV;Vereinigte Volksbank Bramgau Osnabrück Wittlage;49090;Osnabrück;;28
26620010;;OLBODEH2XXX;Oldenburgische Landesbank AG;49789;Lingen (Ems);;61
26621413;;OLBODEH2XXX;Oldenburgische Landesbank AG;49706;Meppen;;61
26640049;;COBADEFFXXX;Commerzbank;49783;Lingen (Ems);;13
26650001;;NOLADE21EMS;Sparkasse Emsland;49704;Meppen;;00
26660060;;GENODEF1LIG;Emsländische Volksbank;49791;Lingen (Ems);;28
26661380;;GENODEF1HLN;Volksbank Haselünne;49734;Haselünne;;28
26661494;;GENODEF1MEP;Emsländische Volksbank Meppen -alt-;49716;Meppen;;28
26662932;;GENODEF1LEN;Volksbank -alt-;49838;Lengerich;;28
26691213;;GENODEF1HAR;Volksbank Haren Fil d Ostfriesischen VB;49725;Haren (Ems);;28
26720028;;OLBODEH2XXX;Oldenburgische Landesbank AG;48510;Nordhorn;;61
26740044;;COBADEFFXXX;Commerzbank;48502;Nordhorn;;13
26750001;;NOLADE21NOH;Kreissparkasse Grafschaft Bentheim zu Nordhorn;48522;Nordhorn;;00
26760005;;GENODEF1NDH;Raiffeisen- und Volksbank Nordhorn -alt-;48511;Nordhorn;;28
26770024;;DEUTDEDB267;Deutsche Bank;48503;Nordhorn;;63
26770095;;DEUTDE3B267;Deutsche Bank;48503;Nordhorn;;63
26840032;;COBADEFFXXX;Commerzbank;38640;Goslar;;13
26850001;;NOLADE21GSL;Sparkasse Goslar/Harz -alt-;38640;Goslar;;00
26851410;;NOLADE21CLZ;Kreissparkasse Clausthal-Zellerfeld -alt-;38669;Clausthal-Zellerfeld;;00
26851620;;NOLADE21SZG;Sparkasse Salzgitter -alt-;38246;Salzgitter;;22
26870024;;DEUTDEDB268;Deutsche Bank;38640;Goslar;;63
26870032;;DEUTDE2H268;Deutsche Bank;38640;Goslar;;63
26880063;;DRESDEFF268;Commerzbank vormals Dresdner Bank;38640;Goslar;;76
26890019;;GENODEF1VNH;Volksbank Nordharz;38640;Goslar;;28
26891484;;GENODEF1OHA;Volksbank im Harz;37504;Osterode am Harz;;28
26941053;;COBADEFFXXX;Commerzbank Wolfsburg;38440;Wolfsburg;;13
26951311;;NOLADE21GFW;Sparkasse Celle-Gifhorn-Wolfsburg;38518;Gifhorn;;00
26971024;;DEUTDEDB269;Deutsche Bank;38402;Wolfsburg;;63
26971038;;DEUTDE2H269;Deutsche Bank;38402;Wolfsburg;;63
26981062;;DRESDEFF269;Commerzbank vormals Dresdner Bank;38402;Wolfsburg;;76
26989221;;DRESDEFFI11;Commerzbank vormals Dresdner Bank ITGK;38402;Wolfsburg;;09
26991066;;GENODEF1WOB;Volksbank BRAWO;38440;Wolfsburg;;50
27020000;;VOWADE2BXXX;Volkswagen Bank;38112;Braunschweig;;D8
27020001;;AUDFDE21XXX;Audi Bank Zndl d Volkswagen Bank;38112;Braunschweig;;D8
27020003;;SKODDE21XXX;Skoda Bank;38093;Braunschweig;;D8
27020004;;ECBKDE21XXX;AutoEuropa Bank;38112;Braunschweig;;D8
27020800;;SEATDE21XXX;Seat Bank Zndl d Volkswagen Bank;38093;Braunschweig;;D8
27032500;;BCLSDE21XXX;Bankhaus C. L. Seeliger;38300;Wolfenbüttel;;09
27040080;;COBADEFFXXX;Commerzbank;38022;Braunschweig;;13
27062290;;GENODEF1BOH;Volksbank Börßum-Hornburg;38312;Börßum;;28
27070024;;DEUTDEDB270;Deutsche Bank;38022;Braunschweig;;63
27070030;;DEUTDE2H270;Deutsche Bank;38022;Braunschweig;;63
27070031;;DEUTDE2H271;Deutsche Bank;38502;Gifhorn;;63
27070034;;DEUTDE2H274;Deutsche Bank;37501;Osterode am Harz;;63
27070041;;DEUTDE2H279;Deutsche Bank;37441;Bad Sachsa;;63
27070042;;DEUTDE2H272;Deutsche Bank;38667;Bad Harzburg;;63
27070043;;DEUTDE2H273;Deutsche Bank;38335;Helmstedt;;63
27070079;;DEUTDE2H275;Deutsche Bank;31202;Peine;;63
27070324;;DEUTDEDBP23;Postbank/DSL Ndl der Deutsche Bank;38102;Braunschweig;;63
27070369;;DEUTDE2HP23;Postbank/DSL Ndl der Deutsche Bank;38102;Braunschweig;;63
27072524;;DEUTDEDB277;Deutsche Bank;38282;Wolfenbüttel;;63
27072537;;DEUTDE2H277;Deutsche Bank;38282;Wolfenbüttel;;63
27072724;;DEUTDEDB276;Deutsche Bank;38242;Salzgitter;;63
27072736;;DEUTDE2H276;Deutsche Bank;38242;Salzgitter;;63
27080060;;DRESDEFF270;Commerzbank vormals Dresdner Bank;38007;Braunschweig;;76
27089221;;DRESDEFFI12;Commerzbank vormals Dresdner Bank ITGK;38007;Braunschweig;;09
27090900;;GENODEF1P02;PSD Bank;38030;Braunschweig;;91
27092555;;GENODEF1WFV;Volksbank;38300;Wolfenbüttel;;28
27131300;;GENODEF1RTS;Bankhaus Rautenschlein;38364;Schöningen;;32
27240004;;COBADEFFXXX;Commerzbank;37591;Holzminden;;13
27290087;;GENODEF1HMV;Volksbank Weserbergland -alt-;37594;Holzminden;;47
27893359;;GENODEF1BLG;Volksbank Braunlage;38700;Braunlage;;48
27893760;;GENODEF1SES;Volksbank;38723;Seesen;;28
28000000;;MARKDEF1280;Bundesbank;26016;Oldenburg (Oldb);;09
28020050;;OLBODEH2XXX;Oldenburgische Landesbank AG;26016;Oldenburg (Oldb);;61
28021002;;OLBODEH2XXX;Oldenburgische Landesbank AG;26913;Brake (Unterweser);;61
28021301;;OLBODEH2XXX;Oldenburgische Landesbank AG;26149;Bad Zwischenahn;;61
28021504;;OLBODEH2XXX;Oldenburgische Landesbank AG;49643;Cloppenburg;;61
28021623;;OLBODEH2XXX;Oldenburgische Landesbank AG;49396;Damme;;61
28021705;;OLBODEH2XXX;Oldenburgische Landesbank AG;27735;Delmenhorst;;61
28021906;;OLBODEH2XXX;Oldenburgische Landesbank AG;26925;Elsfleth;;61
28022015;;OLBODEH2XXX;Oldenburgische Landesbank AG;26954;Nordenham;;61
28022412;;OLBODEH2XXX;Oldenburgische Landesbank AG;49619;Löningen;;61
28022511;;OLBODEH2XXX;Oldenburgische Landesbank AG;49382;Lohne (Oldenburg);;61
28022620;;OLBODEH2XXX;Oldenburgische Landesbank AG;26171;Rastede;;61
28022822;;OLBODEH2XXX;Oldenburgische Landesbank AG;49363;Vechta;;61
28023224;;OLBODEH2XXX;Oldenburgische Landesbank AG;26644;Westerstede;;61
28023325;;OLBODEH2XXX;Oldenburgische Landesbank AG;27782;Wildeshausen;;61
28030300;;FORTDEH4XXX;Oldenburgische Landesbank AG (vormals W. Fortmann & Söhne);26122;Oldenburg (Oldb);;09
28040046;;COBADEFFXXX;Commerzbank;26016;Oldenburg (Oldb);;13
28042865;;COBADEFFXXX;Commerzbank;49360;Vechta;;13
28050100;;SLZODE22XXX;Landessparkasse zu Oldenburg;26016;Oldenburg (Oldb);;00
28060228;;GENODEF1OL2;Raiffeisenbank Oldenburg -alt-;26016;Oldenburg (Oldb);;28
28061410;;GENODEF1BRN;Raiffeisenbank Wesermarsch-Süd;26913;Brake (Unterweser);;28
28061501;;GENODEF1CLP;VR-Bank in Südoldenburg;49681;Garrel;;28
28061679;;GENODEF1DAM;Volksbank Dammer Berge;49396;Damme;;28
28061822;;GENODEF1EDE;Oldenburger Volksbank;26122;Oldenburg (Oldb);;28
28062165;;GENODEF1RSE;Raiffeisenbank Rastede;26170;Rastede;;28
28062249;;GENODEF1HUD;Vereinigte Volksbank;27795;Hude;;28
28062299;;GENODEF1HUD;Vereinigte Volksbank GAA;27798;Hude;;28
28062560;;GENODEF1LON;Volksbank Lohne-Dinklage-Steinfeld-Mühlen;49379;Lohne (Oldenburg);;28
28062740;;GENODEF1GBH;Volksbank Bookholzberg-Lemwerder -alt-;27770;Ganderkesee;;28
28062913;;GENODEF1BSL;Volksbank Bösel -alt-;26216;Bösel;;28
28063253;;GENODEF1WRE;Volksbank Westerstede;26655;Westerstede;;28
28063526;;GENODEF1ESO;Volksbank  Emstek Essen Cappeln;49692;Cappeln (Oldenburg);;28
28063607;;GENODEF1BAM;Volksbank Bakum -alt-;49456;Bakum;;28
28064179;;GENODEF1VEC;Volksbank Vechta;49364;Vechta;;28
28064241;;GENODEF1NHE;Raiffeisen-Volksbank Varel-Nordenham;26954;Nordenham;;28
28065061;;GENODEF1LOG;Volksbank Löningen;49619;Löningen;;28
28065108;;GENODEF1DIK;VR-Bank Dinklage-Steinfeld -alt-;49407;Dinklage;;28
28065286;;GENODEF1SAN;Raiffeisenbank Scharrel;26683;Saterland;;28
28066103;;GENODEF1VIS;Volksbank Visbek;49425;Visbek;;28
28066214;;GENODEF1WDH;Volksbank Oldenburg-Land Delmenhorst;27793;Wildeshausen;;28
28066620;;GENODEF1FOY;Volksbank;26169;Friesoythe;;28
28067068;;GENODEF1NEO;Volksbank Neuenkirchen-Vörden -alt-;49434;Neuenkirchen-Vörden;;28
28067170;;GENODEF1GSC;Volksbank Delmenhorst Schierbrok -alt-;27738;Delmenhorst;;28
28067257;;GENODEF1LAP;Volksbank Lastrup;49688;Lastrup;;28
28068218;;GENODEF1BUT;Raiffeisenbank Butjadingen-Abbehausen -alt-;26963;Butjadingen;;28
28069052;;GENODEF1ORF;Raiffeisenbank Strücklingen-Idafehn;26842;Ostrhauderfehn;;28
28069092;;GENODEF1HAT;VR Bank Oldenburg Land West -alt-;26209;Hatten;;28
28069109;;GENODEF1EMK;Volksbank Emstek -alt-;49685;Emstek;;28
28069128;;GENODEF1GRR;Raiffeisenbank Garrel -alt-;49675;Garrel;;28
28069138;;GENODEF1VAG;VR Bank Oldenburg Land West -alt-;26209;Hatten;;28
28069293;;GENODEF1BBH;Volksbank Obergrafschaft -alt-;48465;Schüttorf;;28
28069381;;GENODEF1WLT;Hümmlinger Volksbank;49757;Werlte;;28
28069706;;GENODEF1BOG;Volksbank Nordhümmling;26904;Börger;;28
28069755;;GENODEF1MLO;Raiffeisenbank Oldersum;26802;Moormerland;;28
28069773;;GENODEF1WWM;Raiffeisenbank Wiesedermeer-Wiesede-Marcardsm;26446;Friedeburg;;28
28069878;;GENODEF1KBL;Raiffeisenbank Ems-Vechte;49777;Klein Berßen;;28
28069926;;GENODEF1HOO;Volksbank Niedergrafschaft;49843;Uelsen;;28
28069935;;GENODEF1LRU;Raiffeisenbank Lorup;26900;Lorup;;28
28069956;;GENODEF1NEV;Grafschafter Volksbank;48511;Nordhorn;;28
28069991;;GENODEF1LTH;Volksbank Emstal;49759;Lathen;;28
28069994;;GENODEF1SPL;Volksbank Süd-Emsland;48480;Spelle;;28
28070024;;DEUTDEDB280;Deutsche Bank;26016;Oldenburg (Oldb);;63
28070057;;DEUTDEHB280;Deutsche Bank;26016;Oldenburg (Oldb);;63
28220026;;OLBODEH2XXX;Oldenburgische Landesbank AG;26361;Wilhelmshaven;;61
28222208;;OLBODEH2XXX;Oldenburgische Landesbank AG;26436;Jever;;61
28222621;;OLBODEH2XXX;Oldenburgische Landesbank AG;26305;Varel;;61
28240023;;COBADEFFXXX;Commerzbank;26382;Wilhelmshaven;;13
28250110;;BRLADE21WHV;Sparkasse Wilhelmshaven;26363;Wilhelmshaven;;00
28252760;;BRLADE21WTM;Kreissparkasse Wittmund;26409;Wittmund;;00
28262254;;GENODEF1JEV;Volksbank Jever -alt-;26441;Jever;;10
28262673;;GENODEF1VAR;Volksbank Jade-Weser;26316;Varel;;28
28270024;;DEUTDEDB282;Deutsche Bank;26382;Wilhelmshaven;;63
28270056;;DEUTDEHB282;Deutsche Bank;26382;Wilhelmshaven;;63
28280012;;DRESDEFF282;Commerzbank vormals Dresdner Bank;26352;Wilhelmshaven;;76
28290063;;GENODEF1WHV;Volksbank Wilhelmshaven;26382;Wilhelmshaven;;00
28291551;;GENODEF1ESE;Volksbank Esens -alt-;26506;Norden;;28
28320014;;OLBODEH2XXX;Oldenburgische Landesbank AG;26494;Norden;;61
28321816;;OLBODEH2XXX;Oldenburgische Landesbank AG;26536;Norderney;;61
28350000;;BRLADE21ANO;Sparkasse Aurich-Norden;26603;Aurich;;00
28361592;;GENODEF1MAR;Raiffeisen-Volksbank Fresena;26506;Norden;;28
28420007;;OLBODEH2XXX;Oldenburgische Landesbank AG;26700;Emden;;61
28421030;;OLBODEH2XXX;Oldenburgische Landesbank AG;26585;Aurich;;61
28440037;;COBADEFFXXX;Commerzbank;26693;Emden;;13
28450000;;BRLADE21EMD;Sparkasse Emden;26702;Emden;;00
28470024;;DEUTDEDB284;Deutsche Bank;26693;Emden;;63
28470091;;DEUTDEHB284;Deutsche Bank;26693;Emden;;63
28520009;;OLBODEH2XXX;Oldenburgische Landesbank AG;26769;Leer (Ostfriesland);;61
28521518;;OLBODEH2XXX;Oldenburgische Landesbank AG;26855;Papenburg;;61
28540034;;COBADEFFXXX;Commerzbank;26763;Leer (Ostfriesland);;13
28550000;;BRLADE21LER;Sparkasse LeerWittmund;26766;Leer (Ostfriesland);;00
28562297;;GENODEF1UPL;Raiffeisen-Volksbank;26589;Aurich;;28
28562716;;GENODEF1WEF;Raiffeisenbank Flachsmeer;26810;Westoverledingen;;28
28562863;;GENODEF1HTL;Raiffeisenbank Moormerland;26835;Holtland;;28
28563749;;GENODEF1MML;Fehntjer VR Bank;26802;Moormerland;;28
28570024;;DEUTDEDB285;Deutsche Bank;26763;Leer (Ostfriesland);;63
28570092;;DEUTDEHB285;Deutsche Bank;26763;Leer (Ostfriesland);;63
28590075;;GENODEF1LER;Ostfriesische Volksbank Leer;26768;Leer (Ostfriesland);;28
28591579;;GENODEF1PAP;Volksbank Papenburg Fil d. Ostfries. VB Leer;26858;Papenburg;;28
28591654;;GENODEF1WRH;Volksbank Westrhauderfehn -alt-;26802;Moormerland;;28
29020000;;NEELDE22XXX;Bankhaus Neelmeyer;28195;Bremen;;09
29030400;;PLUMDE29XXX;M.M. Warburg & Co (vormals Bankhaus Carl F. Plump & CO);20095;Hamburg;;09
29040060;;COBADEFFXXX;Commerzbank CC;28195;Bremen;;09
29040061;;COBADEFFXXX;Commerzbank CC;28195;Bremen;;09
29040090;;COBADEFFXXX;Commerzbank;28079;Bremen;;13
29050000;;BRLADE22XXX;Norddeutsche Landesbank - Girozentrale -;28195;Bremen;;29
29050101;;SBREDE22XXX;Sparkasse Bremen;28078;Bremen;;00
29070024;;DEUTDEDBBRE;Deutsche Bank;28189;Bremen;;63
29070050;;DEUTDEHBXXX;Deutsche Bank;28189;Bremen;;63
29070051;;DEUTDEHB292;Deutsche Bank;27568;Bremerhaven;;63
29070052;;DEUTDEHB294;Deutsche Bank;27732;Delmenhorst;;63
29070058;;DEUTDEHB293;Deutsche Bank;49647;Cloppenburg;;63
29070059;;DEUTDEHB290;Deutsche Bank;49360;Vechta;;63
29070324;;DEUTDEDBP21;Postbank/DSL Ndl der Deutsche Bank;28195;Bremen;;63
29070367;;DEUTDEHBP21;Postbank/DSL Ndl der Deutsche Bank;28195;Bremen;;63
29080010;;DRESDEFF290;Commerzbank vormals Bremer Bank (Dresdner Bank);28079;Bremen;;76
29089210;;DRESDEFFI13;Commerzbank vormals Bremer Bank (Dresdner Bank) ITGK;28079;Bremen;;09
29090900;;GENODEF1P03;PSD Bank Nord;28361;Bremen;;91
29121731;;OLBODEH2XXX;Oldenburgische Landesbank AG;28847;Syke;;61
29151700;;BRLADE21SYK;Kreissparkasse Diepholz;28846;Syke;;00
29152300;;BRLADE21OHZ;Kreissparkasse Osterholz -alt-;27702;Osterholz-Scharmbeck;;00
29152550;;BRLADE21SHL;Zweckverbandssparkasse Scheeßel;27377;Scheeßel;;00
29152670;;BRLADE21VER;Kreissparkasse Verden;27264;Verden (Aller);;00
29162394;;GENODEF1OHZ;Volksbank;27704;Osterholz-Scharmbeck;;28
29162453;;GENODEF1SWW;Volksbank Schwanewede;28784;Schwanewede;;28
29162697;;GENODEF1VER;Volksbank Aller-Weser -alt-;27268;Verden (Aller);;28
29165545;;GENODEF1OYT;Volksbank Oyten;28871;Oyten;;28
29165681;;GENODEF1SUM;Volksbank Sottrum -alt-;27364;Sottrum;;28
29166568;;GENODEF1WOP;Volksbank;27726;Worpswede;;28
29167624;;GENODEF1SHR;Volksbank Syke -alt-;28857;Syke;;28
29172624;;DEUTDEDB291;Deutsche Bank;27262;Verden (Aller);;63
29172655;;DEUTDEHB291;Deutsche Bank;27262;Verden (Aller);;63
29190024;;GENODEF1HB1;Bremische Volksbank Weser-Wümme;28069;Bremen;;28
29190330;;GENODEF1HB2;Volksbank Bremen-Nord;28757;Bremen;;28
29190399;;GENODEF1HB2;Volksbank Bremen-Nord (Gf GAA);28757;Bremen;;28
29240024;;COBADEFFXXX;Commerzbank;27515;Bremerhaven;;13
29250000;;BRLADE21BRS;Weser-Elbe Sparkasse;27568;Bremerhaven;;10
29250150;;BRLADE21BRK;Kreissparkasse Wesermünde-Hadeln -alt-;27570;Bremerhaven;;10
29262722;;GENODEF1BRV;Volksbank Geeste-Nord;27607;Geestland;;28
29265747;;GENODEF1BEV;Volksbank im Elbe-Weser-Dreieck;27613;Beverstedt;;28
29280011;;DRESDEFF292;Commerzbank vormals Dresdner Bank;27502;Bremerhaven;;76
29290034;;GENODEF1HBV;Volksbank Bremerhaven-Wesermünde -alt-;27539;Bremerhaven;;28
30000000;;MARKDEF1300;Bundesbank eh Düsseldorf;40002;Düsseldorf;;09
30010400;;IKBDDEDDXXX;IKB Deutsche Industriebank;40002;Düsseldorf;;09
30010444;;IKBDDEDDDIR;IKB Privatkunden - IKB Deutsche Industriebank;40474;Düsseldorf;;09
30010700;;BOTKDEDXXXX;MUFG Bank (Europe) Germany Branch;40040;Düsseldorf;;09
30013300;;EBPBDED2XXX;EburyPartners Belgium, Zweigniederlassung Deutschland;40474;Düsseldorf;;09
30020500;;BHFBDEFF300;ODDO BHF;40213;Düsseldorf;;60
30020700;;MHCBDEDDXXX;Mizuho Bank Europe, Frankfurt Branch;60310;Frankfurt am Main;;09
30020900;;CMCIDEDDXXX;TARGOBANK;40213;Düsseldorf;;57
30022000;;NRWBDEDMXXX;NRW.BANK;40213;Düsseldorf;;08
30030100;;PULSDEDDXXX;S Broker Wiesbaden;65203;Wiesbaden;;56
30030500;;CUABDED1XXX;Bank11direkt;41460;Neuss;;05
30030600;;ETRIDE31XXX;ETRIS Bank;42389;Wuppertal;;06
30030880;;TUBDDEDDXXX;HSBC Continental Europe, Germany;40549;Düsseldorf;;56
30030889;;TUBDDEDDXXX;HSBC Continental Europe, Germany;40549;Düsseldorf;;00
30030900;;MEFIDEMM300;Merck Finck A Quintet Private Bank;40028;Düsseldorf;;00
30040000;;COBADEDDXXX;Commerzbank;40002;Düsseldorf;;13
30040005;;COBADEDDXXX;Commerzbank, Filiale Düsseldorf 2;40002;Düsseldorf;;13
30040048;;COBADEFFXXX;Commerzbank GF-D48;40002;Düsseldorf;;13
30040060;;COBADEFFXXX;Commerzbank Gf 660;40002;Düsseldorf;;09
30040061;;COBADEFFXXX;Commerzbank Gf 661;40002;Düsseldorf;;09
30040062;;COBADEFFXXX;Commerzbank CC;40213;Düsseldorf;;09
30040063;;COBADEFFXXX;Commerzbank CC;40213;Düsseldorf;;09
30040098;;COBADEFFCSC;Commerz Service-Center Intensive;40547;Düsseldorf;;13
30040099;;COBADEFFSTS;Commerzbank Gf Comp. Center STS;40213;Düsseldorf;;13
30050000;;WELADEDDXXX;Landesbank Hessen-Thüringen Girozentrale NL. Düsseldorf;40019;Düsseldorf;;08
30050110;;DUSSDEDDXXX;Stadtsparkasse Düsseldorf;40001;Düsseldorf;;00
30060010;;GENODEDDXXX;DZ BANK;40001;Düsseldorf;;44
30060601;;DAAEDEDDXXX;apoBank;40001;Düsseldorf;;A4
30060992;;GENODEF1P05;PSD Bank Rhein-Ruhr;40032;Düsseldorf;;91
30070010;;DEUTDEDDXXX;Deutsche Bank;40189;Düsseldorf;;63
30070024;;DEUTDEDBDUE;Deutsche Bank;40189;Düsseldorf;;63
30070207;;DEUTDEDDP06;Postbank/DSL Ndl der Deutsche Bank;40210;Düsseldorf;;63
30070224;;DEUTDEDBP06;Postbank/DSL Ndl der Deutsche Bank;40210;Düsseldorf;;63
30080000;;DRESDEFF300;Commerzbank vormals Dresdner Bank;40002;Düsseldorf;;76
30080005;;DRESDEFFXXX;Commerzbank vormals Dresdner Bank Zw 05;40002;Düsseldorf;;76
30080022;;DRESDEFFI28;Commerzbank vormals Dresdner Bank Ztv 22;40002;Düsseldorf;;76
30080038;;DRESDEFFXXX;Commerzbank vormals Dresdner Bank Zw 38;40002;Düsseldorf;;76
30080041;;DRESDEFFI29;Commerzbank vormals Dresdner Bank Zw 41;40002;Düsseldorf;;76
30080053;;DRESDEFFI30;Commerzbank vormals Dresdner Bank Zw 53;40002;Düsseldorf;;76
30080055;;DRESDEFF309;Commerzbank vormals Dresdner Bank Zw 55;40002;Düsseldorf;;76
30080057;;DRESDEFF316;Commerzbank vormals Dresdner Bank Gf ZW 57;40002;Düsseldorf;;76
30080061;;DRESDEFFI31;Commerzbank vormals Dresdner Bank Zw 61;40002;Düsseldorf;;76
30080074;;DRESDEFFI32;Commerzbank vormals Dresdner Bank Zw 74;40002;Düsseldorf;;76
30080080;;DRESDEFFI76;Commerzbank vormals Dresdner Bank, PCC DCC-ITGK 3;40300;Düsseldorf;;09
30080081;;DRESDEFFI77;Commerzbank vormals Dresdner Bank, PCC DCC-ITGK 4;40300;Düsseldorf;;09
30080082;;DRESDEFFI78;Commerzbank vormals Dresdner Bank, PCC DCC-ITGK 5;40300;Düsseldorf;;09
30080083;;DRESDEFFI79;Commerzbank vormals Dresdner Bank, PCC DCC-ITGK 6;40300;Düsseldorf;;09
30080084;;DRESDEFFI80;Commerzbank vormals Dresdner Bank, PCC DCC-ITGK 7;40300;Düsseldorf;;09
30080085;;DRESDEFFI81;Commerzbank vormals Dresdner Bank, PCC DCC-ITGK 8;40300;Düsseldorf;;09
30080086;;DRESDEFFI82;Commerzbank vormals Dresdner Bank, PCC DCC-ITGK 9;40300;Düsseldorf;;09
30080087;;DRESDEFFI83;Commerzbank vormals Dresdner Bank, PCC DCC-ITGK 10;40300;Düsseldorf;;09
30080088;;DRESDEFFI84;Commerzbank vormals Dresdner Bank, PCC DCC-ITGK 11;40300;Düsseldorf;;09
30080089;;DRESDEFFI85;Commerzbank vormals Dresdner Bank, PCC DCC-ITGK 12;40300;Düsseldorf;;09
30080095;;DRESDEFFI33;Commerzbank vormals Dresdner Bank Zw 95;40002;Düsseldorf;;76
30089300;;DRESDEFFI02;Commerzbank vormals Dresdner Bank ITGK I;40002;Düsseldorf;;09
30089302;;DRESDEFFI03;Commerzbank vormals Dresdner Bank ITGK II;40002;Düsseldorf;;09
30110300;;SMBCDEDDXXX;Sumitomo Mitsui Banking Corporation;40510;Düsseldorf;;09
30130100;;DHBNDEDDXXX;DHB Bank, Niederlassung Deutschland;40213;Düsseldorf;;09
30130200;;UGBIDEDDXXX;GarantiBank International;40474;Düsseldorf;;09
30130600;;ISBKDEFXDUS;Isbank Fil Düsseldorf;40210;Düsseldorf;;06
30150001;;WELADEDDXXX;Helaba Düsseldorf Gf Verrechnung FI-Dus;40019;Düsseldorf;;09
30150200;;WELADED1KSD;Kreissparkasse Düsseldorf;40001;Düsseldorf;;00
30160213;;GENODED1DNE;Volksbank Düsseldorf Neuss;40012;Düsseldorf;;06
30160266;;GENODED1DNE;Volksbank Düsseldorf Neuss (Gf GAA);40215;Düsseldorf;;06
30220190;;HYVEDEMM414;UniCredit Bank - HypoVereinsbank;40212;Düsseldorf;;99
30330800;;BIWBDE33303;flatexDEGIRO Bank;60312;Frankfurt am Main;;01
30351220;;WELADED1HAA;Stadt-Sparkasse Haan;42781;Haan;;00
30520000;;RCIDDE3NXXX;RCI Banque Niederlassung Deutschland;41468;Neuss;;09
30520037;;RCIDDE3NPAY;RCI Banque Direkt;41468;Neuss;;28
30524400;;KREDDEDDXXX;KBC Bank Ndl Deutschland;40212;Düsseldorf;;18
30530000;;WERHDED1XXX;Bankhaus Werhahn;41460;Neuss;;09
30530500;;WEFZDED1XXX;Bank11 für Privatkunden und Handel, Neuss;41460;Neuss;;28
30550000;;WELADEDNXXX;Sparkasse Neuss;41456;Neuss;;00
30551240;;WELADED1KST;Stadtsparkasse Kaarst-Büttgen -alt-;41552;Kaarst;;00
30560090;;GENODED1NSS;Volksbank Neuss -alt-;41415;Neuss;;06
30560548;;GENODED1NLD;VR Bank;40789;Monheim am Rhein;;06
30560591;;GENODED1NLD;VR Bank (Gf GAA);40789;Monheim am Rhein;;06
31010833;;SCFBDE33XXX;Openbank Deutschland;41061;Mönchengladbach;;09
31040015;;COBADEFFXXX;Commerzbank;41012;Mönchengladbach;;13
31040060;;COBADEFFXXX;Commerzbank CC;41061;Mönchengladbach;;09
31040061;;COBADEFFXXX;Commerzbank CC;41061;Mönchengladbach;;09
31050000;;MGLSDE33XXX;Stadtsparkasse Mönchengladbach;41003;Mönchengladbach;;00
31060181;;GENODED1GBM;Gladbacher Bank von 1922;41006;Mönchengladbach;;06
31060517;;GENODED1MRB;Volksbank im Rheinland;41241;Mönchengladbach;;06
31062154;;GENODED1KBN;Volksbank Brüggen-Nettetal;41376;Brüggen;;06
31062553;;GENODED1NKR;Volksbank Schwalmtal;41372;Niederkrüchten;;06
31070001;;DEUTDEDD310;Deutsche Bank;41061;Mönchengladbach;;63
31070024;;DEUTDEDB310;Deutsche Bank;41061;Mönchengladbach;;63
31070206;;DEUTDEDDP05;Postbank/DSL Ndl der Deutsche Bank;41061;Mönchengladbach;;63
31070224;;DEUTDEDBP05;Postbank/DSL Ndl der Deutsche Bank;41061;Mönchengladbach;;63
31080015;;DRESDEFF310;Commerzbank vormals Dresdner Bank;41004;Mönchengladbach;;76
31080061;;DRESDEFFI34;Commerzbank vormals Dresdner Bank Zw 61;41004;Mönchengladbach;;76
31251220;;WELADED1ERK;Kreissparkasse Heinsberg in Erkelenz;41806;Erkelenz;;00
31261282;;GENODED1EHE;Volksbank Erkelenz -alt-;41812;Erkelenz;;06
31263359;;GENODED1LOE;Raiffeisenbank Erkelenz -alt-;41801;Erkelenz;;06
31460290;;GENODED1VSN;Volksbank Viersen;41730;Viersen;;06
31470004;;DEUTDEDD314;Deutsche Bank;41747;Viersen;;63
31470024;;DEUTDEDB314;Deutsche Bank;41747;Viersen;;63
32040024;;COBADEFFXXX;Commerzbank;47705;Krefeld;;13
32050000;;SPKRDE33XXX;Sparkasse Krefeld;47719;Krefeld;;00
32051996;;WELADED1STR;Sparkasse der Stadt Straelen -alt-;47630;Straelen;;00
32060362;;GENODED1HTK;Volksbank Krefeld;47832;Krefeld;;06
32061384;;GENODED1GDL;Volksbank an der Niers;47623;Kevelaer;;06
32061414;;GENODED1KMP;Volksbank Kempen-Grefrath;47885;Kempen;;06
32070024;;DEUTDEDB320;Deutsche Bank;47707;Krefeld;;63
32070080;;DEUTDEDD320;Deutsche Bank;47707;Krefeld;;63
32080010;;DRESDEFF320;Commerzbank vormals Dresdner Bank;47705;Krefeld;;76
32250050;;WELADED1GOC;Verbandssparkasse Goch -alt-;47533;Kleve;;00
32440023;;COBADEFFXXX;Commerzbank;47511;Kleve;;13
32450000;;WELADED1KLE;Sparkasse Rhein-Maas;47533;Kleve;;00
32460422;;GENODED1KLL;Volksbank Kleverland;47533;Kleve;;06
32470024;;DEUTDEDB324;Deutsche Bank;47512;Kleve;;63
32470077;;DEUTDEDD324;Deutsche Bank;47512;Kleve;;63
33020000;;AKFBDE31XXX;akf bank;42231;Wuppertal;;09
33020190;;HYVEDEMM809;UniCredit Bank - HypoVereinsbank;42103;Wuppertal;;99
33030000;;GGABDE31XXX;GEFA BANK;42347;Wuppertal;;06
33040001;;COBADEFFXXX;Commerzbank;42003;Wuppertal;;13
33040310;;COBADEDHXXX;Commerzbank Zw 117;42003;Wuppertal;;13
33050000;;WUPSDE33XXX;Stadtsparkasse Wuppertal;42103;Wuppertal;;00
33060098;;GENODED1CVW;Credit- und Volksbank Wuppertal -alt-;42203;Wuppertal;;06
33060592;;GENODED1SPW;Sparda-Bank West;42097;Wuppertal;;09
33070024;;DEUTDEDBWUP;Deutsche Bank;42097;Wuppertal;;63
33070090;;DEUTDEDWXXX;Deutsche Bank;42097;Wuppertal;;63
33080001;;DRESDEFFI86;Commerzbank vormals Dresdner Bank, PCC DCC-ITGK 1;42300;Wuppertal;;09
33080030;;DRESDEFF332;Commerzbank vormals Dresdner Bank;42003;Wuppertal;;76
33080085;;DRESDEFFI87;Commerzbank vormals Dresdner Bank, PCC DCC-ITGK 2;42300;Wuppertal;;09
33080086;;DRESDEFFI88;Commerzbank vormals Dresdner Bank, PCC DCC-ITGK 3;42300;Wuppertal;;09
33080087;;DRESDEFFI89;Commerzbank vormals Dresdner Bank, PCC DCC-ITGK 4;42300;Wuppertal;;09
33080088;;DRESDEFFI90;Commerzbank vormals Dresdner Bank, PCC DCC-ITGK 5;42300;Wuppertal;;09
33440035;;COBADEFFXXX;Commerzbank;42551;Velbert;;13
33450000;;WELADED1VEL;Sparkasse Hilden-Ratingen-Velbert;42510;Velbert;;00
33451220;;WELADED1HGH;Sparkasse Heiligenhaus -alt-;42579;Heiligenhaus;;00
34040049;;COBADEFFXXX;Commerzbank;42853;Remscheid;;13
34050000;;WELADEDRXXX;Stadtsparkasse Remscheid;42808;Remscheid;;00
34051350;;WELADED1RVW;Sparkasse Radevormwald-Hückeswagen -alt-;42464;Radevormwald;;00
34051570;;WELADED1WMK;Stadtsparkasse Wermelskirchen;42904;Wermelskirchen;;00
34060094;;VBRSDE33XXX;Volksbank im Bergischen Land;42897;Remscheid;;00
34070024;;DEUTDEDB340;Deutsche Bank;42897;Remscheid;;63
34070093;;DEUTDEDW340;Deutsche Bank;42897;Remscheid;;63
34080031;;DRESDEFF340;Commerzbank vormals Dresdner Bank;42802;Remscheid;;76
34240050;;COBADEFFXXX;Commerzbank;42611;Solingen;;13
34250000;;SOLSDE33XXX;Stadt-Sparkasse Solingen;42648;Solingen;;00
34270024;;DEUTDEDB342;Deutsche Bank;42651;Solingen;;63
34270094;;DEUTDEDW342;Deutsche Bank;42651;Solingen;;63
34280032;;DRESDEFF342;Commerzbank vormals Dresdner Bank;42610;Solingen;;76
35040038;;COBADEFFXXX;Commerzbank;47002;Duisburg;;13
35040085;;COBADEFFXXX;Commerzbank, Gf Web-K;47002;Duisburg;;13
35050000;;DUISDE33XXX;Sparkasse Duisburg;47015;Duisburg;;00
35060190;;GENODED1DKD;Bank für Kirche und Diakonie - KD-Bank;44135;Dortmund;;06
35060199;;GENODED1DKD;Bank für Kirche und Diakonie - KD-Bank (Gf GAA RB);44135;Dortmund;;06
35060386;;GENODED1VRR;Volksbank Rhein-Ruhr;47013;Duisburg;;40
35070024;;DEUTDEDB350;Deutsche Bank;47003;Duisburg;;63
35070030;;DEUTDEDE350;Deutsche Bank;47003;Duisburg;;63
35080070;;DRESDEFF350;Commerzbank vormals Dresdner Bank;47003;Duisburg;;76
35080085;;DRESDEFFI91;Commerzbank vormals Dresdner Bank, PCC DCC-ITGK 1;47301;Duisburg;;09
35080086;;DRESDEFFI92;Commerzbank vormals Dresdner Bank, PCC DCC-ITGK 2;47301;Duisburg;;09
35080087;;DRESDEFFI93;Commerzbank vormals Dresdner Bank, PCC DCC-ITGK 3;47301;Duisburg;;09
35080088;;DRESDEFFI94;Commerzbank vormals Dresdner Bank, PCC DCC-ITGK 4;47301;Duisburg;;09
35080089;;DRESDEFFI95;Commerzbank vormals Dresdner Bank, PCC DCC-ITGK 5;47301;Duisburg;;09
35090300;;GENODEF1BSD;Bank für Schiffahrt (BFS) Fil d Ostfr VB Leer;47119;Duisburg;;09
35251000;;WELADED1DIN;Sparkasse Dinslaken-Voerde-Hünxe -alt-;46535;Dinslaken;;00
35261248;;GENODED1DLK;Volksbank Dinslaken;46525;Dinslaken;;06
35450000;;WELADED1MOR;Sparkasse am Niederrhein;47439;Moers;;00
35451460;;WELADED1NVL;Sparkasse Neukirchen-Vluyn -alt-;47504;Neukirchen-Vluyn;;00
35451775;;WELADED1RHB;Sparkasse Rheinberg -alt-;47479;Rheinberg;;00
35461106;;GENODED1NRH;Volksbank Niederrhein;46515;Alpen;;06
35640064;;COBADEFFXXX;Commerzbank;46463;Wesel;;13
35650000;;WELADED1WES;Niederrheinische Sparkasse RheinLippe;46466;Wesel;;00
35660501;;GENODED1RLW;Volksbank Rhein-Lippe (GAA);46483;Wesel;;06
35660599;;GENODED1RLW;Volksbank Rhein-Lippe;46465;Wesel;;06
35850000;;WELADED1EMR;Stadtsparkasse Emmerich-Rees -alt-;46428;Emmerich am Rhein;;00
35860245;;GENODED1EMR;Volksbank Emmerich-Rees;46427;Emmerich am Rhein;;06
36000000;;MARKDEF1360;Bundesbank eh Essen;45024;Essen;;09
36010043;;PBNKDEFFXXX;Postbank Ndl der Deutsche Bank;45125;Essen;;24
36010424;;AARBDE5W360;Aareal Bank;45009;Essen;;09
36020030;;NBAGDE3EXXX;National-Bank Essen;45027;Essen;;09
36020186;;HYVEDEMM360;UniCredit Bank - HypoVereinsbank;45005;Essen;;99
36033300;;SCFBDE33XXX;Openbank Deutschland;41061;Mönchengladbach;;09
36040039;;COBADEFFXXX;Commerzbank;45116;Essen;;13
36040060;;COBADEFFXXX;Commerzbank CC;45127;Essen;;09
36040061;;COBADEFFXXX;Commerzbank CC;45127;Essen;;09
36040085;;COBADEFFXXX;Commerzbank, Gf Web-K;45116;Essen;;13
36050105;;SPESDE3EXXX;Sparkasse Essen;45117;Essen;;78
36060192;;GENODED1PA2;Pax-Bank;45029;Essen;;06
36060295;;GENODED1BBE;Bank im Bistum Essen;45008;Essen;;06
36060488;;GENODEM1GBE;GENO BANK ESSEN;45127;Essen;;34
36060591;;GENODED1SPE;Sparda-Bank West;40227;Düsseldorf;;09
36070024;;DEUTDEDBESS;Deutsche Bank;45116;Essen;;63
36070050;;DEUTDEDEXXX;Deutsche Bank;45116;Essen;;63
36070208;;DEUTDEDEP07;Postbank/DSL Ndl der Deutsche Bank;45127;Essen;;63
36070224;;DEUTDEDBP07;Postbank/DSL Ndl der Deutsche Bank;45127;Essen;;63
36080080;;DRESDEFF360;Commerzbank vormals Dresdner Bank;45008;Essen;;76
36080085;;DRESDEFFI66;Commerzbank vormals Dresdner Bank, PCC DCC-ITGK  2;45357;Essen;;09
36089321;;DRESDEFFI17;Commerzbank vormals Dresdner Bank ITGK;45008;Essen;;09
36240045;;COBADEFFXXX;Commerzbank;45403;Mülheim an der Ruhr;;13
36250000;;SPMHDE3EXXX;Sparkasse Mülheim an der Ruhr;45466;Mülheim an der Ruhr;;06
36270024;;DEUTDEDB362;Deutsche Bank;45404;Mülheim an der Ruhr;;63
36270048;;DEUTDEDE362;Deutsche Bank;45404;Mülheim an der Ruhr;;63
36280071;;DRESDEFF362;Commerzbank vormals Dresdner Bank;45404;Mülheim an der Ruhr;;76
36540046;;COBADEFFXXX;Commerzbank;46045;Oberhausen;;13
36550000;;WELADED1OBH;Stadtsparkasse Oberhausen;46045;Oberhausen;;00
36570024;;DEUTDEDB365;Deutsche Bank;46045;Oberhausen;;63
36570049;;DEUTDEDE365;Deutsche Bank;46045;Oberhausen;;63
36580072;;DRESDEFF365;Commerzbank vormals Dresdner Bank;46045;Oberhausen;;76
37000000;;MARKDEF1370;Bundesbank;50463;Köln;;09
37010050;;PBNKDEFFXXX;Postbank Ndl der Deutsche Bank;51222;Köln;;24
37010600;;BNPADEFFXXX;BNP Paribas Niederlassung Deutschland;60327;Frankfurt am Main;;09
37010699;;BNPADEFFXXX;BNP Paribas Niederlassung Deutschland;60327;Frankfurt am Main;;09
37011000;;PBNKDEFFXXX;Postbank Ndl der Deutsche Bank;51149;Köln;;24
37019000;;BUNQDE82XXX;bunq Niederlassung Deutschland;50667;Köln;;09
37020090;;HYVEDEMM429;UniCredit Bank - HypoVereinsbank;50443;Köln;;99
37020200;;AXABDE31XXX;FNZ Bank;95030;Hof;;09
37020400;;TOBADE33XXX;TOYOTA Kreditbank;50858;Köln;;09
37020411;;TFSEDE31XXX;TOYOTA Kreditbank (GF EG);50858;Köln;;09
37020500;;BFSWDE33XXX;SozialBank;50443;Köln;;09
37020600;;SCFBDE33XXX;Openbank Deutschland;41061;Mönchengladbach;;09
37021500;;FDBADE8FXXX;Ford Bank;50735;Köln;;09
37021548;;LRFSDE31XXX;Ford Bank (GF EG);50735;Köln;;09
37027000;;SCFBDE33XXX;Openbank Deutschland;41061;Mönchengladbach;;09
37030700;;WWBADE3AXXX;abcbank;50672;Köln;;19
37030800;;ISBKDEFXKOL;Isbank Fil Köln;50670;Köln;;06
37040037;;COBADEFFXXX;Commerzbank, CC SP;50447;Köln;;09
37040044;;COBADEFFXXX;Commerzbank;50447;Köln;;13
37040048;;COBADEFFXXX;Commerzbank GF-K48;50447;Köln;;13
37040060;;COBADEFFXXX;Commerzbank CC;50672;Köln;;09
37040061;;COBADEFFXXX;Commerzbank CC;50672;Köln;;09
37050198;;COLSDE33XXX;Sparkasse KölnBonn;50667;Köln;;00
37050299;;COKSDE33XXX;Kreissparkasse Köln;50461;Köln;;B5
37060120;;GENODED1PA7;Pax-Bank Gf MHD;50467;Köln;;06
37060193;;GENODED1PAX;Pax-Bank für Kirche und Caritas;33098;Paderborn;;06
37060194;;GENODED1PAX;Pax-Bank GF GAA;50670;Köln;;06
37060590;;GENODED1SPK;Sparda-Bank West;50668;Köln;;09
37060993;;GENODEF1P13;PSD Bank West;50667;Köln;;91
37062124;;GENODED1BGL;Bensberger Bank;51401;Bergisch Gladbach;;06
37062365;;GENODED1FHH;Volksbank Rhein-Erft-Köln;50354;Hürth;;06
37062600;;GENODED1PAF;VR Bank Bergisch Gladbach-Leverkusen;51465;Bergisch Gladbach;;06
37063367;;GENODED1FKH;Raiffeisenbank Fischenich-Kendenich -alt-;50354;Hürth;;06
37069101;;GENODED1AEG;Spar- und Darlehnskasse Aegidienberg -alt-;53593;Bad Honnef;;06
37069103;;GENODED1ALD;Raiffeisenbank Aldenhoven;52449;Aldenhoven;;06
37069125;;GENODED1RKO;Volksbank Berg;51679;Wipperfürth;;06
37069153;;GENODED1HCK;Spar- und Darlehnskasse Brachelen -alt-;41836;Hückelhoven;;06
37069164;;GENODED1MBU;Volksbank Meerbusch -alt-;40670;Meerbusch;;06
37069252;;GENODED1ERE;Volksbank Erft;50183;Elsdorf;;06
37069302;;GENODED1GLK;Raiffeisenbank -alt-;52501;Geilenkirchen;;06
37069303;;GENODED1GKK;Volksbank Gemünd-Kall -alt-;53925;Kall;;06
37069306;;GENODED1GRB;Raiffeisenbank Grevenbroich -alt-;41515;Grevenbroich;;06
37069322;;GENODED1EGY;Raiffeisenbank Gymnich;50374;Erftstadt;;06
37069330;;GENODED1HAW;Volksbank Haaren -alt-;52525;Waldfeucht;;06
37069331;;GENODED1KHO;Raiffeisenbank von 1895 Zw Horrem -alt-;50169;Kerpen;;06
37069342;;GENODED1HMB;Volksbank Heimbach;52396;Heimbach;;06
37069354;;GENODED1SEG;Raiffeisenbank Selfkant  -alt-;52538;Gangelt;;06
37069355;;GENODED1AHO;Spar- und Darlehnskasse Hoengen -alt-;52477;Alsdorf;;06
37069381;;GENODED1IMM;VR-Bank Rur-Wurm -alt-;52511;Geilenkirchen;;06
37069401;;GENODED1JUK;Raiffeisenbank Junkersdorf -alt-;50841;Köln;;06
37069405;;GENODED1KAA;Raiffeisenbank Kaarst;41564;Kaarst;;06
37069412;;GENODED1HRB;Volksbank Heinsberg;52525;Heinsberg;;06
37069427;;GENODED1DHK;Volksbank Dünnwald-Holweide;51069;Köln;;06
37069429;;GENODED1KNL;Volksbank Köln-Nord -alt-;50739;Köln;;06
37069472;;GENODED1ERF;Raiffeisenbk Erftstadt -alt-;50364;Erftstadt;;06
37069520;;GENODED1RST;VR-Bank Bonn Rhein-Sieg;53721;Siegburg;;06
37069521;;GENODED1MNH;Raiffeisenbank Rhein-Berg -alt-;40789;Monheim am Rhein;;06
37069524;;GENODED1MUC;Raiffeisenbank Much-Ruppichteroth -alt-;53798;Much;;06
37069627;;GENODED1RBC;Raiffeisenbank Voreifel;53359;Rheinbach;;06
37069639;;GENODED1WND;Rosbacher Raiffeisenbank -alt-;51570;Windeck;;06
37069642;;GENODED1SMR;Raiffeisenbank Eifel;52152;Simmerath;;06
37069707;;GENODED1SAM;Raiffeisenbank Sankt Augustin -alt-;53734;Sankt Augustin;;06
37069720;;GENODED1SLE;VR Bank EifelLand;53937;Schleiden;;06
37069805;;GENODED1WVI;Volksbank Wachtberg -alt-;53343;Wachtberg;;06
37069833;;GENODED1WSL;Raiffeisenbk Wesseling -alt-;50378;Wesseling;;06
37069840;;GENODED1WPF;Volksbank Wipperfürth-Lindlar;51688;Wipperfürth;;06
37069991;;GENODED1BRL;Brühler Bank;50321;Brühl;;06
37070000;;DEUTDEDK402;Deutsche Bank;50467;Köln;;63
37070024;;DEUTDEDBKOE;Deutsche Bank;50587;Köln;;63
37070060;;DEUTDEDKXXX;Deutsche Bank;50587;Köln;;63
37070209;;DEUTDEDKP08;Postbank/DSL Ndl der Deutsche Bank;50667;Köln;;63
37070224;;DEUTDEDBP08;Postbank/DSL Ndl der Deutsche Bank;50667;Köln;;63
37080040;;DRESDEFF370;Commerzbank vormals Dresdner Bank;50450;Köln;;76
37080085;;DRESDEFFI51;Commerzbank vormals Dresdner Bank Gf PCC DCC-ITGK 1;50450;Köln;;09
37080086;;DRESDEFFI67;Commerzbank vormals Dresdner Bank, PCC DCC-ITGK 4;50756;Köln;;09
37080087;;DRESDEFFI96;Commerzbank vormals Dresdner Bank, PCC DCC-ITGK 5;50450;Köln;;09
37080088;;DRESDEFFI97;Commerzbank vormals Dresdner Bank, PCC DCC-ITGK 6;50450;Köln;;09
37080089;;DRESDEFFI98;Commerzbank vormals Dresdner Bank, PCC DCC-ITGK 7;50450;Köln;;09
37080090;;DRESDEFFJ01;Commerzbank vormals Dresdner Bank, PCC DCC-ITGK 8;50450;Köln;;09
37080091;;DRESDEFFJ02;Commerzbank vormals Dresdner Bank, PCC DCC-ITGK 9;50450;Köln;;09
37080092;;DRESDEFFJ03;Commerzbank vormals Dresdner Bank, PCC DCC-ITGK 10;50450;Köln;;09
37080093;;DRESDEFFJ04;Commerzbank vormals Dresdner Bank, PCC DCC-ITGK 11;50450;Köln;;09
37080094;;DRESDEFFJ05;Commerzbank vormals Dresdner Bank, PCC DCC-ITGK 12;50450;Köln;;09
37080095;;DRESDEFFJ06;Commerzbank vormals Dresdner Bank, PCC DCC-ITGK 13;50450;Köln;;09
37080096;;DRESDEFFXXX;Commerzbank vormals Dresdner Bank Zw 96;50450;Köln;;76
37080097;;DRESDEFFXXX;Commerzbank vormals Dresdner Bank Zw 97;50450;Köln;;76
37080098;;DRESDEFFJ07;Commerzbank vormals Dresdner Bank, PCC DCC-ITGK 14;50450;Köln;;09
37080099;;DRESDEFFI36;Commerzbank vormals Dresdner Bank Zw 99;50450;Köln;;76
37089340;;DRESDEFFI04;Commerzbank vormals Dresdner Bank ITGK I;50450;Köln;;09
37089342;;DRESDEFFI05;Commerzbank vormals Dresdner Bank ITGK II;50450;Köln;;09
37160087;;GENODED1CGN;Kölner Bank -alt-;50461;Köln;;06
37161289;;GENODED1BRH;VR-Bank Rhein-Erft -alt-;50309;Brühl;;06
37540050;;COBADEFFXXX;Commerzbank;51302;Leverkusen;;13
37551020;;WELADED1LEI;Stadt-Sparkasse Leichlingen -alt-;42787;Leichlingen (Rheinland);;00
37551440;;WELADEDLLEV;Sparkasse Leverkusen;51312;Leverkusen;;00
37551780;;WELADED1LAF;Stadt-Sparkasse Langenfeld;40740;Langenfeld (Rheinland);;00
37570024;;DEUTDEDB375;Deutsche Bank;51373;Leverkusen;;63
37570064;;DEUTDEDK375;Deutsche Bank;51373;Leverkusen;;63
38010053;;PBNKDEFF380;Postbank Ndl der Deutsche Bank;53113;Bonn;;09
38010700;;PBNKDEFFDSL;DSL Bank Ndl der Deutsche Bank;53175;Bonn;;09
38010900;;DTABDED1XXX;KfW Ndl Bonn;53170;Bonn;;09
38010999;;DTABDED1AUS;KfW Ausbildungsförderung Bonn;53170;Bonn;;06
38011000;;VZVDDED1XXX;VÖB-ZVD Processing;53175;Bonn;;09
38011001;;VZVDDED1001;VÖB-ZVD Processing;53175;Bonn;;09
38011002;;VZVDDED1002;VÖB-ZVD Processing;53175;Bonn;;09
38011003;;VZVDDED1003;VÖB-ZVD Processing;53175;Bonn;;09
38011004;;VZVDDED1004;VÖB-ZVD Processing;53175;Bonn;;09
38011005;;VZVDDED1005;VÖB-ZVD Processing;53175;Bonn;;09
38011006;;VZVDDED1006;VÖB-ZVD Processing;53175;Bonn;;09
38011007;;VZVDDED1007;VÖB-ZVD Processing;53175;Bonn;;09
38011008;;VZVDDED1008;VÖB-ZVD Processing;53175;Bonn;;09
38020090;;HYVEDEMM402;UniCredit Bank - HypoVereinsbank;53002;Bonn;;99
38040007;;COBADEFFXXX;Commerzbank;53003;Bonn;;13
38050000;;COLSDE33BON;Sparkasse Bonn -alt-;53111;Bonn;;00
38051290;;WELADED1HON;Stadtsparkasse Bad Honnef -alt-;53587;Bad Honnef;;00
38060186;;GENODED1BRS;Volksbank Köln Bonn;53252;Bonn;;06
38070024;;DEUTDEDB380;Deutsche Bank;53004;Bonn;;63
38070059;;DEUTDEDK380;Deutsche Bank;53004;Bonn;;63
38070408;;DEUTDEDKP38;Postbank/DSL Ndl der Deutsche Bank;53113;Bonn;;63
38070424;;DEUTDEDBP38;Postbank/DSL Ndl der Deutsche Bank;53113;Bonn;;63
38070724;;DEUTDEDBXXX;Deutsche Bank;53117;Bonn;;63
38077724;;DEUTDEDB383;Deutsche Bank;53639;Königswinter;;63
38080055;;DRESDEFF380;Commerzbank vormals Dresdner Bank;53004;Bonn;;76
38160220;;GENODED1HBO;VR-Bank Bonn -alt-;53123;Bonn;;06
38250110;;WELADED1EUS;Kreissparkasse Euskirchen;53861;Euskirchen;;00
38260082;;GENODED1EVB;Volksbank Euskirchen;53879;Euskirchen;;06
38440016;;COBADEFFXXX;Commerzbank;51643;Gummersbach;;13
38450000;;WELADED1GMB;Sparkasse Gummersbach;51608;Gummersbach;;00
38452490;;WELADED1WIE;Sparkasse der Homburgischen Gemeinden -alt-;51656;Wiehl;;00
38462135;;GENODED1WIL;Volksbank Oberberg;51674;Wiehl;;06
38470024;;DEUTDEDB384;Deutsche Bank;51602;Gummersbach;;63
38470091;;DEUTDEDW384;Deutsche Bank;51602;Gummersbach;;63
38621500;;GENODED1STB;Steyler Bank;53754;Sankt Augustin;;38
38650000;;WELADED1SGB;Kreissparkasse Siegburg -alt-;53705;Siegburg;;00
38651390;;WELADED1HEN;Sparkasse Hennef -alt-;53762;Hennef (Sieg);;00
39020000;;AABSDE31XXX;Aachener Bausparkasse;52001;Aachen;;09
39040013;;COBADEFFXXX;Commerzbank;52003;Aachen;;13
39050000;;AACSDE33XXX;Sparkasse Aachen;52059;Aachen;;00
39060180;;GENODED1AAC;Aachener Bank;52001;Aachen;;06
39061981;;GENODED1HNB;Heinsberger Volksbank -alt-;52525;Heinsberg;;06
39070020;;DEUTDEDK390;Deutsche Bank;52062;Aachen;;63
39070024;;DEUTDEDB390;Deutsche Bank;52062;Aachen;;63
39070210;;DEUTDEDKP09;Postbank/DSL Ndl der Deutsche Bank;52062;Aachen;;63
39070224;;DEUTDEDBP09;Postbank/DSL Ndl der Deutsche Bank;52062;Aachen;;63
39080005;;DRESDEFF390;Commerzbank vormals Dresdner Bank;52006;Aachen;;76
39080098;;DRESDEFFI37;Commerzbank vormals Dresdner Bank Zw 98;52006;Aachen;;76
39080099;;DRESDEFFI38;Commerzbank vormals Dresdner Bank Zw 99;52006;Aachen;;76
39160191;;GENODED1PA1;Pax-Bank;52012;Aachen;;06
39161490;;GENODED1AAS;Volksbank Aachen Süd;52037;Aachen;;06
39162980;;GENODED1WUR;VR-Bank -alt-;52135;Würselen;;06
39362254;;GENODED1RSC;Raiffeisen-Bank Eschweiler;52231;Eschweiler;;06
39540052;;COBADEFFXXX;Commerzbank;52351;Düren;;13
39550110;;SDUEDE33XXX;Sparkasse Düren;52324;Düren;;00
39560201;;GENODED1DUE;Volksbank Düren -alt-;52316;Düren;;06
39570024;;DEUTDEDB395;Deutsche Bank;52304;Düren;;63
39570061;;DEUTDEDK395;Deutsche Bank;52304;Düren;;63
39580041;;DRESDEFF395;Commerzbank vormals Dresdner Bank;52304;Düren;;76
40022000;;NRWBDEDMMST;NRW.BANK;48145;Münster;;08
40030000;;MLBKDEH1MUE;Münsterländische Bank Thie,Zndl. d.VR-Bank Westmünst.-alt-;48143;Münster;;61
40040028;;COBADEFFXXX;Commerzbank;48136;Münster;;13
40050000;;WELADE3MXXX;Landesbank Hessen-Thüringen Girozentrale NL. Düsseldorf;48134;Münster;;08
40050150;;WELADED1MST;Sparkasse Münsterland Ost;48151;Münster;;00
40055555;;LBSWDE31XXX;LBS Landesbausparkasse Nord West;48149;Münster;;09
40060000;;GENODEMSXXX;DZ BANK;48136;Münster;;44
40060265;;GENODEM1DKM;DKM Darlehnskasse Münster;48008;Münster;;34
40060560;;GENODEF1S08;Sparda-Bank West;48037;Münster;;09
40061238;;GENODEM1GRV;Volksbank Greven -alt-;48256;Greven;;34
40069226;;GENODEM1CND;Volksbank Lette-Darup-Rorup;48645;Coesfeld;;34
40069266;;GENODEM1MAS;Volksbank im Hochsauerland;59889;Eslohe (Sauerland);;34
40069283;;GENODEM1SLN;Volksbank Schlangen;33185;Schlangen;;34
40069348;;GENODEM1MDB;Volksbank Medebach -alt-;59961;Medebach;;34
40069362;;GENODEM1SAE;Volksbank -alt-;48369;Saerbeck;;34
40069363;;GENODEM1SMB;Volksbank Schermbeck;46510;Schermbeck;;34
40069371;;GENODEM1BTH;Volksbank Thülen -alt-;59929;Brilon;;34
40069408;;GENODEM1BAU;Volksbank Baumberge;48727;Billerbeck;;34
40069477;;GENODEM1DWU;Volksbank Wulfen -alt-;46282;Dorsten;;34
40069546;;GENODEM1SDN;Volksbank Ascheberg-Senden;59387;Ascheberg;;34
40069600;;GENODEM1MAB;Volksbank Amelsbüren -alt-;48163;Münster;;34
40069601;;GENODEM1CAN;Volksbank Ascheberg-Herbern -alt-;59381;Ascheberg;;34
40069606;;GENODEM1ERR;Volksbank Erle -alt-;46348;Raesfeld;;34
40069622;;GENODEM1LSP;Volksbank Seppenrade -alt-;59348;Lüdinghausen;;34
40069709;;GENODEM1DLR;Volksbank in der Hohen Mark;48734;Reken;;34
40069716;;GENODEM1SCN;Volksbank Südkirchen-Capelle-Nordkirchen;59394;Nordkirchen;;34
40070024;;DEUTDEDB400;Deutsche Bank;48136;Münster;;63
40070080;;DEUTDE3B400;Deutsche Bank;48136;Münster;;63
40070211;;DEUTDE3BP10;Postbank/DSL Ndl der Deutsche Bank;48143;Münster;;63
40070224;;DEUTDEDBP10;Postbank/DSL Ndl der Deutsche Bank;48143;Münster;;63
40080040;;DRESDEFF400;Commerzbank vormals Dresdner Bank;48135;Münster;;76
40080085;;DRESDEFFI68;Commerzbank vormals Dresdner Bank, PCC DCC-ITGK 1;48084;Münster;;09
40090900;;GENODEF1P15;VR Bank Westfalen-Lippe -alt-;48155;Münster;;91
40150001;;WELADEDDXXX;Helaba Düsseldorf Gf Verrechnung FI-Münster;40019;Düsseldorf;;09
40153768;;WELADED1EMS;Verbundsparkasse Emsdetten Ochtrup;48282;Emsdetten;;01
40154006;;WELADED1GRO;Sparkasse Gronau -alt-;48599;Gronau (Westf.);;00
40154476;;WELADED1LEN;Stadtsparkasse Lengerich;49525;Lengerich;;00
40154530;;WELADE3WXXX;Sparkasse Westmünsterland;48683;Ahaus;;00
40154702;;WELADED1STL;Stadtsparkasse Stadtlohn -alt-;48695;Stadtlohn;;00
40160050;;GENODEM1MSC;Vereinigte Volksbank Münster -alt-;48044;Münster;;34
40163720;;GENODEM1SEE;Volksbank Nordmünsterland -alt-;48411;Rheine;;34
40164024;;GENODEM1GRN;Volksbank Gronau-Ahaus;48599;Gronau (Westf.);;34
40164256;;GENODEM1LAE;Volksbank Laer-Horstmar-Leer -alt-;48362;Laer;;34
40164352;;GENODEM1CNO;Volksbank Nottuln;48301;Nottuln;;34
40164528;;GENODEM1LHN;Volksbank Südmünsterland-Mitte -alt-;59348;Lüdinghausen;;34
40164618;;GENODEM1OTR;Volksbank Ochtrup-Laer;48602;Ochtrup;;34
40164901;;GENODEM1GE1;Volksbank Gescher;48712;Gescher;;34
40165366;;GENODEM1SEM;Volksbank Selm-Bork;59379;Selm;;34
40166439;;GENODEM1LLE;Volksbank Lengerich/Lotte -alt-;49525;Lengerich;;34
40166800;;GENODEM1BUL;Volksbank Buldern -alt-;48249;Dülmen;;34
40340030;;COBADEFFXXX;Commerzbank;48431;Rheine;;13
40350005;;WELADED1RHN;Stadtsparkasse Rheine;48410;Rheine;;00
40351060;;WELADED1STF;Kreissparkasse Steinfurt;49477;Ibbenbüren;;49
40351220;;WELADED1IBB;Sparkasse Steinfurt -alt-;48543;Steinfurt;;00
40361627;;GENODEM1WKP;Volksbank Westerkappeln-Saerbeck -alt-;49492;Westerkappeln;;34
40361906;;GENODEM1IBB;Volksbank im Münsterland;48143;Münster;;34
40363433;;GENODEM1HRL;Volksbank Hörstel -alt-;48467;Hörstel;;34
40370024;;DEUTDEDB403;Deutsche Bank;48403;Rheine;;63
40370079;;DEUTDE3B403;Deutsche Bank;48403;Rheine;;63
41040018;;COBADEFFXXX;Commerzbank;59003;Hamm;;13
41041000;;COBADEFFXXX;ZTB der Commerzbank;59003;Hamm;;13
41050095;;WELADED1HAM;Sparkasse Hamm;59061;Hamm;;00
41051605;;WELADED1WRN;Stadtsparkasse Werne -alt-;59358;Werne;;00
41051845;;WELADED1BGK;Sparkasse Bergkamen-Bönen;59180;Bergkamen;;00
41061011;;GENODEM1HBH;Spar- und Darlehnskasse Bockum-Hövel;59038;Hamm;;34
41061903;;GENODEM1BAG;BAG Bankaktiengesellschaft;59069;Hamm;;34
41062215;;GENODEM1BO1;Volksbank Bönen;59194;Bönen;;34
41070024;;DEUTDEDB410;Deutsche Bank;59003;Hamm;;63
41070049;;DEUTDEDE410;Deutsche Bank;59003;Hamm;;63
41240048;;COBADEFFXXX;Commerzbank;59269;Beckum;;13
41250035;;WELADED1BEK;Sparkasse Beckum-Wadersloh -alt-;59267;Beckum;;00
41260006;;GENODEM1BEK;Volksbank Beckum -alt-;59249;Beckum;;34
41261324;;GENODEM1EOW;Volksbank Enniger-Ostenfelde-Westkirchen;59320;Ennigerloh;;34
41261419;;GENODEM1OEN;Volksbank Oelde-Ennigerloh-Neubeckum -alt-;59320;Ennigerloh;;34
41262501;;GENODEM1AHL;Volksbank -alt-;48212;Warendorf;;34
41280043;;DRESDEFF413;Commerzbank vormals Dresdner Bank;59243;Beckum;;76
41440018;;COBADEFFXXX;Commerzbank;59485;Soest;;13
41450075;;WELADED1SOS;Sparkasse Hellweg-Lippe;59553;Lippstadt;;00
41451750;;WELADED1WRL;Sparkasse Werl -alt-;59457;Werl;;00
41460116;;GENODEM1SOE;Volksbank Hellweg;59494;Soest;;34
41462295;;GENODEM1WRU;Volksbank Wickede (Ruhr) -alt-;58734;Wickede (Ruhr);;34
41650001;;WELADED1LIP;Sparkasse Lippstadt -alt-;59553;Lippstadt;;00
41651770;;WELADED1HSL;Sparkasse Hochsauerland -alt-;59929;Brilon;;00
41651815;;WELADED1ERW;Sparkasse Erwitte-Anröchte -alt-;59592;Erwitte;;00
41651965;;WELADED1GES;Sparkasse Geseke;59585;Geseke;;00
41660124;;GENODEM1LPS;VR Bank Westfalen-Lippe;59555;Lippstadt;;34
41661206;;GENODEM1ANR;Volksbank Anröchte;59604;Anröchte;;34
41661504;;GENODEM1LBH;Volksbank Benninghausen -alt-;59556;Lippstadt;;34
41661719;;GENODEM1BRI;Volksbank Brilon -alt-;59920;Brilon;;34
41662465;;GENODEM1SGE;Volksbank Störmede-Westenholz-Hörste;33129;Delbrück;;34
41662557;;GENODEM1WST;Volksbank Warstein-Belecke -alt-;59564;Warstein;;34
41663335;;GENODEM1HOE;Volksbank Hörste -alt-;59558;Lippstadt;;34
41670024;;DEUTDEDB416;Deutsche Bank;59553;Lippstadt;;63
41670027;;DEUTDE3B416;Deutsche Bank;59553;Lippstadt;;63
41670028;;DEUTDE3B417;Deutsche Bank;59929;Brilon;;63
41670029;;DEUTDE3B414;Deutsche Bank;59485;Soest;;63
41670030;;DEUTDE3B418;Deutsche Bank;59457;Werl;;63
42030600;;ISBKDEFXGEL;Isbank Fil Gelsenkirchen;45879;Gelsenkirchen;;06
42040040;;COBADEFFXXX;Commerzbank;45805;Gelsenkirchen;;13
42050001;;WELADED1GEK;Sparkasse Gelsenkirchen;45801;Gelsenkirchen;;25
42070024;;DEUTDEDB420;Deutsche Bank;45801;Gelsenkirchen;;63
42070062;;DEUTDEDE420;Deutsche Bank;45801;Gelsenkirchen;;63
42080082;;DRESDEFF420;Commerzbank vormals Dresdner Bank;45806;Gelsenkirchen;;76
42260001;;GENODEM1GBU;Volksbank Ruhr Mitte;45877;Gelsenkirchen;;34
42450040;;WELADED1GLA;Stadtsparkasse Gladbeck;45955;Gladbeck;;00
42451220;;WELADED1BOT;Sparkasse Bottrop;46215;Bottrop;;00
42461435;;GENODEM1KIH;Vereinte Volksbank;46282;Dorsten;;34
42640048;;COBADEFFXXX;Commerzbank;45603;Recklinghausen;;13
42650150;;WELADED1REK;Sparkasse Vest Recklinghausen;45608;Recklinghausen;;00
42651315;;WELADED1HAT;Stadtsparkasse Haltern am See -alt-;45713;Haltern am See;;00
42661008;;GENODEM1MRL;Volksbank Marl-Recklinghausen;45752;Marl;;34
42661088;;GENODEM1MRL;Volksbank Marl-Recklinghausen (Gf GAA);45772;Marl;;34
42661330;;GENODEM1HLT;Volksbank Haltern -alt-;45721;Haltern am See;;34
42661717;;GENODEM1WLW;Volksbank Waltrop -alt-;45724;Waltrop;;34
42662320;;GENODEM1DST;Volksbank Dorsten -alt-;46256;Dorsten;;34
42680081;;DRESDEFF426;Commerzbank vormals Dresdner Bank;45604;Recklinghausen;;76
42840005;;COBADEFFXXX;Commerzbank;46393;Bocholt;;13
42850035;;WELADED1BOH;Stadtsparkasse Bocholt;46393;Bocholt;;00
42860003;;GENODEM1BOH;Volksbank Bocholt;46395;Bocholt;;34
42861239;;GENODEM1RKN;Spar- und Darlehnskasse -alt-;48734;Reken;;34
42861387;;GENODEM1BOB;Volksbank Westmünsterland;48653;Coesfeld;;34
42861515;;GENODEM1BOG;Volksbank Gemen -alt-;46325;Borken;;34
42861608;;GENODEM1HEI;Volksbank Heiden;46356;Heiden;;34
42861814;;GENODEM1RHD;Volksbank Rhede;46407;Rhede;;34
42862451;;GENODEM1RAE;Volksbank Raesfeld und Erle;46348;Raesfeld;;34
42870024;;DEUTDEDB428;Deutsche Bank;46399;Bocholt;;63
42870077;;DEUTDE3B428;Deutsche Bank;46399;Bocholt;;63
43000000;;MARKDEF1430;Bundesbank eh Bochum;44715;Bochum;;09
43040036;;COBADEFFXXX;Commerzbank;44701;Bochum;;13
43050001;;WELADED1BOC;Sparkasse Bochum;44724;Bochum;;00
43051040;;WELADED1HTG;Sparkasse Hattingen;45504;Hattingen;;00
43060129;;GENODEM1BOC;Volksbank Bochum Witten;44728;Bochum;;34
43060967;;GENODEM1GLS;GLS Gemeinschaftsbank;44789;Bochum;;34
43060988;;GENODEM1GLS;GLS Gemeinschaftsbank (GAA);44789;Bochum;;34
43070024;;DEUTDEDB430;Deutsche Bank;44705;Bochum;;63
43070061;;DEUTDEDE430;Deutsche Bank;44705;Bochum;;63
43080083;;DRESDEFF430;Commerzbank vormals Dresdner Bank;44705;Bochum;;76
43250030;;WELADED1HRN;Herner Sparkasse;44621;Herne;;00
44000000;;MARKDEF1440;Bundesbank eh Dortmund -alt-;44025;Dortmund;;09
44010046;;PBNKDEFFXXX;Postbank Ndl der Deutsche Bank;44131;Dortmund;;24
44020090;;HYVEDEMM808;UniCredit Bank - HypoVereinsbank;44003;Dortmund;;99
44040037;;COBADEFFXXX;Commerzbank;44047;Dortmund;;13
44040060;;COBADEFFXXX;Commerzbank CC;44137;Dortmund;;09
44040061;;COBADEFFXXX;Commerzbank CC;44137;Dortmund;;09
44040085;;COBADEFFXXX;Commerzbank, Gf Web-K;44047;Dortmund;;13
44050000;;WELADE3DXXX;Landesbank Hessen-Thüringen Girozentrale NL. Düsseldorf;44047;Dortmund;;08
44050199;;DORTDE33XXX;Sparkasse Dortmund;44047;Dortmund;;06
44060122;;GENODEM1DNW;Volksbank Dortmund-Nordwest -alt-;44359;Dortmund;;34
44064406;;GENODED1KDD;Bank für Kirche und Diakonie - KD-Bank Gf Sonder-BLZ;44135;Dortmund;;09
44070024;;DEUTDEDB440;Deutsche Bank;44126;Dortmund;;63
44070050;;DEUTDEDE440;Deutsche Bank;44126;Dortmund;;63
44080050;;DRESDEFF440;Commerzbank vormals Dresdner Bank;44047;Dortmund;;76
44080055;;DRESDEFF446;Commerzbank vormals Dresdner Bank Zw 55;44047;Dortmund;;76
44080057;;DRESDEFF447;Commerzbank vormals Dresdner Bank Gf ZW 57;44047;Dortmund;;76
44080085;;DRESDEFFI69;Commerzbank vormals Dresdner Bank, PCC DCC-ITGK 2;44401;Dortmund;;09
44089320;;DRESDEFFI18;Commerzbank vormals Dresdner Bank ITGK;44047;Dortmund;;09
44090920;;GENODEF1P04;PSD Bank Dortmund -alt-;44139;Dortmund;;91
44152370;;WELADED1LUN;Sparkasse an der Lippe;44530;Lünen;;00
44152490;;WELADED1SWT;Stadtsparkasse Schwerte -alt-;58212;Schwerte;;00
44160014;;GENODEM1DOR;Dortmunder Volksbank;44128;Dortmund;;34
44340037;;COBADEFFXXX;Commerzbank;59401;Unna;;13
44350060;;WELADED1UNN;Sparkasse UnnaKamen;59409;Unna;;00
44351380;;WELADED1KAM;Sparkasse Kamen -alt-;59159;Kamen;;00
44351740;;WELADED1FRN;Sparkasse Fröndenberg -alt-;58720;Fröndenberg/Ruhr;;00
44361342;;GENODEM1KWK;Volksbank Kamen-Werne -alt-;59174;Kamen;;34
44540022;;COBADEFFXXX;Commerzbank;58583;Iserlohn;;13
44550045;;WELADED1ISL;Sparkasse der Stadt Iserlohn;58634;Iserlohn;;00
44551210;;WELADED1HEM;Sparkasse Märkisches Sauerland Hemer-Menden;58675;Hemer;;00
44570004;;DEUTDEDW445;Deutsche Bank;58634;Iserlohn;;63
44570024;;DEUTDEDB445;Deutsche Bank;58634;Iserlohn;;63
44580070;;DRESDEFF445;Commerzbank vormals Dresdner Bank;58634;Iserlohn;;76
44580085;;DRESDEFFI70;Commerzbank vormals Dresdner Bank, PCC DCC-ITGK 1;58582;Iserlohn;;09
44761312;;GENODEM1MEN;Mendener Bank;58708;Menden (Sauerland);;34
44761534;;GENODEM1NRD;Volksbank in Südwestfalen;57072;Siegen;;34
45000000;;MARKDEF1450;Bundesbank eh Hagen;58042;Hagen;;09
45040042;;COBADEFFXXX;Commerzbank;58006;Hagen;;13
45050001;;WELADE3HXXX;Sparkasse an Volme und Ruhr;58042;Hagen;;E4
45051485;;WELADED1HER;Stadtsparkasse Herdecke -alt-;58311;Herdecke;;00
45060009;;GENODEM1HGN;Märkische Bank;58037;Hagen;;34
45061524;;GENODEM1HLH;Volksbank Hohenlimburg;58119;Hagen;;34
45070002;;DEUTDEDW450;Deutsche Bank;58085;Hagen;;63
45070024;;DEUTDEDB450;Deutsche Bank;58085;Hagen;;63
45080060;;DRESDEFF450;Commerzbank vormals Dresdner Bank;58041;Hagen;;76
45240056;;COBADEFFXXX;Commerzbank;58452;Witten;;13
45250035;;WELADED1WTN;Sparkasse Witten;58449;Witten;;00
45251480;;WELADED1WET;Stadtsparkasse Wetter -alt-;58300;Wetter (Ruhr);;00
45251515;;SPSHDE31XXX;Stadtsparkasse Sprockhövel -alt-;45536;Sprockhövel;;00
45260041;;GENODEM1WTN;Volksbank Witten -alt-;58414;Witten;;34
45260475;;GENODEM1BFG;Spar- u Kreditbank d Bundes Fr ev Gemeinden;58426;Witten;;34
45261547;;GENODEM1SPO;Volksbank Sprockhövel;45538;Sprockhövel;;34
45450050;;WELADED1GEV;Sparkasse an Ennepe und Ruhr;58265;Gevelsberg;;00
45451060;;WELADED1ENE;Sparkasse Ennepetal-Breckerfeld -alt-;58244;Ennepetal;;00
45451555;;WELADED1SLM;Sparkasse Schwelm-Sprockhövel;58332;Schwelm;;09
45660029;;GENODEM1ALA;Volksbank Altena -alt-;58754;Altena;;34
45840026;;COBADEFFXXX;Commerzbank;58463;Lüdenscheid;;13
45841031;;COBADEFFXXX;Commerzbank;58811;Plettenberg;;13
45850005;;WELADED1LSD;Sparkasse Lüdenscheid -alt-;58505;Lüdenscheid;;00
45851020;;WELADED1PLB;Vereinigte Sparkasse im Märkischen Kreis;58816;Plettenberg;;00
45851665;;WELADED1KMZ;Sparkasse Kierspe-Meinerzhagen;58531;Meinerzhagen;;00
45860033;;GENODEM1LHA;Volksbank Lüdenscheid -alt-;58478;Lüdenscheid;;34
45861434;;GENODEM1KIE;Volksbank Kierspe;58566;Kierspe;;34
45861617;;GENODEM1MOM;Volksbank Meinerzhagen -alt-;58531;Meinerzhagen;;34
46040033;;COBADEFFXXX;Commerzbank;57002;Siegen;;13
46050001;;WELADED1SIE;Sparkasse Siegen;57009;Siegen;;00
46051240;;WELADED1BUB;Sparkasse Burbach-Neunkirchen;57291;Burbach;;00
46051733;;WELADED1FRE;Stadtsparkasse Freudenberg -alt-;57251;Freudenberg;;00
46051875;;WELADED1HIL;Stadtsparkasse Hilchenbach -alt-;57271;Hilchenbach;;00
46052855;;WELADED1SMB;Stadtsparkasse Schmallenberg -alt-;57376;Schmallenberg;;00
46053480;;WELADED1BEB;Sparkasse Wittgenstein;57304;Bad Berleburg;;00
46060040;;GENODEM1SNS;Volksbank Siegerland -alt-;57011;Siegen;;34
46061724;;GENODEM1FRF;VR-Bank Freudenberg-Niederfischbach;57258;Freudenberg;;34
46062817;;GENODEM1SMA;Volksbank Sauerland;57392;Schmallenberg;;34
46063405;;GENODEM1BB1;Volksbank Wittgenstein;57306;Bad Berleburg;;34
46070024;;DEUTDEDB460;Deutsche Bank;57069;Siegen;;63
46070090;;DEUTDEDK460;Deutsche Bank;57069;Siegen;;63
46080010;;DRESDEFF460;Commerzbank vormals Dresdner Bank;57003;Siegen;;76
46240016;;COBADEFFXXX;Commerzbank;57462;Olpe;;13
46250049;;WELADED1OPE;Sparkasse Olpe-Drolshagen-Wenden;57447;Olpe;;00
46251590;;WELADED1FTR;Sparkasse Finnentrop -alt-;57401;Finnentrop;;00
46251630;;WELADED1ALK;Sparkasse Attendorn-Lennestadt-Kirchhundem;57428;Attendorn;;00
46260023;;GENODEM1OLP;Volksbank Olpe -alt-;57450;Olpe;;34
46261607;;GENODEM1GLG;Volksbank Grevenbrück -alt;57368;Lennestadt;;34
46261822;;GENODEM1WDD;Volksbank Olpe-Wenden-Drolshagen;57450;Olpe;;34
46262456;;GENODEM1HUL;Volksbank Bigge-Lenne -alt-;57368;Lennestadt;;34
46441003;;COBADEFFXXX;Commerzbank;59872;Meschede;;13
46451012;;WELADED1MES;Sparkasse Mitten im Sauerland -alt-;59872;Meschede;;00
46451250;;WELADED1BST;Sparkasse Bestwig -alt-;59909;Bestwig;;00
46461126;;GENODEM1SRL;Volksbank Sauerland -alt-;59872;Meschede;;34
46462271;;GENODEM1ANO;Spar- und Darlehnskasse Oeventrop -alt-;59823;Arnsberg;;34
46464453;;GENODEM1RET;Volksbank Reiste-Eslohe -alt-;59889;Eslohe (Sauerland);;34
46640018;;COBADEFFXXX;Commerzbank;59704;Arnsberg;;13
46650005;;WELADED1ARN;Sparkasse Mitten im Sauerland;59872;Meschede;;00
46660022;;GENODEM1NEH;Volksbank Sauerland -alt-;59738;Arnsberg;;34
46670007;;DEUTDEDW466;Deutsche Bank;59704;Arnsberg;;63
46670024;;DEUTDEDB961;Deutsche Bank;59704;Arnsberg;;63
46670204;;DEUTDEDWP03;Postbank/DSL Ndl der Deutsche Bank;59755;Arnsberg;;63
46670224;;DEUTDEDBP03;Postbank/DSL Ndl der Deutsche Bank;59755;Arnsberg;;63
47000000;;MARKDEF1470;Bundesbank Dortmund;44025;Dortmund;;09
47240047;;COBADEFFXXX;Commerzbank;33043;Paderborn;;13
47250101;;WELADED1PBN;Sparkasse Paderborn -alt-;33054;Paderborn;;00
47251550;;WELADED1HXB;Sparkasse Höxter -alt-;33027;Brakel;;00
47251740;;WELADED1DEL;Stadtsparkasse Delbrück -alt-;33129;Delbrück;;00
47260121;;DGPBDE3MXXX;VerbundVolksbank OWL;33098;Paderborn;;34
47260234;;GENODEM1EWB;Volksbank Elsen-Wewer-Borchen;33075;Paderborn;;34
47260307;;GENODEM1BKC;Bank für Kirche und Caritas -alt-;33098;Paderborn;;34
47261429;;GENODEM1WNH;Volksbank Haaren -alt-;33181;Bad Wünnenberg;;34
47261603;;GENODEM1BUS;Volksbank Brilon-Büren-Salzkotten -alt-;33146;Salzkotten;;34
47262626;;GENODEM1WDE;Volksbank Westenholz -alt-;33129;Delbrück;;34
47262703;;GENODEM1DLB;Volksbank Delbrück-Hövelhof -alt-;33129;Delbrück;;34
47264367;;GENODEM1STM;Vereinigte Volksbank;33029;Brakel;;34
47265383;;GENODEM1WAH;Volksbank Wewelsburg-Ahden -alt-;33142;Büren;;34
47267216;;GENODEM1BOT;Volksbank Borgentreich -alt-;34432;Borgentreich;;34
47270024;;DEUTDEDB472;Deutsche Bank;33044;Paderborn;;63
47270029;;DEUTDE3B472;Deutsche Bank;33044;Paderborn;;63
47460028;;GENODEM1WBG;Volksbank Warburger Land -alt-;34414;Warburg;;34
47640051;;COBADEFFXXX;Commerzbank;32756;Detmold;;13
47650130;;WELADE3LXXX;Sparkasse Paderborn-Detmold-Höxter;32756;Detmold;;00
47651225;;WELADED1BLO;Stadtsparkasse Blomberg -alt-;32820;Blomberg;;00
47670023;;DEUTDE3B476;Deutsche Bank;32756;Detmold;;63
47670024;;DEUTDEDB476;Deutsche Bank;32756;Detmold;;63
47670205;;DEUTDE3BP04;Postbank/DSL Ndl der Deutsche Bank;32756;Detmold;;63
47670224;;DEUTDEDBP04;Postbank/DSL Ndl der Deutsche Bank;32756;Detmold;;63
47691200;;GENODEM1OLB;Volksbank Ostlippe;32820;Blomberg;;34
47840065;;COBADEFFXXX;Commerzbank;33244;Gütersloh;;13
47840080;;COBADEFFXXX;Commerzbank Zw 80;33244;Gütersloh;;09
47850065;;WELADED1GTL;Sparkasse Gütersloh-Rietberg-Versmold;33260;Gütersloh;;A7
47852760;;WELADED1RTG;Sparkasse Rietberg -alt-;33381;Rietberg;;00
47853355;;WELADED1VSM;Stadtsparkasse Versmold -alt-;33762;Versmold;;00
47853520;;WELADED1WDB;Kreissparkasse Halle-Wiedenbrück;33378;Rheda-Wiedenbrück;;00
47860125;;GENODEM1GTL;Volksbank in Ostwestfalen, Gütersloh;33602;Bielefeld;;34
47861317;;GENODEM1CLL;Volksbank im Ostmünsterland -alt-;33419;Harsewinkel;;34
47861518;;GENODEM1HWI;Volksbank Harsewinkel -alt-;33419;Harsewinkel;;34
47862261;;GENODEM1MFD;Volksbank Marienfeld -alt-;33429;Marienfeld;;34
47862447;;GENODEM1RNE;Volksbank Delbrück-Rietberg;33129;Delbrück;;34
47863373;;GENODEM1VMD;Volksbank Versmold;33762;Versmold;;34
47880031;;DRESDEFF478;Commerzbank vormals Dresdner Bank;33244;Gütersloh;;76
48000000;;MARKDEF1480;Bundesbank;33518;Bielefeld;;09
48020086;;HYVEDEMM344;UniCredit Bank - HypoVereinsbank;33505;Bielefeld;;99
48020151;;HAUKDEFFXXX;ABN AMRO Bank, Frankfurt Branch;60329;Frankfurt am Main;;09
48021900;;DGPBDE3MBVW;Bankverein Werther Zw Ndl der VerbundVolksbank OWL;33824;Werther (Westf.);;34
48040035;;COBADEFFXXX;Commerzbank;33596;Bielefeld;;13
48040060;;COBADEFFXXX;Commerzbank CC;33605;Bielefeld;;09
48040061;;COBADEFFXXX;Commerzbank CC;33605;Bielefeld;;09
48050161;;SPBIDE3BXXX;Sparkasse Bielefeld;33526;Bielefeld;;00
48051580;;WELADED1HAW;Kreissparkasse Halle -alt-;33778;Halle (Westf.);;00
48060036;;GENODEM1BIE;Bielefelder Volksbank -alt-;33529;Bielefeld;;34
48062051;;GENODEM1HLW;Volksbank Halle/Westf;33790;Halle (Westf.);;34
48062466;;GENODEM1SHS;Spar-u Darlehnskasse Schloß Holte-Stukenbrock -alt-;33751;Schloß Holte-Stukenbrock;;34
48070020;;DEUTDE3BXXX;Deutsche Bank;33501;Bielefeld;;63
48070024;;DEUTDEDBBIE;Deutsche Bank;33501;Bielefeld;;63
48070040;;DEUTDE3B480;Deutsche Bank;33244;Gütersloh;;63
48070042;;DEUTDE3B484;Deutsche Bank;33416;Harsewinkel;;63
48070043;;DEUTDE3B489;Deutsche Bank;33398;Verl;;63
48070044;;DEUTDE3B487;Deutsche Bank;33341;Rheda-Wiedenbrück;;63
48070045;;DEUTDE3B413;Deutsche Bank;59243;Beckum;;63
48070050;;DEUTDE3B481;Deutsche Bank;32004;Herford;;63
48070052;;DEUTDE3B492;Deutsche Bank;32215;Bünde;;63
48080020;;DRESDEFF480;Commerzbank vormals Dresdner Bank;33502;Bielefeld;;76
48089350;;DRESDEFFI19;Commerzbank vormals Dresdner Bank ITGK;33502;Bielefeld;;09
48250110;;WELADED1LEM;Sparkasse Lemgo;32655;Lemgo;;00
48291490;;GENODEM1BSU;Volksbank Bad Salzuflen;32108;Bad Salzuflen;;34
49040043;;COBADEFFXXX;Commerzbank;32423;Minden;;13
49050101;;WELADED1MIN;Sparkasse Minden-Lübbecke;32382;Minden;;00
49051065;;WELADED1RHD;Stadtsparkasse Rahden;32362;Rahden;;00
49051285;;WELADED1OEH;Sparkasse Bad Oeynhausen-Porta Westfalica;32543;Bad Oeynhausen;;00
49051990;;WELADED1PWF;Stadtsparkasse Porta Westfalica -alt-;32457;Porta Westfalica;;00
49060127;;GENODEM1MPW;Volksbank Mindener Land -alt-;32387;Minden;;34
49060392;;GENODEM1MND;Volksbank Minden -alt-;32389;Minden;;34
49061470;;GENODEM1STR;Volksbank Stemweder Berg -alt-;32369;Rahden;;34
49061510;;GENODEM1EPW;Volksbank Eisbergen -alt-;32457;Porta Westfalica;;34
49070024;;DEUTDEDB490;Deutsche Bank;32423;Minden;;63
49070028;;DEUTDE3B490;Deutsche Bank;32423;Minden;;63
49080025;;DRESDEFF491;Commerzbank vormals Dresdner Bank;32379;Minden;;76
49092650;;GENODEM1LUB;Volksbank PLUS;32312;Lübbecke;;34
49240096;;COBADEFFXXX;Commerzbank;32214;Bünde;;13
49262364;;GENODEM1SNA;Volksbank Schnathorst -alt-;32609;Hüllhorst;;34
49440043;;COBADEFFXXX;Commerzbank;32004;Herford;;13
49450120;;WLAHDE44XXX;Sparkasse Herford;32045;Herford;;00
49490070;;GENODEM1HFV;Volksbank Herford-Mindener Land -alt-;32049;Herford;;34
50000000;;MARKDEF1500;Bundesbank;60047;Frankfurt am Main;;09
50010060;;PBNKDEFFXXX;Postbank Ndl der Deutsche Bank;60288;Frankfurt am Main;;24
50010200;;AKBKDEFFXXX;AKBANK;65760;Eschborn;;09
50010300;;FCBKDEFFXXX;First Commercial Bank, Frankfurt Branch;60325;Frankfurt am Main;;09
50010424;;AARBDE5W500;Aareal Bank ehem. Filiale Frankfurt;65189;Wiesbaden;;09
50010517;;INGDDEFFXXX;ING-DiBa;60628;Frankfurt am Main;;C1
50010700;;DEGUDEFFXXX;Oldenburgische Landesbank AG;26014;Oldenburg (Oldb);;B7
50010900;;BOFADEFXXXX;Bank of America Europe, Frankfurt Branch;60329;Frankfurt am Main;;09
50010910;;BOFADEFXVAM;Bank of America Europe, Frankfurt Branch;60329;Frankfurt am Main;;09
50012800;;ALTEDEFAXXX;ALTE LEIPZIGER Bauspar;61440;Oberursel (Taunus);;28
50015001;;JTBPDEFFXXX;J&T BANKA, Zweigniederlassung Deutschland;60486;Frankfurt am Main;;28
50016600;;WUIDDEF1XXX;Western Union Intl. Bank Niederlassung Deutschland;60486;Frankfurt am Main;;09
50020200;;BHFBDEFF500;ODDO BHF;60323;Frankfurt am Main;;60
50020400;;KFWIDEFFXXX;KfW Kreditanstalt für Wiederaufbau Frankfurt;60046;Frankfurt am Main;;09
50020500;;LAREDEFFXXX;Landwirtschaftliche Rentenbank;60014;Frankfurt am Main;;09
50020700;;FBHLDEFFXXX;Nexent Bank Ndl. Deutschland;60050;Frankfurt am Main;;09
50020800;;BCITDEFFXXX;Intesa Sanpaolo Frankfurt;60011;Frankfurt am Main;;09
50021000;;INGBDEFFXXX;ING Bank;60486;Frankfurt am Main;;60
50021100;;FFBKDEFFKRN;FIL Fondsbank;60311;Frankfurt am Main;;60
50021120;;FFBKDEFFTHK;FIL Fondsbank;61476;Kronberg im Taunus;;60
50022200;;HCSEDEF1XXX;Hyundai Capital Bank Europe;60327;Frankfurt am Main;;09
50024024;;DEFFDEFFXXX;C24 Bank;60327;Frankfurt am Main;;09
50025000;;GMGGDE51XXX;Stellantis Bank Niederlassung Deutschland;63263;Neu-Isenburg;;10
50026600;;CARDDEFFXXX;UNLIMINT EU Zweigniederlassung Deutschland;60322;Frankfurt am Main;;00
50030000;;PSADDEF1XXX;Stellantis Bank Niederlassung Deutschland;63263;Neu-Isenburg;;09
50030010;;BPNDDE52XXX;Stellantis Bank Niederlassung Deutschland;63263;Neu-Isenburg;;09
50030500;;PARBDEFFXXX;BNP Paribas Niederlassung Deutschland;60325;Frankfurt am Main;;09
50030600;;DWPBDEFFXXX;Deutsche WertpapierService Bank;60487;Frankfurt am Main;;09
50030700;;ESBKDEFFXXX;DenizBank (Wien) Zw Frankfurt;60329;Frankfurt am Main;;09
50031000;;TRODDEF1XXX;Triodos Bank Deutschland;60326;Frankfurt am Main;;06
50031900;;BBVADEFFXXX;BANCO BILBAO VIZCAYA ARGENTARIA, Niederlassung Deutschland;60311;Frankfurt am Main;;06
50033300;;SCFBDE33XXX;Openbank Deutschland;41061;Mönchengladbach;;09
50034200;;OPENDEFFXXX;OPEN BANK, Zweigniederlassung Deutschand;41061;Mönchengladbach;;09
50038800;;ABOCDEFFXXX;Agricultural Bank of China, Frankfurt Branch;60325;Frankfurt am Main;;09
50040000;;COBADEFFXXX;Commerzbank;60005;Frankfurt am Main;;13
50040005;;COBADEFFXXX;Commerzbank, Filiale Frankfurt 2;60005;Frankfurt am Main;;13
50040010;;COBADEFFPAR;Commerzbank (IPC PARIS);60261;Frankfurt am Main;;13
50040011;;COBADEFFVIE;Commerzbank (IPC VIENNA);60261;Frankfurt am Main;;13
50040012;;COBADEFFMIL;Commerzbank (IPC MILANO);60261;Frankfurt am Main;;13
50040013;;COBADEFFAMS;Commerzbank (IPC AMSTERDAM);60261;Frankfurt am Main;;13
50040014;;COBADEFFBRU;Commerzbank (IPC BRUSSEL);60261;Frankfurt am Main;;13
50040015;;COBADEFFMAD;Commerzbank (IPC MADRID);60261;Frankfurt am Main;;13
50040016;;COBADEFFNYC;Commerzbank (CLB New York) FFM;60261;Frankfurt am Main;;13
50040017;;COBADEFFSGP;Commerzbank (CLB Singapore) Frankfurt;60261;Frankfurt am Main;;13
50040018;;COBADEFFLDN;Commerzbank (CLB London);60261;Frankfurt am Main;;13
50040019;;COBADEFFZUR;Commerzbank (CLB Zürich);60261;Frankfurt am Main;;13
50040020;;COBADEFFPRA;Commerzbank (CLB Prag);60261;Frankfurt am Main;;13
50040021;;COBADEFFMOS;Commerzbank (CLB Moskau);60261;Frankfurt am Main;;13
50040022;;COBADEFFHBG;Commerzbank (CLB Hamburg);60261;Frankfurt am Main;;13
50040033;;COBADEF1BRS;Commerzbank Gf BRS;60005;Frankfurt am Main;;09
50040038;;COBADEFFXXX;Commerzbank, MBP;60005;Frankfurt am Main;;13
50040040;;COBADEFFXXX;Commerzbank Gf ZRK;60005;Frankfurt am Main;;13
50040048;;COBADEFFXXX;Commerzbank GF-F48;60005;Frankfurt am Main;;13
50040050;;COBADEFFXXX;Commerzbank, CC SP;60613;Frankfurt am Main;;09
50040051;;COBADEFFXXX;Commerzbank Center Dresdner Bank Frankfurt;60311;Frankfurt am Main;;13
50040052;;COBADEFFXXX;Commerzbank Service - BZ Frankfurt;60311;Frankfurt am Main;;13
50040060;;COBADEFFXXX;Commerzbank Gf 460;60005;Frankfurt am Main;;09
50040061;;COBADEFFXXX;Commerzbank Gf 461;60005;Frankfurt am Main;;09
50040062;;COBADEFFXXX;Commerzbank CC;60311;Frankfurt am Main;;09
50040063;;COBADEFFXXX;Commerzbank CC;60311;Frankfurt am Main;;09
50040075;;COBADEFFXXX;Commerzbank Gf ZCM;60005;Frankfurt am Main;;13
50040084;;COBADEFFXXX;Commerzbank, GF Web-K CMTS2;60613;Frankfurt am Main;;13
50040085;;COBADEFFXXX;Commerzbank, Gf Web-K;60613;Frankfurt am Main;;13
50040086;;COBADEFFXXX;Commerzbank, GF Web-K CMTS;60613;Frankfurt am Main;;13
50040087;;COBADEFFXXX;Commerzbank, Gf Web-K CMTS3;60613;Frankfurt am Main;;13
50040088;;COBADEFFXXX;Commerzbank, INT 1;60311;Frankfurt am Main;;13
50040099;;COBADEFFXXX;Commerzbank INT;60311;Frankfurt am Main;;13
50042500;;COBADEFFXXX;Commerzbank Zw 425 - keine Auslandsbanken;60005;Frankfurt am Main;;13
50044444;;COBADEFFXXX;Commerzbank Vermögensverwaltung;60005;Frankfurt am Main;;13
50047010;;COBADEFFXXX;Commerzbank Service - BZ;60261;Frankfurt am Main;;13
50050000;;HELADEFFXXX;Landesbank Hessen-Thür Girozentrale;60297;Frankfurt am Main;;00
50050201;;HELADEF1822;Frankfurter Sparkasse;60255;Frankfurt am Main;;96
50050222;;HELADEF1822;Frankfurter Sparkasse GF 1822direkt;60255;Frankfurt am Main;;19
50050999;;DGZFDEFFXXX;DekaBank Frankfurt;60329;Frankfurt am Main;;00
50060000;;GENODE55XXX;DZ Bank;60274;Frankfurt am Main;;09
50060400;;GENODEFFXXX;DZ BANK;60265;Frankfurt am Main;;09
50060412;;GENODEF1VK1;DZ BANK GF DZH;60265;Frankfurt am Main;;09
50060413;;GENODEF1VK2;DZ BANK GF ODA;60265;Frankfurt am Main;;09
50060414;;GENODEF1VK3;DZ BANK GF BSH;60265;Frankfurt am Main;;09
50060415;;GENODEF1VK4;DZ BANK GF BSH;60265;Frankfurt am Main;;09
50060416;;GENODEF1VK6;DZ BANK GF VK6;60265;Frankfurt am Main;;09
50060417;;GENODEF1VK7;DZ BANK GF BMT;60265;Frankfurt am Main;;09
50060418;;GENODEF1VK8;DZ BANK GF BMT;60265;Frankfurt am Main;;09
50060419;;GENODEF1VK9;DZ BANK GF VRF;60265;Frankfurt am Main;;09
50060420;;GENODEF1V20;DZ BANK GF V20;60265;Frankfurt am Main;;09
50060421;;GENODEF1V21;DZ BANK GF AIS;60265;Frankfurt am Main;;09
50060422;;GENODEF1V22;DZ BANK GF V22;60265;Frankfurt am Main;;09
50060423;;GENODEF1V23;DZ BANK GF V23;60265;Frankfurt am Main;;09
50060424;;GENODEF1V24;DZ BANK GF V24;60265;Frankfurt am Main;;09
50060425;;GENODEF1V25;DZ BANK GF BSH;60265;Frankfurt am Main;;09
50060474;;GENODEFFBRO;DZ BANK, Deutsche Zentral-Genossenschaftsbank;60265;Frankfurt am Main;;09
50061741;;GENODE51OBU;Raiffeisenbank im Hochtaunus -alt-;61352;Bad Homburg;;32
50069126;;GENODE51ABO;VR Bank Alzey-Land-Schwabenheim;55270;Schwabenheim an der Selz;;32
50069146;;GENODE51GRC;Volksbank Grebenhain;36352;Grebenhain;;32
50069187;;GENODE51EGE;Volksbank Egelsbach -alt-;63323;Egelsbach;;32
50069241;;GENODE51ERB;Raiffeisenkasse Erbes-Büdesheim und Umgebung -alt-;55234;Erbes-Büdesheim;;32
50069345;;GENODE51GWB;Raiffeisenbank;61279;Grävenwiesbach;;32
50069455;;GENODE51HUT;Hüttenberger Bank;35625;Hüttenberg;;32
50069477;;GENODE51KIF;Raiffeisenbank Kirtorf;36320;Kirtorf;;32
50069693;;GENODE51BH1;Raiffeisenbank Bad Homburg Ndl d FrankfurterVB;61352;Bad Homburg;;32
50069842;;GENODE51SWB;Raiffeisen Volksbank;55270;Schwabenheim an der Selz;;32
50069976;;GENODE51WWI;Volksbank Wißmar;35435;Wettenberg;;32
50070010;;DEUTDEFFXXX;Deutsche Bank;60254;Frankfurt am Main;;63
50070011;;DEUTDEFFSIP;Deutsche Bank;60329;Frankfurt am Main;;63
50070024;;DEUTDEDBFRA;Deutsche Bank;60254;Frankfurt am Main;;63
50070050;;DEUTDEFFXXX;Deutsche Bank;60325;Frankfurt am Main;;09
50070051;;DEUTDEFFXXX;Deutsche Bank;60325;Frankfurt am Main;;09
50070052;;DEUTDEFFXXX;Deutsche Bank;60325;Frankfurt am Main;;09
50070053;;DEUTDEFFXXX;Deutsche Bank;60325;Frankfurt am Main;;09
50070054;;DEUTDEFFXXX;Deutsche Bank;60325;Frankfurt am Main;;09
50070055;;DEUTDEFFXXX;Deutsche Bank;60325;Frankfurt am Main;;09
50070056;;DEUTDEFFXXX;Deutsche Bank;60325;Frankfurt am Main;;09
50070057;;DEUTDEFFXXX;Deutsche Bank;60325;Frankfurt am Main;;09
50070058;;DEUTDEFFXXX;Deutsche Bank;60325;Frankfurt am Main;;09
50070059;;DEUTDEFFXXX;Deutsche Bank;60325;Frankfurt am Main;;09
50070060;;DEUTDEFFXXX;Deutsche Bank;60325;Frankfurt am Main;;09
50070061;;DEUTDEFFXXX;Deutsche Bank;60325;Frankfurt am Main;;09
50070062;;DEUTDEFFXXX;Deutsche Bank;60325;Frankfurt am Main;;09
50070063;;DEUTDEFFXXX;Deutsche Bank;60325;Frankfurt am Main;;09
50070064;;DEUTDEFFXXX;Deutsche Bank;60325;Frankfurt am Main;;09
50070065;;DEUTDEFFXXX;Deutsche Bank;60325;Frankfurt am Main;;09
50070324;;DEUTDEDBP25;Postbank/DSL Ndl der Deutsche Bank;61348;Bad Homburg;;63
50070371;;DEUTDEFFS25;Postbank/DSL Ndl der Deutsche Bank;61348;Bad Homburg;;63
50070435;;DEUTDEDBEW1;Deutsche Bank;65812;Bad Soden am Taunus;;63
50070436;;DEUTDEDBEW2;Deutsche Bank;65812;Bad Soden am Taunus;;63
50070437;;DEUTDEDBEW3;Deutsche Bank;65812;Bad Soden am Taunus;;63
50070438;;DEUTDEDBEW4;Deutsche Bank;65812;Bad Soden am Taunus;;63
50070439;;DEUTDEDBEW5;Deutsche Bank;65812;Bad Soden am Taunus;;63
50073019;;DEUTDEFF502;Deutsche Bank;65428;Rüsselsheim am Main;;63
50073024;;DEUTDEDB502;Deutsche Bank;65428;Rüsselsheim am Main;;63
50073081;;DEUTDE5XXXX;Deutsche Bank Europe;60486;Frankfurt am Main;;63
50080000;;DRESDEFFXXX;Commerzbank vormals Dresdner Bank;60613;Frankfurt am Main;;76
50080015;;DRESDEFFI39;Commerzbank vormals Dresdner Bank Zw 15;60613;Frankfurt am Main;;76
50080025;;DRESDEFFXXX;Commerzbank vormals Dresdner Bank Zw 25;60613;Frankfurt am Main;;76
50080035;;DRESDEFFI40;Commerzbank vormals Dresdner Bank Zw 35;60613;Frankfurt am Main;;76
50080055;;DRESDEFF516;Commerzbank vormals Dresdner Bank Zw 55;60613;Frankfurt am Main;;76
50080057;;DRESDEFF522;Commerzbank vormals Dresdner Bank Gf ZW 57;60613;Frankfurt am Main;;76
50080060;;DRESDEFFXXX;Commerzbank vormals Dresdner Bank Gf DrKW;60301;Frankfurt am Main;;76
50080061;;DRESDEFFLDG;Commerzbank vormals Dresdner Bank Gf DrKWSL;60301;Frankfurt am Main;;76
50080077;;DRESDEFFBSP;Commerzbank, GF Wüstenrot BSPK;61116;Bad Vilbel;;09
50080079;;DRESDEFFXXX;Commerzbank vormals Dresdner Bank ESOP;60301;Frankfurt am Main;;76
50080080;;DRESDEFFI41;Commerzbank vormals Dresdner Bank Bs 80;60613;Frankfurt am Main;;76
50080082;;DRESDEFFAVB;Commerzbank vormals Dresdner Bank Gf AVB;60613;Frankfurt am Main;;76
50080086;;DRESDEFFI49;Commerzbank vormals Dresdner Bank ITGK 3;60613;Frankfurt am Main;;09
50080087;;DRESDEFFJ08;Commerzbank vormals Dresdner Bank, PCC DCC-ITGK 4;60613;Frankfurt am Main;;09
50080088;;DRESDEFFJ09;Commerzbank vormals Dresdner Bank, PCC DCC-ITGK 5;60613;Frankfurt am Main;;09
50080089;;DRESDEFFJ10;Commerzbank vormals Dresdner Bank, PCC DCC-ITGK 6;60613;Frankfurt am Main;;09
50080091;;DRESDEFFJ11;Commerzbank vormals Dresdner Bank, PCC DCC-ITGK 7;60613;Frankfurt am Main;;09
50080092;;DRESDEFFFCO;Commerzbank vormals Dresdner Bank Finance and Controlling;60301;Frankfurt am Main;;76
50080099;;DRESDEFFI42;Commerzbank vormals Dresdner Bank Zw 99;60613;Frankfurt am Main;;76
50080300;;DRESDEFF500;Commerzbank vormals Dresdner Bank Private Banking Inland;60613;Frankfurt am Main;;76
50083007;;DRESDEFF502;Commerzbank vormals Dresdner Bank;65402;Rüsselsheim am Main;;76
50083838;;DRESDEFFMBP;Commerzbank vormals Dresdner Bank in Frankfurt MBP;60301;Frankfurt am Main;;76
50089400;;DRESDEFFI01;Commerzbank vormals Dresdner Bank ITGK;60613;Frankfurt am Main;;09
50090500;;GENODEF1S12;Sparda-Bank Hessen;60327;Frankfurt am Main;;09
50090900;;GENODEF1P06;PSD Bank Hessen-Thüringen;65760;Eschborn;;91
50092100;;GENODE51BH2;Freikirchen.Bank;61282;Bad Homburg;;06
50092200;;GENODE51KEL;Volksbank Main-Taunus -alt-;65766;Kelkheim (Taunus);;06
50092900;;GENODE51USI;Volksbank Usinger Land Ndl d Frankfurter VB;61250;Usingen;;06
50093000;;GENODE51RUS;Rüsselsheimer Volksbank -alt-;65407;Rüsselsheim am Main;;06
50093010;;GENODE51GAA;Rüsselsheimer Volksbank GAA -alt-;65407;Rüsselsheim am Main;;06
50093400;;GENODE51KBH;Volksbank Kelsterbach Ndl d Frankfurter VB;65444;Kelsterbach;;06
50110200;;ICBKDEFFXXX;Industrial and Commercial Bank of China;60322;Frankfurt am Main;;09
50110400;;AUSKDEFFXXX;AKA Ausfuhrkredit GmbH;60001;Frankfurt am Main;;09
50110500;;NATXDEFFXXX;NATIXIS Zweigniederlassung Deutschland;60322;Frankfurt am Main;;09
50110636;;SCBLDEFXXXX;Standard Chartered Bank Frankfurt;60325;Frankfurt am Main;;09
50110700;;FBGADEF1XXX;Frankfurter Bankgesellschaft (Deutschland);60311;Frankfurt am Main;;09
50110800;;CHASDEFXXXX;J.P. Morgan;60311;Frankfurt am Main;;09
50110801;;CHASDEFXVR1;J.P. Morgan;60310;Frankfurt am Main;;09
50110808;;CHASDEF2XXX;J.P. Morgan Gf Chase;60310;Frankfurt am Main;;09
50110855;;JPMGDEFFXXX;J.P. Morgan;60310;Frankfurt am Main;;09
50110900;;MNBIDEF1XXX;Navy Federal Credit Union - Overseas Military Bank;65208;Wiesbaden;;09
50120100;;ICICDEFFXXX;ICICI Bank UK, Germany Branch;65760;Eschborn;;09
50120383;;DELBDE33XXX;ABN AMRO Bank Frankfurt Branch;60329;Frankfurt am Main;;09
50120600;;COMMDEFFXXX;Bank of Communications Frankfurt branch;60311;Frankfurt am Main;;09
50120800;;BMPBDEF2XXX;UniCredit German Branch;60329;Frankfurt am Main;;00
50120801;;BMPBDEF2XXX;UniCredit German Branch - Gf Mass settlements;60329;Frankfurt am Main;;00
50120900;;TVBADEFFXXX;VakifBank International Wien Zndl Deutschland;50667;Köln;;06
50127000;;BPKODEFFXXX;PKO Bank Polski Niederlassung Deutschland;60311;Frankfurt am Main;;09
50127700;;PAYODEF2XXX;PAYONE;60528;Frankfurt am Main;;09
50130000;;NBPADEFFXXX;National Bank of Pakistan Zndl Frankfurt;60313;Frankfurt am Main;;09
50130400;;MEFIDEMM501;Merck Finck A Quintet Private Bank;60015;Frankfurt am Main;;10
50130600;;UBSWDEFFXXX;UBS Europe;60079;Frankfurt am Main;;09
50131000;;ICBVDEFFXXX;Vietnam Joint Stock Commercial Bank for Industry and Trade;60322;Frankfurt am Main;;09
50131700;;KODBDEFFXXX;The Korea Development Bank, Frankfurt Branch;60311;Frankfurt am Main;;09
50190000;;FFVBDEFFXXX;Frankfurter Volksbank Rhein-Main;60008;Frankfurt am Main;;06
50190300;;GENODE51FHC;Volksbank Höchst a.M., ZwNdl. der Frankfurter VB -alt-;65929;Frankfurt am Main;;06
50190400;;GENODE51FGH;Volksbank Griesheim -alt-;65933;Frankfurt am Main;;06
50210200;;RABODEFFTAR;Rabobank International Frankfurt Branch;60327;Frankfurt am Main;;18
50210295;;RABODEFFXXX;Rabobank International Frankfurt Branch;60327;Frankfurt am Main;;09
50210800;;PRCBDEFFXXX;ProCredit Bank, Frankfurt am Main;60486;Frankfurt am Main;;06
50210900;;CITIDEFFXXX;Citibank Europe Germany Branch;60038;Frankfurt am Main;;06
50215500;;ABASDEFFXXX;ABN AMRO Bank, Frankfurt Branch;60329;Frankfurt am Main;;09
50220085;;SMHBDEFFXXX;UBS Europe;60020;Frankfurt am Main;;09
50220101;;INVODEF2XXX;Kommunalkredit Austria, Zweigstelle Deutschland;60313;Frankfurt am Main;;09
50220300;;HVBKDEFFXXX;WOORI BANK EUROPE;60308;Frankfurt am Main;;09
50220500;;BOFSDEF1XXX;Lloyds Bank;10178;Berlin;;00
50220707;;CAIXDEFFXXX;CAIXABANK Zweigniederlassung Deutschland;60311;Frankfurt am Main;;00
50220900;;HAUKDEFFXXX;ABN AMRO Bank, Frankfurt Branch;60329;Frankfurt am Main;;00
50228899;;EFIBDEFFXXX;FIB Frankfurt International Bank;60329;Frankfurt am Main;;09
50230000;;ABCADEFFXXX;Arab Banking Corporation Zweigniederlassung Frankfurt;60311;Frankfurt am Main;;00
50230600;;ISBKDEFXXXX;Isbank;60022;Frankfurt am Main;;06
50230700;;METZDEFFXXX;Metzler, B. - seel Sohn & Co;60329;Frankfurt am Main;;00
50230800;;PLFGDE5AXXX;Ikano Bank;65205;Wiesbaden;;09
50230888;;PLFGDE5AIKB;Ikano Bank;65205;Wiesbaden;;09
50234500;;KTAGDEFFXXX;KT Bank;60327;Frankfurt am Main;;09
50250200;;DLFGDE51XXX;Deutsche Leasing Finance;61283;Bad Homburg;;09
50310400;;BARCDEFFXXX;Barclays Bank Ireland Frankfurt Branch;60310;Frankfurt am Main;;46
50310900;;PCBCDEFFXXX;China Construction Bank Ndl Frankfurt;60325;Frankfurt am Main;;09
50320000;;OWHBDEFFXXX;OWH;60325;Frankfurt am Main;;00
50320191;;HYVEDEMM430;UniCredit Bank - HypoVereinsbank;60003;Frankfurt am Main;;99
50320500;;BSCHDEFFXXX;Banco Santander Filiale Frankfurt;60003;Frankfurt am Main;;09
50320600;;BCMADEFFXXX;Attijariwafa bank Europa ZNdl. Frankfurt;60329;Frankfurt am Main;;09
50320900;;PICTDEFFXXX;Bank Pictet & Cie (Europe);60311;Frankfurt am Main;;09
50324000;;FTSBDEFAXXX;ABN AMRO Bank, Frankfurt Branch;60325;Frankfurt am Main;;31
50330000;;SBINDEFFXXX;State Bank of India;60329;Frankfurt am Main;;06
50330200;;MHBFDEFFXXX;Raisin Bank;60325;Frankfurt am Main;;06
50330201;;RAISDEFFXXX;Raisin Bank;60325;Frankfurt am Main;;09
50330300;;IRVTDEFXXXX;The Bank of New York Mellon;60077;Frankfurt am Main;;09
50330500;;BCDMDEF1XXX;BANQUE CHAABI DU MAROC Agentur Frankfurt Ndl. Deutschland;60329;Frankfurt am Main;;09
50330600;;SEPBDEFFXXX;Bank Sepah-Iran;60327;Frankfurt am Main;;09
50334400;;BNYMDEF1XXX;The Bank of New York Mellon NL Frankfurt;60327;Frankfurt am Main;;09
50339900;;PANXDEF2XXX;German branch of Unifiedpost Payments;60314;Frankfurt am Main;;09
50400000;;MARKDEFFXXX;Bundesbank Zentrale;60006;Frankfurt am Main;;09
50510300;;SMBCDEFFXXX;SMBC Bank EU;60311;Frankfurt am Main;;09
50520190;;HYVEDEMM467;UniCredit Bank - HypoVereinsbank;63002;Offenbach am Main;;99
50530000;;GENODE51CRO;Cronbank;63303;Dreieich;;06
50540028;;COBADEFFXXX;Commerzbank;63003;Offenbach am Main;;13
50550020;;HELADEF1OFF;Städtische Sparkasse Offenbach a.M.;63019;Offenbach am Main;;06
50560102;;GENODE51OF2;Raiffeisenbank Offenbach/M.-Bieber -alt-;63033;Offenbach am Main;;32
50561315;;GENODE51OBH;Vereinigte Volksbank Maingau -alt-;63171;Obertshausen;;32
50570018;;DEUTDEFF505;Deutsche Bank;63065;Offenbach am Main;;63
50570024;;DEUTDEDB505;Deutsche Bank;63065;Offenbach am Main;;63
50580005;;DRESDEFF505;Commerzbank vormals Dresdner Bank;63004;Offenbach am Main;;76
50580085;;DRESDEFFJ12;Commerzbank vormals Dresdner Bank, PCC DCC-ITGK 1;63034;Offenbach am Main;;09
50590000;;GENODE51OF1;Offenbacher Volksbank -alt-;63014;Offenbach am Main;;06
50592200;;GENODE51DRE;VR Bank Dreieich-Offenbach;63303;Dreieich;;32
50640015;;COBADEFFXXX;Commerzbank;63402;Hanau;;13
50650023;;HELADEF1HAN;SPARKASSE HANAU;63411;Hanau;;00
50652124;;HELADEF1SLS;Sparkasse Langen-Seligenstadt;63487;Seligenstadt;;00
50661639;;GENODEF1LSR;VR Bank Main-Kinzig-Büdingen;63654;Büdingen;;32
50661816;;GENODE51NIH;Volksbank Heldenbergen Ndl d Frankfurter VB;61123;Nidderau;;06
50662299;;GENODEF1BKO;Raiffeisenbank Bruchköbel -alt-;63479;Bruchköbel;;32
50662669;;RBMFDEF1XXX;Raiffeisenbank Maintal Ndl d Frankfurter VB;63477;Maintal;;32
50663699;;GENODEF1RDB;Raiffeisenbank;63514;Rodenbach;;32
50670009;;DEUTDEFF506;Deutsche Bank;63450;Hanau;;63
50670024;;DEUTDEDB506;Deutsche Bank;63450;Hanau;;63
50680002;;DRESDEFF506;Commerzbank vormals Dresdner Bank;63403;Hanau;;76
50680085;;DRESDEFFJ13;Commerzbank vormals Dresdner Bank, PCC DCC-ITGK 1;63402;Hanau;;09
50690000;;GENODEF1HUV;Volksbank Raiffeisenbank Hanau Ndl d Frankf VB;63412;Hanau;;32
50691300;;DZBMDEF1XXX;DZB BANK;63533;Mainhausen;;09
50692100;;GENODE51SEL;Volksbank Seligenstadt;63490;Seligenstadt;;06
50740048;;COBADEFFXXX;Commerzbank;63571;Gelnhausen;;13
50750094;;HELADEF1GEL;Kreissparkasse Gelnhausen;63554;Gelnhausen;;01
50761333;;GENODE51BUE;Volksbank -alt-;63654;Büdingen;;06
50763319;;GENODEF1BIR;Raiffeisenbank Vogelsberg -alt-;63633;Birstein;;32
50780006;;DRESDEFF524;Commerzbank vormals Dresdner Bank;63552;Gelnhausen;;76
50790000;;GENODE51GEL;VR Bank Bad Orb-Gelnhausen;63571;Gelnhausen;;32
50793300;;GENODE51BIV;Birsteiner Volksbank -alt-;63633;Birstein;;06
50794300;;GENODE51WBH;VR Bank Wächtersbach/Bad Soden-Salmünster -alt;63607;Wächtersbach;;32
50810900;;BBSPDE6KXXX;Deutsche Bausparkasse Badenia (ehem. DBS Bausparkasse);76114;Karlsruhe;;09
50820292;;HYVEDEMM487;UniCredit Bank - HypoVereinsbank;64217;Darmstadt;;99
50835800;;MKGMDE51XXX;MCE Bank;65439;Flörsheim am Main;;09
50840005;;COBADEFFXXX;Commerzbank;64218;Darmstadt;;13
50850049;;HELADEFF508;Landesbank Hessen-Thür Girozentrale;64222;Darmstadt;;00
50850150;;HELADEF1DAS;Sparkasse Darmstadt und Dieburg;64278;Darmstadt;;09
50851952;;HELADEF1ERB;Sparkasse Odenwaldkreis;64711;Erbach;;00
50852553;;HELADEF1GRG;Kreissparkasse Groß-Gerau;64504;Groß-Gerau;;00
50852651;;HELADEF1DIE;Sparkasse Dieburg -alt-;64818;Groß-Umstadt;;00
50861393;;GENODE51BKZ;Spar- und Darlehnskasse Zell -alt-;64732;Bad König;;32
50861501;;GENODE51ABH;Raiffeisenbank Nördliche Bergstraße;64659;Alsbach-Hähnlein;;32
50862311;;GENODE51WGH;Volksbank Gräfenhausen -alt-;64331;Weiterstadt;;32
50862408;;GENODE51GRI;Vereinigte Volksbank Griesheim-Weiterstadt -alt-;64347;Griesheim;;32
50862703;;GENODE51REI;Volksbank Gersprenztal-Otzberg;64354;Reinheim;;32
50862835;;GENODE51SHM;Raiffeisenbank Schaafheim -alt-;64847;Schaafheim;;32
50862903;;GENODE51GIN;Volksbank Mainspitze;65462;Ginsheim-Gustavsburg;;32
50863513;;GENODE51MIC;Vereinigte Volksbank Raiffeisenbank;64354;Reinheim;;32
50865224;;GENODE51MWA;VB Mörfelden-Walldorf Ndl d Frankfurter VB;64532;Mörfelden-Walldorf;;32
50865503;;GENODE51EPT;Volksbank -alt-;64859;Eppertshausen;;32
50870005;;DEUTDEFF508;Deutsche Bank;64219;Darmstadt;;63
50870024;;DEUTDEDB508;Deutsche Bank;64219;Darmstadt;;63
50870324;;DEUTDEDBP26;Postbank/DSL Ndl der Deutsche Bank;64293;Darmstadt;;63
50870393;;DEUTDEFFS26;Postbank/DSL Ndl der Deutsche Bank;64293;Darmstadt;;63
50880050;;DRESDEFF508;Commerzbank vormals Dresdner Bank;64219;Darmstadt;;76
50880085;;DRESDEFFJ14;Commerzbank vormals Dresdner Bank, PCC DCC-ITGK 1;64207;Darmstadt;;09
50880086;;DRESDEFFJ15;Commerzbank vormals Dresdner Bank, PCC DCC-ITGK 2;64202;Darmstadt;;09
50890000;;GENODEF1VBD;Volksbank Darmstadt - Südhessen -alt-;64218;Darmstadt;;06
50950068;;HELADEF1BEN;Sparkasse Bensheim;64601;Bensheim;;00
50951469;;HELADEF1HEP;Sparkasse Starkenburg;64646;Heppenheim (Bergstraße);;01
50961206;;GENODE51RBU;VR Bank Ried-Überwald, Bürstadt;68642;Bürstadt;;32
50961592;;GENODE51FHO;Volksbank Weschnitztal;64668;Rimbach;;32
50961685;;GENODE51ABT;Volksbank Überwald-Gorxheimertal -alt-;69518;Abtsteinach;;32
50970004;;DEUTDEFF509;Deutsche Bank;64602;Bensheim;;63
50970024;;DEUTDEDB509;Deutsche Bank;64602;Bensheim;;63
51010400;;AARBDE5WXXX;Aareal Bank;65011;Wiesbaden;;09
51020000;;BHFBDEFF510;ODDO BHF;65185;Wiesbaden;;60
51020186;;HYVEDEMM478;UniCredit Bank - HypoVereinsbank;65004;Wiesbaden;;99
51040038;;COBADEFFXXX;Commerzbank;65009;Wiesbaden;;13
51050015;;NASSDE55XXX;Nassauische Sparkasse;65034;Wiesbaden;;A2
51051000;;PULSDE5WXXX;S Broker Wiesbaden;65203;Wiesbaden;;56
51070021;;DEUTDEFF510;Deutsche Bank;65011;Wiesbaden;;63
51070024;;DEUTDEDB510;Deutsche Bank;65011;Wiesbaden;;63
51080060;;DRESDEFF510;Commerzbank vormals Dresdner Bank;65012;Wiesbaden;;76
51080085;;DRESDEFFJ16;Commerzbank vormals Dresdner Bank, PCC DCC-ITGK 1;65004;Wiesbaden;;09
51080086;;DRESDEFFJ17;Commerzbank vormals Dresdner Bank, PCC DCC-ITGK2;65004;Wiesbaden;;09
51089410;;DRESDEFFI20;Commerzbank vormals Dresdner Bank ITGK;65012;Wiesbaden;;09
51090000;;WIBADE5WXXX;Wiesbadener Volksbank;65050;Wiesbaden;;06
51091500;;GENODE51RGG;Rheingauer Volksbank;65359;Geisenheim;;06
51091501;;GENODE51RGG;Rheingauer Volksbank (Gf GAA);65366;Geisenheim;;06
51140029;;COBADEFFXXX;Commerzbank;65549;Limburg;;13
51150018;;HELADEF1LIM;Kreissparkasse Limburg;65534;Limburg;;00
51151919;;HELADEF1WEI;Kreissparkasse Weilburg;35773;Weilburg;;00
51161606;;GENODE51LDD;Volksbank Langendernbach;65599;Dornburg;;32
51170010;;DEUTDEFF511;Deutsche Bank;65549;Limburg;;63
51170024;;DEUTDEDB511;Deutsche Bank;65549;Limburg;;63
51180041;;DRESDEFF511;Commerzbank vormals Dresdner Bank;65534;Limburg;;76
51190000;;GENODE51LIM;Vereinigte Volksbank Limburg -alt-;65532;Limburg;;06
51191800;;GENODE51SBH;Volksbank Schupbach -alt-;65614;Beselich;;06
51192200;;GENODE51WEM;Volks- und Raiffeisenbank Weilmünster -alt-;35786;Weilmünster;;32
51210600;;BNPADEFFXXX;BNP Paribas Niederlassung Deutschland;60327;Frankfurt am Main;;09
51210606;;BNPADEFFXXX;BNP Paribas Niederlassung Deutschland;60327;Frankfurt am Main;;09
51210699;;BNPADEFFXXX;BNP Paribas Niederlassung Deutschland;60327;Frankfurt am Main;;09
51210700;;NZFMDEF1XXX;NIBC Bank Zndl Frankfurt am Main;60322;Frankfurt am Main;;06
51210800;;SOGEDEFFXXX;Societe Generale;60311;Frankfurt am Main;;09
51210801;;SGSSDEFFXXX;Societe Generale;60311;Frankfurt am Main;;09
51210802;;SOGEDEFFXXX;Societe Generale;60311;Frankfurt am Main;;09
51210803;;SOGEDEFFXXX;Societe Generale;60311;Frankfurt am Main;;09
51211000;;NATXDEFPXXX;NATIXIS Pfandbriefbank;60322;Frankfurt am Main;;09
51220200;;ESSEDEFFXXX;Skandinaviska Enskilda Banken (publ) Frankfurt Branch;60313;Frankfurt am Main;;09
51220400;;SIHRDEH1FFM;Bank Saderat Iran;60064;Frankfurt am Main;;09
51220700;;TCZBDEFFXXX;ZIRAAT BANK International;60323;Frankfurt am Main;;09
51220800;;BRASDEFFXXX;Banco do Brasil;60311;Frankfurt am Main;;09
51220900;;MSFFDEFXXXX;Morgan Stanley Bank;60016;Frankfurt am Main;;09
51220910;;MSFFDEFXCND;Morgan Stanley Bank;60311;Frankfurt am Main;;50
51230500;;SCBLDEFXXXX;Standard Chartered Bank;60325;Frankfurt am Main;;09
51230502;;SCBLDEFXXXX;Standard Chartered Bank;60325;Frankfurt am Main;;09
51230555;;PLFGDE5AIKB;Ikano Bank;65205;Wiesbaden;;09
51250000;;HELADEF1TSK;Taunus-Sparkasse;61288;Bad Homburg;;06
51340013;;COBADEFFXXX;Commerzbank;35348;Gießen;;13
51343224;;COBADEFFXXX;Commerzbank;36291;Alsfeld;;13
51350025;;SKGIDE5FXXX;Sparkasse Gießen;35347;Gießen;;10
51351526;;HELADEF1GRU;Sparkasse Grünberg;35305;Grünberg;;00
51352227;;HELADEF1LAU;Sparkasse Laubach-Hungen;35321;Laubach;;00
51361021;;GENODE51HHE;Volksbank Heuchelheim;35452;Heuchelheim a. d. Lahn;;32
51370008;;DEUTDEFF513;Deutsche Bank;35348;Gießen;;63
51370024;;DEUTDEDB513;Deutsche Bank;35348;Gießen;;63
51380040;;DRESDEFF513;Commerzbank vormals Dresdner Bank;35332;Gießen;;76
51380085;;DRESDEFFJ18;Commerzbank vormals Dresdner Bank, PCC DCC-ITGK 1;35400;Gießen;;09
51390000;;VBMHDE5FXXX;Volksbank Mittelhessen;35340;Gießen;;06
51410700;;BKCHDEFFXXX;Bank of China;60075;Frankfurt am Main;;09
51420200;;MIBEDEFFXXX;Misr Bank-Europe;60015;Frankfurt am Main;;11
51420300;;BAERDEF1XXX;Bank Julius Bär Deutschland;60322;Frankfurt am Main;;17
51430400;;GOLDDEFFXXX;Goldman Sachs;60308;Frankfurt am Main;;09
51430410;;GOLDDEFBXXX;Goldman Sachs;60329;Frankfurt am Main;;09
51432100;;SABCDEFFXXX;Saman Bank Niederlassung Frankfurt;60323;Frankfurt am Main;;09
51540037;;COBADEFFXXX;Commerzbank;35523;Wetzlar;;13
51550035;;HELADEF1WET;Sparkasse Wetzlar;35576;Wetzlar;;00
51570008;;DEUTDEFF515;Deutsche Bank;35524;Wetzlar;;63
51570024;;DEUTDEDB515;Deutsche Bank;35524;Wetzlar;;63
51580044;;DRESDEFF515;Commerzbank vormals Dresdner Bank;35524;Wetzlar;;76
51591300;;GENODE51WBO;Volksbank Brandoberndorf;35647;Waldsolms;;06
51640043;;COBADEFFXXX;Commerzbank;35662;Dillenburg;;13
51650045;;HELADEF1DIL;Sparkasse Dillenburg;35683;Dillenburg;;00
51690000;;GENODE51DIL;Volksbank Dill -alt-;35668;Dillenburg;;06
51691500;;GENODE51HER;Volksbank Herborn-Eschenburg -alt-;35728;Herborn;;06
51752267;;HELADEF1BAT;Sparkasse Battenberg -alt-;35088;Battenberg (Eder);;00
51762434;;GENODE51BIK;VR Bank Lahn-Dill;35683;Dillenburg;;06
51850079;;HELADEF1FRI;Sparkasse Oberhessen;61167;Friedberg (Hessen);;06
51861325;;GENODEF1BVB;BVB Volksbank Ndl d Frankfurter Volksbank;61101;Bad Vilbel;;06
51861403;;GENODE51BUT;Volksbank Butzbach;35510;Butzbach;;32
51861616;;GENODE51REW;Landbank Horlofftal;61201;Reichelsheim (Wetterau);;32
51861806;;GENODE51OBM;Volksbank Ober-Mörlen;61239;Ober-Mörlen;;32
51961023;;GENODE51ULR;Volksbank Ulrichstein;35327;Ulrichstein;;32
51961801;;GENODE51FEL;Volksbank Feldatal -alt-;36325;Feldatal;;32
51990000;;GENODE51LB1;Volksbank Lauterbach-Schlitz -alt-;36332;Lauterbach (Hessen);;06
52040021;;COBADEFFXXX;Commerzbank;34111;Kassel;;13
52050000;;HELADEFF520;Landeskreditkasse Kassel;34112;Kassel;;00
52050353;;HELADEF1KAS;Kasseler Sparkasse;34117;Kassel;;05
52051373;;HELADEF1BOR;Stadtsparkasse Borken (Hessen) -alt-;34582;Borken (Hessen);;00
52051555;;HELADEF1FEL;Stadtsparkasse Felsberg -alt-;34587;Felsberg;;00
52051877;;HELADEF1GRE;Stadtsparkasse Grebenstein;34389;Grebenstein;;00
52052154;;HELADEF1MEG;Kreissparkasse Schwalm-Eder;34201;Melsungen;;00
52053458;;HELADEF1SWA;Sparkasse Borken-Schwalmstadt;34582;Borken (Hessen);;00
52060000;;GENODEFF520;DZ BANK;34009;Kassel;;09
52060208;;GENODEF1KS2;Kurhessische Landbank;34023;Kassel;;32
52060410;;GENODEF1EK1;Evangelische Bank;34011;Kassel;;32
52060420;;GENODEF1EK1;Evangelische Bank (Gf GAA);34117;Kassel;;32
52061303;;GENODEF1BOR;Raiffeisenbank Borken Nordhessen -alt-;34582;Borken (Hessen);;32
52062200;;GENODEF1GUB;VR-Bank Chattengau -alt-;34281;Gudensberg;;32
52062601;;GENODEF1HRV;VR PartnerBank Chattengau-Schwalm-Eder;34212;Melsungen;;32
52063369;;GENODEF1SPB;VR-Bank Spangenberg-Morschen;34286;Spangenberg;;32
52063550;;GENODEF1WOH;Raiffeisenbank HessenNord;34466;Wolfhagen;;32
52064156;;GENODEF1BTA;Raiffeisenbank;34217;Baunatal;;32
52069013;;GENODEF1BHN;Raiffeisenbank Burghaun -alt-;36151;Burghaun;;32
52069029;;GENODEF1GMD;Spar-u. Kredit-Bank;35283;Gemünden (Wohra);;32
52069065;;GENODEF1BUR;Raiffeisenbank Langenschwarz -alt-;36151;Burghaun;;32
52069149;;GENODEF1VLM;Raiffeisenbank Volkmarsen -alt-;34471;Volkmarsen;;32
52069519;;GENODEF1FBK;Frankenberger Bank Raiffeisenbank -alt-;35066;Frankenberg;;32
52070012;;DEUTDEFF520;Deutsche Bank;34117;Kassel;;63
52070024;;DEUTDEDB520;Deutsche Bank;34117;Kassel;;63
52071212;;DEUTDEFF521;Deutsche Bank;34535;Bad Wildungen;;63
52071224;;DEUTDEDB521;Deutsche Bank;34535;Bad Wildungen;;63
52080080;;DRESDEFF520;Commerzbank vormals Dresdner Bank;34010;Kassel;;76
52080085;;DRESDEFFJ19;Commerzbank vormals Dresdner Bank, PCC DCC-ITGK1;34001;Kassel;;09
52090000;;GENODE51KS1;Volksbank Kassel Göttingen;34117;Kassel;;06
52240006;;COBADEFFXXX;Commerzbank;37252;Eschwege;;13
52250030;;HELADEF1ESW;Sparkasse Werra-Meißner;37254;Eschwege;;00
52260385;;GENODEF1ESW;VR-Bank Mitte;37115;Duderstadt;;32
52270012;;DEUTDEFF522;Deutsche Bank;37252;Eschwege;;63
52270024;;DEUTDEDB522;Deutsche Bank;37252;Eschwege;;63
52350005;;HELADEF1KOR;Sparkasse Waldeck-Frankenberg;34497;Korbach;;00
52360059;;GENODEF1KBW;Waldeck-Frankenberger Bank;34497;Korbach;;32
52410300;;RBAGDEF1XXX;ReiseBank;60489;Frankfurt am Main;;09
52410310;;RBAGDEF1CMI;ReiseBank Gf2;60489;Frankfurt am Main;;09
52410400;;KOEXDEFAXXX;KEB Hana Bank (Deutschland);60325;Frankfurt am Main;;19
52411000;;RBAGDEF1CMI;ReiseBank Gf3 vormals Cash Express;60489;Frankfurt am Main;;09
52411010;;RBAGDEF1CMI;ReiseBank Gf4 vormals Cash Express;60489;Frankfurt am Main;;09
52420000;;BSUIDEFFXXX;Credit Agricole CIB Deutschland;60325;Frankfurt am Main;;09
52420300;;SHBKDEFFXXX;SHINHAN BANK EUROPE;60322;Frankfurt am Main;;09
52420600;;ABGRDEFFXXX;Piraeus Bank Frankfurt Branch;60329;Frankfurt am Main;;30
52420700;;SECGDEFFXXX;SECB Swiss Euro Clearing Bank;60486;Frankfurt am Main;;09
52430000;;CMCIDEF1XXX;TARGOBANK FIRMENKUNDEN CIB;60329;Frankfurt am Main;;00
53040012;;COBADEFFXXX;Commerzbank;36002;Fulda;;13
53050180;;HELADEF1FDS;Sparkasse Fulda;36035;Fulda;;01
53051396;;HELADEF1SLU;Kreissparkasse Schlüchtern;36372;Schlüchtern;;01
53060180;;GENODE51FUL;VR Bank Fulda;36037;Fulda;;32
53061230;;GENODEF1HUE;VR-Bank NordRhön;36081;Hünfeld;;32
53061313;;GENODE51SLU;VR Bank Schlüchtern-Birstein -alt-;36381;Schlüchtern;;32
53062035;;GENODEF1GLU;Raiffeisenbank im Fuldaer Land;36137;Großenlüder;;32
53062350;;GENODEF1PBG;Raiffeisenbank Biebergrund-Petersberg;36094;Petersberg;;32
53064023;;GENODEF1FLN;Raiffeisenbank -alt-;36101;Flieden;;32
53070007;;DEUTDEFF530;Deutsche Bank;36037;Fulda;;63
53070024;;DEUTDEDB530;Deutsche Bank;36037;Fulda;;63
53070324;;DEUTDEDBP27;Postbank/DSL Ndl der Deutsche Bank;36037;Fulda;;63
53070394;;DEUTDEFFS27;Postbank/DSL Ndl der Deutsche Bank;36037;Fulda;;63
53080030;;DRESDEFF530;Commerzbank vormals Dresdner Bank;36002;Fulda;;76
53093200;;GENODE51ALS;VR VerbundBank;36304;Alsfeld;;32
53093255;;GENODE51AGR;AgrarBank;36295;Alsfeld;;32
53240048;;COBADEFFXXX;Commerzbank;36222;Bad Hersfeld;;13
53250000;;HELADEF1HER;Sparkasse Bad Hersfeld-Rotenburg;36229;Bad Hersfeld;;A6
53260145;;GENODEF1HFA;Raiffeisenbank Asbach-Sorga -alt-;36251;Bad Hersfeld;;32
53261202;;GENODEF1BEB;Bankverein Bebra -alt-;36179;Bebra;;32
53261342;;GENODEF1RAW;Raiffeisenbank Werratal-Landeck;36266;Heringen (Werra);;32
53262073;;GENODEF1HNT;Raiffeisenbank Haunetal -alt-;36166;Haunetal;;32
53262455;;GENODEF1ROH;Raiffeisenbank Ronshausen-Marksuhl -alt-;36217;Ronshausen;;32
53270012;;DEUTDEFF532;Deutsche Bank;36223;Bad Hersfeld;;63
53270024;;DEUTDEDB518;Deutsche Bank;36223;Bad Hersfeld;;63
53280081;;DRESDEFF532;Commerzbank vormals Dresdner Bank;36251;Bad Hersfeld;;76
53290000;;GENODE51BHE;VR-Bankverein Bad Hersfeld-Rotenburg -alt-;36251;Bad Hersfeld;;06
53340024;;COBADEFFXXX;Commerzbank;35002;Marburg;;13
53350000;;HELADEF1MAR;Sparkasse Marburg-Biedenkopf;35009;Marburg;;06
53370008;;DEUTDEFF533;Deutsche Bank;35017;Marburg;;63
53370024;;DEUTDEDB533;Deutsche Bank;35017;Marburg;;63
53380042;;DRESDEFF533;Commerzbank vormals Dresdner Bank;35003;Marburg;;76
53381843;;DRESDEFF568;Commerzbank vormals Dresdner Bank;35251;Stadtallendorf;;76
54020090;;HYVEDEMM482;UniCredit Bank - HypoVereinsbank;67608;Kaiserslautern;;99
54030011;;SCRUDE51XXX;Service Credit Union Overseas Headquarters;67681;Sembach;;09
54040042;;COBADEFFXXX;Commerzbank;67611;Kaiserslautern;;13
54050110;;MALADE51KLS;Stadtsparkasse Kaiserslautern -alt-;67653;Kaiserslautern;;00
54050220;;MALADE51KLK;Sparkasse Kaiserslautern;67653;Kaiserslautern;;00
54051550;;MALADE51KUS;Kreissparkasse Kusel;66864;Kusel;;00
54051660;;MALADE51LAS;Stadtsparkasse Landstuhl -alt-;66849;Landstuhl;;B2
54051990;;MALADE51ROK;Sparkasse Donnersberg;67802;Rockenhausen;;00
54061650;;GENODE61LAN;VR-Bank Westpfalz -alt-;66849;Landstuhl;;32
54062027;;GENODE61ALB;Raiffeisenbank Donnersberg -alt-;67308;Albisheim (Pfrimm);;32
54070024;;DEUTDEDB540;Deutsche Bank;67611;Kaiserslautern;;63
54070092;;DEUTDESM540;Deutsche Bank;67611;Kaiserslautern;;63
54080021;;DRESDEFF540;Commerzbank vormals Dresdner Bank;67611;Kaiserslautern;;76
54090000;;GENODE61KL1;Volksbank Kaiserslautern;67655;Kaiserslautern;;06
54091700;;GENODE61LEK;Volksbank Lauterecken;67742;Lauterecken;;06
54091800;;GENODE61OB1;VR Bank Nordwestpfalz -alt-;67806;Rockenhausen;;06
54092400;;GENODE61GLM;Volksbank Glan-Münchweiler;66905;Glan-Münchweiler;;06
54220091;;HYVEDEMM485;UniCredit Bank - HypoVereinsbank;66923;Pirmasens;;99
54240032;;COBADEFFXXX;Commerzbank;66953;Pirmasens;;13
54250010;;MALADE51SWP;Sparkasse Südwestpfalz;66930;Pirmasens;;00
54261700;;GENODE61ROA;VR-Bank Südwestpfalz Pirmasens-Zweibrücken;66953;Pirmasens;;32
54270024;;DEUTDEDB542;Deutsche Bank;66923;Pirmasens;;63
54270096;;DEUTDESM542;Deutsche Bank;66923;Pirmasens;;63
54280023;;DRESDEFF542;Commerzbank vormals Dresdner Bank;66923;Pirmasens;;76
54291200;;GENODE61DAH;Raiffeisen- u Volksbank Dahn -alt-;66991;Dahn;;32
54500000;;MARKDEF1545;Bundesbank;67008;Ludwigshafen am Rhein;;09
54510067;;PBNKDEFFXXX;Postbank Ndl der Deutsche Bank;67057;Ludwigshafen am Rhein;;24
54520194;;HYVEDEMM483;UniCredit Bank - HypoVereinsbank;67003;Ludwigshafen am Rhein;;99
54540033;;COBADEFFXXX;Commerzbank;67003;Ludwigshafen am Rhein;;13
54550010;;LUHSDE6AXXX;Sparkasse Vorderpfalz;67059;Ludwigshafen am Rhein;;00
54550120;;MALADE51LUH;Kreissparkasse Rhein-Pfalz;67071;Ludwigshafen am Rhein;;00
54561310;;GENODE61LBS;RV Bank Rhein-Haardt -alt-;67245;Lambsheim;;32
54570024;;DEUTDEDB545;Deutsche Bank;67003;Ludwigshafen am Rhein;;63
54570094;;DEUTDESM545;Deutsche Bank;67003;Ludwigshafen am Rhein;;63
54580020;;DRESDEFF545;Commerzbank vormals Dresdner Bank;67003;Ludwigshafen am Rhein;;76
54620093;;HYVEDEMM620;UniCredit Bank - HypoVereinsbank;67402;Neustadt an der Weinstraße;;99
54640035;;COBADEFFXXX;Commerzbank;67403;Neustadt an der Weinstraße;;13
54651240;;MALADE51DKH;Sparkasse Rhein-Haardt;67087;Bad Dürkheim;;00
54661800;;GENODE61FSH;Raiffeisenbank Freinsheim -alt-;67248;Freinsheim;;32
54663270;;GENODE61FHR;Raiffeisenbank Friedelsheim-Rödersheim -alt-;67159;Friedelsheim;;32
54670024;;DEUTDEDB546;Deutsche Bank;67433;Neustadt an der Weinstraße;;63
54670095;;DEUTDESM546;Deutsche Bank;67433;Neustadt an der Weinstraße;;63
54680022;;DRESDEFF546;Commerzbank vormals Dresdner Bank;67403;Neustadt an der Weinstraße;;76
54691200;;GENODE61DUW;VR Bank Mittelhaardt;67098;Bad Dürkheim;;06
54750010;;MALADE51SPY;Kreis- und Stadtsparkasse Speyer;67343;Speyer;;00
54790000;;GENODE61SPE;Vereinigte VR Bank Kur- und Rheinpfalz;67346;Speyer;;06
54850010;;SOLADES1SUW;Sparkasse Südpfalz;76825;Landau in der Pfalz;;00
54851440;;MALADE51KAD;Sparkasse Germersheim-Kandel -alt-;76866;Kandel;;00
54861190;;GENODE61EDH;Raiffeisenbank Oberhaardt-Gäu -alt-;67483;Edesheim;;32
54862390;;GENODE61HXH;Raiffeisenbank -alt-;76858;Herxheim;;32
54862500;;GENODE61SUW;VR Bank Südpfalz;76829;Landau in der Pfalz;;32
54891300;;GENODE61BZA;VR Bank Südliche Weinstraße-Wasgau;76887;Bad Bergzabern;;06
55000000;;MARKDEF1550;Bundesbank;55020;Mainz;;09
55010400;;AARBDE5WDOM;Aareal Bank GF - Banking & Digital Solutions -;65189;Wiesbaden;;01
55010424;;AARBDE5W550;Aareal Bank ehem. Filiale Mainz;65189;Wiesbaden;;09
55010482;;AARBDE82XXX;Aareal Bank GF BDS New Markets + Products;65189;Wiesbaden;;01
55010625;;AARBDE5WCLE;Aareal Bank Clearing Wiesbaden;65189;Wiesbaden;;09
55010800;;ISBRDE55XXX;Investitions- und Strukturbank RP;55020;Mainz;;09
55020000;;BHFBDEFF550;ODDO BHF;55116;Mainz;;60
55020100;;BKMZDE51XXX;Bausparkasse Mainz;55004;Mainz;;09
55020486;;HYVEDEMM486;UniCredit Bank - HypoVereinsbank;55005;Mainz;;99
55020500;;BFSWDE33MNZ;SozialBank;34117;Kassel;;09
55020555;;BFSWDE33MNZ;SozialBank;34117;Kassel;;09
55020600;;IMMODE5MXXX;Aareal Bank (formerly Westdeutsche ImmobilienBank);65189;Wiesbaden;;09
55020700;;SUFGDE51XXX;Süd-West-Kreditbank Finanzierung;55387;Bingen am Rhein;;16
55030500;;CPLADE55XXX;TARGOBANK Gf FG;55014;Mainz;;09
55033300;;SCFBDE33XXX;Openbank Deutschland;41061;Mönchengladbach;;09
55040022;;COBADEFFXXX;Commerzbank;55002;Mainz;;13
55040060;;COBADEFFXXX;Commerzbank CC;55116;Mainz;;09
55040061;;COBADEFFXXX;Commerzbank CC;55116;Mainz;;09
55050000;;SOLADEST550;ZV Landesbank Baden-Württemberg;55098;Mainz;;59
55050120;;MALADE51MNZ;Sparkasse Mainz -alt-;55028;Mainz;;00
55060321;;GENODE51MZ4;VR-Bank Mainz -alt-;55052;Mainz;;32
55060417;;GENODE51MZ2;VR-Bank Mainz -alt-;55052;Mainz;;32
55060611;;GENODE51MZ6;Raiffeisenbank in Rheinhessen;55120;Mainz;;32
55061303;;GENODE51BUD;Budenheimer Volksbank;55254;Budenheim;;32
55061507;;GENODE51HDS;VR-Bank Mainz -alt-;55052;Mainz;;32
55061907;;GENODE51NIS;Volksbank Rhein-Selz -alt-;55280;Nierstein;;32
55070024;;DEUTDEDBMAI;Deutsche Bank;55007;Mainz;;63
55070040;;DEUTDE5MXXX;Deutsche Bank;55020;Mainz;;63
55070324;;DEUTDEDBP29;Postbank/DSL Ndl der Deutsche Bank;55116;Mainz;;63
55070396;;DEUTDE5MP29;Postbank/DSL Ndl der Deutsche Bank;55116;Mainz;;63
55080044;;COBADEFFXXX;Commerzbank, TF MZ 1;55006;Mainz;;76
55080065;;DRESDEFF550;Commerzbank vormals Dresdner Bank;55006;Mainz;;76
55080085;;DRESDEFFJ20;Commerzbank vormals Dresdner Bank, PCC DCC-ITGK 1;55002;Mainz;;09
55080086;;DRESDEFFJ21;Commerzbank vormals Dresdner Bank, PCC DCC-ITGK 2;55002;Mainz;;09
55080088;;DRESDEFF555;Commerzbank, TF MZ 2;55006;Mainz;;76
55090500;;GENODEF1S01;Sparda-Bank Südwest;55129;Mainz;;09
55091200;;GENODE61AZY;Volksbank Alzey-Worms;67547;Worms;;06
55150098;;MALADE51EMZ;Clearingkonto LRP-SI;55098;Mainz;;09
55160195;;GENODED1PA4;Pax-Bank;55023;Mainz;;06
55190000;;MVBMDE55XXX;Volksbank Darmstadt Mainz;55116;Mainz;;00
55340041;;COBADEFFXXX;Commerzbank;67501;Worms;;13
55350010;;MALADE51WOR;Rheinhessen Sparkasse;55116;Mainz;;A7
55361202;;GENODE51AHM;VR Bank;67577;Alsheim;;32
55362071;;GENODE51BEC;Volksbank Bechtheim -alt-;67595;Bechtheim;;32
55390000;;GENODE61WO1;Volksbank Worms-Wonnegau -alt-;67512;Worms;;06
56020086;;HYVEDEMM515;UniCredit Bank - HypoVereinsbank;55501;Bad Kreuznach;;99
56050180;;MALADE51KRE;Sparkasse Rhein-Nahe;55541;Bad Kreuznach;;00
56051790;;MALADE51SIM;Kreissparkasse Rhein-Hunsrück;55463;Simmern;;00
56061151;;GENODED1KSL;Raiffeisenbank Kastellaun;56284;Kastellaun;;38
56061472;;GENODED1KHK;Vereinigte Volksbank Raiffeisenbank;55469;Simmern;;38
56062227;;GENODED1RBO;Volksbank Rheinböllen;55494;Rheinböllen;;40
56070024;;DEUTDEDB560;Deutsche Bank;55504;Bad Kreuznach;;63
56070040;;DEUTDE5M560;Deutsche Bank;55504;Bad Kreuznach;;63
56090000;;GENODE51KRE;Volksbank Rhein-Nahe-Hunsrück;55543;Bad Kreuznach;;38
56240050;;COBADEFFXXX;Commerzbank;55743;Idar-Oberstein;;13
56250030;;BILADE55XXX;Kreissparkasse Birkenfeld;55743;Idar-Oberstein;;B2
56261735;;GENODED1FIN;Raiffeisenbank Nahe;55743;Fischbach;;38
56270024;;DEUTDEDB562;Deutsche Bank;55743;Idar-Oberstein;;63
56270044;;DEUTDE5M562;Deutsche Bank;55743;Idar-Oberstein;;63
57000000;;MARKDEF1570;Bundesbank;56010;Koblenz;;09
57020086;;HYVEDEMM401;UniCredit Bank - HypoVereinsbank;56003;Koblenz;;99
57020301;;MKBKDE51XXX;MMV Bank;56073;Koblenz;;09
57020500;;OYAKDE5KXXX;Oyak Anker Bank;60528;Frankfurt am Main;;D7
57020600;;DEBKDE51XXX;Debeka Bausparkasse;56054;Koblenz;;09
57040044;;COBADEFFXXX;Commerzbank;56004;Koblenz;;13
57050120;;MALADE51KOB;Sparkasse Koblenz;56013;Koblenz;;00
57051001;;MALADE51BMB;Kreissparkasse Westerwald -alt-;56410;Montabaur;;00
57051870;;MALADE51COC;Kreissparkasse Cochem-Zell -alt-;56812;Cochem;;00
57060000;;GENODEDD570;DZ BANK;56016;Koblenz;;44
57062675;;GENODE51NWA;Raiffeisenbank;56357;Niederwallmenach;;38
57064221;;GENODED1MKA;Volksbank Mülheim-Kärlich -alt-;56218;Mülheim-Kärlich;;38
57069067;;GENODED1LUH;Raiffeisenbank Lutzerather Höhe -alt-;56826;Lutzerath;;38
57069081;;GENODED1MOK;Raiffeisenbank Moselkrampen -alt-;56814;Ernst;;38
57069144;;GENODED1KAI;Raiffeisenbank MEHR;56759;Kaisersesch;;38
57069238;;GENODED1ASN;Raiffeisenbank Neustadt;53573;Neustadt (Wied);;38
57069257;;GENODED1UMO;Raiffeisenbank Untermosel -alt-;56253;Treis-Karden;;38
57069315;;GENODED1SRH;Raiffeisenbank Straßenhaus -alt-;56585;Straßenhaus;;38
57069361;;GENODED1WLG;Raiffeisenbank Welling -alt-;56753;Welling;;38
57069727;;GENODED1IRR;Raiffeisenbank Irrel -alt-;54666;Irrel;;38
57069806;;GENODED1MBA;VR-Bank Hunsrück-Mosel -alt-;54497;Morbach;;09
57070024;;DEUTDEDB570;Deutsche Bank;56005;Koblenz;;63
57070045;;DEUTDE5M570;Deutsche Bank;56005;Koblenz;;63
57070324;;DEUTDEDBP28;Postbank/DSL Ndl der Deutsche Bank;56068;Koblenz;;63
57070395;;DEUTDE5MP28;Postbank/DSL Ndl der Deutsche Bank;56068;Koblenz;;63
57080070;;DRESDEFF570;Commerzbank vormals Dresdner Bank;56005;Koblenz;;76
57090000;;GENODE51KOB;Volksbank Koblenz Mittelrhein -alt-;56009;Koblenz;;64
57090010;;GENODE51KOB;Volksbank Koblenz Mittelrhein GAA -alt-;56068;Koblenz;;64
57090900;;GENODEF1P12;PSD Bank Koblenz -alt-;56068;Koblenz;;91
57091000;;GENODE51MON;Volksbank Montabaur-Höhr-Grenzhausen -alt-;56404;Montabaur;;06
57092800;;GENODE51DIE;Volksbank Rhein-Lahn-Limburg;65582;Diez;;06
57263015;;GENODE51ARZ;Raiffeisenbank Unterwesterwald -alt-;56337;Arzbach;;38
57351030;;MALADE51AKI;Sparkasse Westerwald-Sieg;56470;Bad Marienberg (Westerwald);;00
57361476;;GENODED1GBS;Volksbank Gebhardshain;57580;Gebhardshain;;38
57363243;;GENODED1NFB;Raiffeisenbank Niederfischbach -alt-;57572;Niederfischbach;;38
57391200;;GENODE51DAA;Volksbank Daaden;57567;Daaden;;06
57391500;;GENODE51HAM;Volksbank Hamm/Sieg;57573;Hamm;;06
57391800;;GENODE51WW1;Westerwald Bank;56410;Montabaur;;06
57450120;;MALADE51NWD;Sparkasse Neuwied;56510;Neuwied;;00
57460117;;GENODED1NWD;VR Bank Rhein-Mosel -alt-;56564;Neuwied;;38
57461759;;GENODED1MRW;Raiffeisenbank Mittelrhein -alt-;56572;Weißenthurm;;09
57470024;;DEUTDEDB574;Deutsche Bank;56504;Neuwied;;63
57470047;;DEUTDE5M574;Deutsche Bank;56504;Neuwied;;63
57650010;;MALADE51MYN;Kreissparkasse Mayen;56705;Mayen;;00
57661253;;GENODED1KEH;Raiffeisenbank -alt-;56729;Kehrig;;38
57662263;;GENODED1MPO;VR Bank Rhein-Mosel -alt-;56299;Ochtendung;;38
57751310;;MALADE51AHR;Kreissparkasse Ahrweiler;53458;Bad Neuenahr-Ahrweiler;;00
57761591;;GENODED1BNA;VR Bank RheinAhrEifel;56068;Koblenz;;34
57761599;;GENODED1BNA;Volksbank RheinAhrEifel (Gf GAA);56068;Koblenz;;34
57762265;;GENODED1GRO;Raiffeisenbank Grafschaft-Wachtberg;53501;Grafschaft;;38
58520086;;HYVEDEMM437;UniCredit Bank - HypoVereinsbank;54203;Trier;;99
58540035;;COBADEFFXXX;Commerzbank;54204;Trier;;13
58550130;;TRISDE55XXX;Sparkasse Trier;54292;Trier;;00
58560103;;GENODED1TVB;Volksbank Trier -alt-;54292;Trier;;38
58560294;;GENODED1PA3;Pax-Bank;54220;Trier;;06
58561626;;GENODED1SRB;Volksbank Saarburg -alt-;54439;Saarburg;;38
58561771;;GENODED1MLW;Raiffeisenbank Mehring-Leiwen;54340;Leiwen;;38
58564788;;GENODED1HWM;Volksbank Hochwald-Saarburg -alt-;54439;Saarburg;;38
58570024;;DEUTDEDB585;Deutsche Bank;54205;Trier;;63
58570048;;DEUTDE5M585;Deutsche Bank;54205;Trier;;63
58580074;;DRESDEFF585;Commerzbank vormals Dresdner Bank;54205;Trier;;76
58590900;;GENODEF1P21;PSD Bank Trier Ndl der PSD Bank West;54290;Trier;;91
58650030;;MALADE51BIT;Kreissparkasse Bitburg-Prüm;54623;Bitburg;;00
58651240;;MALADE51DAU;Kreissparkasse Vulkaneifel;54550;Daun;;00
58660101;;GENODED1BIT;Volksbank Trier Eifel;54292;Trier;;38
58661901;;GENODED1WSC;Raiffeisenbank Westeifel -alt-;54687;Arzfeld;;38
58662653;;GENODED1OSE;Raiffeisenbank östl Südeifel -alt-;54647;Dudeldorf;;38
58691500;;GENODED1PRU;Volksbank Eifel Mitte -alt-;54591;Prüm;;38
58751230;;MALADE51BKS;Sparkasse Mittelmosel-Eifel Mosel Hunsrück;54469;Bernkastel-Kues;;00
58760954;;GENODED1WTL;Vereinigte Volksbank Raiffeisenbank -alt-;54516;Wittlich;;38
58761343;;GENODED1BPU;Raiffeisenbank Zeller Land -alt-;56867;Briedel;;38
58771224;;DEUTDEDB587;Deutsche Bank;54461;Bernkastel-Kues;;63
58771242;;DEUTDE5M587;Deutsche Bank;54461;Bernkastel-Kues;;63
59000000;;MARKDEF1590;Bundesbank;66018;Saarbrücken;;09
59010011;;PBNKDEFF011;Postbank Ndl der Deutsche Bank;66386;St. Ingbert;;09
59010012;;PBNKDEFF012;Postbank Ndl der Deutsche Bank;66538;Neunkirchen;;09
59010013;;PBNKDEFF013;Postbank Ndl der Deutsche Bank;66763;Dillingen;;09
59010014;;PBNKDEFF014;Postbank Ndl der Deutsche Bank;66333;Völklingen;;09
59010015;;PBNKDEFF015;Postbank Ndl der Deutsche Bank;52062;Aachen;;09
59010016;;PBNKDEFF016;Postbank Ndl der Deutsche Bank;76646;Bruchsal;;09
59010017;;PBNKDEFF017;Postbank Ndl der Deutsche Bank;37073;Göttingen;;09
59010018;;PBNKDEFF018;Postbank Ndl der Deutsche Bank;22880;Wedel;;09
59010019;;PBNKDEFF019;Postbank Ndl der Deutsche Bank;59755;Arnsberg;;09
59010021;;PBNKDEFF021;Postbank Ndl der Deutsche Bank;63739;Aschaffenburg;;09
59010022;;PBNKDEFF022;Postbank Ndl der Deutsche Bank;36037;Fulda;;09
59010023;;PBNKDEFF023;Postbank Ndl der Deutsche Bank;61348;Bad Homburg;;09
59010024;;PBNKDEFF024;Postbank Ndl der Deutsche Bank;50321;Brühl;;09
59010025;;PBNKDEFF025;Postbank Ndl der Deutsche Bank;34117;Kassel;;09
59010026;;PBNKDEFF026;Postbank Ndl der Deutsche Bank;87600;Kaufbeuren;;09
59010027;;PBNKDEFF027;Postbank Ndl der Deutsche Bank;25421;Pinneberg;;09
59010028;;PBNKDEFF028;Postbank Ndl der Deutsche Bank;55232;Alzey;;09
59010029;;PBNKDEFF029;Postbank Ndl der Deutsche Bank;61118;Bad Vilbel;;09
59010031;;PBNKDEFF031;Postbank Ndl der Deutsche Bank;75015;Bretten;;09
59010032;;PBNKDEFF032;Postbank Ndl der Deutsche Bank;18439;Stralsund;;09
59010033;;PBNKDEFF033;Postbank Ndl der Deutsche Bank;95444;Bayreuth;;09
59010034;;PBNKDEFF034;Postbank Ndl der Deutsche Bank;29614;Soltau;;09
59010035;;PBNKDEFF035;Postbank Ndl der Deutsche Bank;27755;Delmenhorst;;09
59010036;;PBNKDEFF036;Postbank Ndl der Deutsche Bank;93413;Cham;;09
59010037;;PBNKDEFF037;Postbank Ndl der Deutsche Bank;50126;Bergheim;;09
59010038;;PBNKDEFF038;Postbank Ndl der Deutsche Bank;86551;Aichach;;09
59010039;;PBNKDEFF039;Postbank Ndl der Deutsche Bank;51465;Bergisch Gladbach;;09
59010040;;PBNKDEFF040;Postbank Ndl der Deutsche Bank;71229;Leonberg;;09
59010041;;PBNKDEFF041;Postbank Ndl der Deutsche Bank;76726;Germersheim;;09
59010042;;PBNKDEFF042;Postbank Ndl der Deutsche Bank;46397;Bocholt;;09
59010044;;PBNKDEFF044;Postbank Ndl der Deutsche Bank;44787;Bochum;;09
59010045;;PBNKDEFF045;Postbank Ndl der Deutsche Bank;63477;Maintal;;09
59010047;;PBNKDEFF047;Postbank Ndl der Deutsche Bank;40721;Hilden;;09
59010048;;PBNKDEFF048;Postbank Ndl der Deutsche Bank;50226;Frechen;;09
59010049;;PBNKDEFF049;Postbank Ndl der Deutsche Bank;38440;Wolfsburg;;09
59010051;;PBNKDEFF051;Postbank Ndl der Deutsche Bank;49377;Vechta;;09
59010052;;PBNKDEFF052;Postbank Ndl der Deutsche Bank;29439;Lüchow (Wendland);;09
59010053;;PBNKDEFF053;Postbank Ndl der Deutsche Bank;38102;Braunschweig;;09
59010054;;PBNKDEFF054;Postbank Ndl der Deutsche Bank;49565;Bramsche;;09
59010055;;PBNKDEFF055;Postbank Ndl der Deutsche Bank;38350;Helmstedt;;09
59010056;;PBNKDEFF056;Postbank Ndl der Deutsche Bank;14712;Rathenow;;09
59010057;;PBNKDEFF057;Postbank Ndl der Deutsche Bank;33602;Bielefeld;;09
59010058;;PBNKDEFF058;Postbank Ndl der Deutsche Bank;38300;Wolfenbüttel;;09
59010059;;PBNKDEFF059;Postbank Ndl der Deutsche Bank;14974;Ludwigsfelde;;09
59010061;;PBNKDEFF061;Postbank Ndl der Deutsche Bank;59494;Soest;;09
59010062;;PBNKDEFF062;Postbank Ndl der Deutsche Bank;99867;Gotha;;09
59010063;;PBNKDEFF063;Postbank Ndl der Deutsche Bank;02977;Hoyerswerda;;09
59010064;;PBNKDEFF064;Postbank Ndl der Deutsche Bank;56727;Mayen;;09
59010065;;PBNKDEFF065;Postbank Ndl der Deutsche Bank;63571;Gelnhausen;;09
59010066;;PBNKDEFFXXX;Postbank Ndl der Deutsche Bank;66111;Saarbrücken;;24
59010068;;PBNKDEFF068;Postbank Ndl der Deutsche Bank;95028;Hof;;09
59010069;;PBNKDEFF069;Postbank Ndl der Deutsche Bank;67098;Bad Dürkheim;;09
59010071;;PBNKDEFF071;Postbank Ndl der Deutsche Bank;91413;Neustadt a.d.Aisch;;09
59010072;;PBNKDEFF072;Postbank Ndl der Deutsche Bank;72072;Tübingen;;09
59010073;;PBNKDEFF073;Postbank Ndl der Deutsche Bank;85435;Erding;;09
59010074;;PBNKDEFF074;Postbank Ndl der Deutsche Bank;92224;Amberg;;09
59010400;;SIKBDE55XXX;Saarl Investitionskreditbank;66027;Saarbrücken;;32
59020090;;HYVEDEMM432;UniCredit Bank - HypoVereinsbank;66003;Saarbrücken;;99
59020400;;MEGHDE81XXX;mediserv Bank;66121;Saarbrücken;;09
59040000;;COBADEFFXXX;Commerzbank;66005;Saarbrücken;;13
59050000;;SALADE55XXX;Landesbank Saar;66104;Saarbrücken;;27
59050101;;SAKSDE55XXX;Sparkasse Saarbrücken;66104;Saarbrücken;;E3
59051090;;SALADE51VKS;Stadtsparkasse Völklingen -alt-;66310;Völklingen;;21
59070000;;DEUTDE5M555;Deutsche Bank;66006;Saarbrücken;;63
59070070;;DEUTDEDB595;Deutsche Bank;66111;Saarbrücken;;63
59080090;;DRESDEFF590;Commerzbank vormals Dresdner Bank;66007;Saarbrücken;;76
59090900;;GENODEF1P19;PSD Bank RheinNeckarSaar;66023;Saarbrücken;;91
59092000;;GENODE51SB2;Vereinigte Volksbank Saarlouis-Losheim-Sulzbach/Saar;66740;Saarlouis;;06
59099550;;GENODE51NOH;Volksbank Nahe-Schaumberg -alt-;66625;Nohfelden;;06
59190000;;SABADE5SXXX;Bank 1 Saar;66026;Saarbrücken;;06
59190200;;GENODE51SLS;Volksbank Westliche Saar plus -alt-;66724;Saarlouis;;06
59251020;;SALADE51WND;Kreissparkasse St. Wendel;66606;St. Wendel;;00
59252046;;SALADE51NKS;Sparkasse Neunkirchen;66538;Neunkirchen;;C9
59291000;;GENODE51WEN;Unsere Volksbank St. Wendeler Land -alt-;66606;St. Wendel;;06
59291200;;GENODE51BEX;Volks- und Raiffeisenbank Saarpfalz -alt-;66424;Homburg;;06
59320087;;HYVEDEMM838;UniCredit Bank - HypoVereinsbank;66714;Saarlouis;;99
59350110;;KRSADE55XXX;Kreissparkasse Saarlouis;66717;Saarlouis;;00
59351040;;MERZDE55XXX;Sparkasse Merzig-Wadern;66651;Merzig;;00
59390100;;GENODE51SLF;Volksbank Saarlouis -alt-;66724;Saarlouis;;06
59391200;;GENODE51UBH;Volksbank Überherrn;66802;Überherrn;;06
59392000;;GENODE51DSA;Volksbank Dillingen -alt-;66763;Dillingen;;06
59392200;;GENODE51LOS;Volksbank Untere Saar -alt-;66679;Losheim am See;;06
59393000;;GENODE51LEB;levoBank;66822;Lebach;;06
59450010;;SALADE51HOM;Kreissparkasse Saarpfalz;66404;Homburg;;00
59491300;;GENODE51MBT;VR Bank Saarpfalz -alt-;66424;Homburg;;06
60000000;;MARKDEF1600;Bundesbank;70049;Stuttgart;;09
60010070;;PBNKDEFFXXX;Postbank Ndl der Deutsche Bank;70148;Stuttgart;;24
60010424;;AARBDE5W600;Aareal Bank ehem. Filiale Stuttgart;65189;Wiesbaden;;09
60010700;;LKBWDE6K600;Landeskreditbank Baden-Württemberg Förderbank -alt-;76113;Karlsruhe;;09
60020030;;SOLADEST601;Baden-Württembergische Bank;70049;Stuttgart;;65
60020100;;SCHWDESSXXX;M.M. Warburg & Co (vormals Schwäbische Bank);20095;Hamburg;;09
60020290;;HYVEDEMM473;UniCredit Bank - HypoVereinsbank;70003;Stuttgart;;99
60030000;;MEBEDE6SDCB;Mercedes-Benz Bank;70323;Stuttgart;;A3
60030100;;BHBADES1XXX;Bankhaus Bauer, Essen;45149;Essen;;10
60030200;;ELGEDES1XXX;Bankhaus Ellwanger & Geiger;70174;Stuttgart;;10
60030600;;CPLUDES1XXX;CreditPlus Bank;70004;Stuttgart;;09
60030633;;CPLUDES1633;CreditPlus Bank GF Credit Agricole Deutschland;70178;Stuttgart;;09
60030666;;CPLUDES1666;CreditPlus Bank;70178;Stuttgart;;09
60030700;;AKBADES1XXX;AKTIVBANK;60528;Frankfurt am Main;;09
60030900;;ISBKDEFXSTU;Isbank Fil Stuttgart;70174;Stuttgart;;06
60031000;;TRUFDE66XXX;TRUMPF Financial Services;71254;Ditzingen;;00
60033000;;BSWLDE61XXX;Wüstenrot Bausparkasse;71630;Ludwigsburg;;09
60035810;;IBKBDES1XXX;GSCF Working Capital Bank;71065;Sindelfingen;;06
60040060;;COBADEFFXXX;Commerzbank CC;70173;Stuttgart;;09
60040061;;COBADEFFXXX;Commerzbank CC;70173;Stuttgart;;09
60040071;;COBADEFFXXX;Commerzbank;70049;Stuttgart;;13
60040075;;COBADEFFXXX;Commerzbank, Filiale Stuttgart 2;70049;Stuttgart;;13
60050000;;SOLADESTXXX;Landesbank Baden-Württemberg;70144;Stuttgart;;09
60050009;;;ZV Landesbank Baden-Württemberg ISE;70144;Stuttgart;;09
60050101;;SOLADEST600;Landesbank Baden-Württemberg/Baden-Württembergische Bank;70144;Stuttgart;;01
60060000;;GENODESGXXX;DZ BANK;70049;Stuttgart;;09
60060202;;GENODESTXXX;DZ PRIVATBANK;60325;Frankfurt am Main;;09
60060396;;GENODES1UTV;Volksbank am Württemberg;70703;Fellbach;;10
60062775;;GENODES1ECH;Echterdinger Bank;70750;Leinfelden-Echterdingen;;10
60062909;;GENODES1MCH;Volksbank Strohgäu -alt-;70813;Korntal-Münchingen;;10
60069017;;GENODES1DMS;Raiffeisenbank Dellmensingen -alt-;89155;Erbach;;10
60069066;;GENODES1RBA;Raiffeisenbank Niedere Alb;89129;Langenau;;10
60069075;;GENODES1RVG;Raiffeisenbank Bühlertal;74541;Vellberg;;10
60069147;;GENODES1RSF;Raiffeisenbank Sondelfingen;72740;Reutlingen;;10
60069158;;GENODES1SAA;Raiffeisenbank Steinheim -alt-;89555;Steinheim am Albuch;;10
60069206;;GENODES1AID;Raiffeisenbank Aidlingen;71134;Aidlingen;;10
60069224;;GENODES1GWS;Genossenschaftsbank Weil im Schönbuch;71093;Weil im Schönbuch;;10
60069239;;GENODES1BPF;Bopfinger Bank Sechta-Ries;73441;Bopfingen;;10
60069242;;GENODES1RGR;Raiffeisenbank Gruibingen;73344;Gruibingen;;10
60069245;;GENODES1RVG;Raiffeisenbank Bühlertal;74424;Bühlertann;;10
60069251;;GENODES1RDI;Raiffeisenbank Donau-Iller -alt-;89155;Erbach;;10
60069302;;GENODES1ERM;Raiffeisenbank Erlenmoos -alt-;88416;Erlenmoos;;10
60069303;;GENODES1RBS;Raiffeisenbank Bad Schussenried-Aulendorf -alt-;88427;Bad Schussenried;;10
60069308;;GENODES1RIN;Raiffeisenbank -alt-;88456;Ingoldingen;;10
60069315;;GENODES1MDH;Volksbank Freiberg und Umgebung -alt-;74395;Mundelsheim;;10
60069336;;GENODES1RMA;Raiffeisenbank Maitis;73037;Göppingen;;10
60069346;;GENODES1REH;VR-Bank Alb-Blau-Donau;89584;Ehingen (Donau);;10
60069350;;GENODES1RRG;Raiffeisenbank Reute-Gaisbeuren;88339;Bad Waldsee;;10
60069355;;GENODES1EHN;VR-Bank Ehningen-Nufringen;71139;Ehningen;;10
60069378;;GENODES1DEH;Volksbank Dettenhausen;72135;Dettenhausen;;10
60069387;;GENODES1DBE;Dettinger Bank;72581;Dettingen an der Erms;;10
60069417;;GENODES1KIB;Raiffeisenbank Kirchheim-Walheim -alt-;74366;Kirchheim am Neckar;;10
60069419;;GENODES1UHL;Uhlbacher Bank -alt-;70310;Stuttgart;;10
60069442;;GENODES1RFS;Raiffeisenbank Frankenhardt-Stimpfach;74597;Stimpfach;;10
60069455;;GENODES1RVS;Raiffeisenbank Vordersteinenberg -alt-;73553;Alfdorf;;10
60069457;;GENODES1OTT;Raiffeisenbank Ottenbach;73113;Ottenbach;;10
60069462;;GENODES1WBB;Winterbacher Bank;73650;Winterbach;;10
60069463;;GENODES1RKH;Raiffeisenbank Geislingen-Rosenfeld;72348;Rosenfeld;;10
60069476;;GENODES1DEA;Raiffeisenbank Heidenheimer Alb -alt-;89547;Gerstetten;;10
60069485;;GENODES1ROW;Raiffeisenbank Oberer Wald -alt-;72226;Simmersfeld;;10
60069505;;GENODES1VMT;Volksbank Murgtal -alt-;72270;Baiersbronn;;10
60069517;;GENODES1SCA;Scharnhauser Bank -alt-;73760;Ostfildern;;10
60069527;;GENODES1RNS;Volksbank Brenztal;89537;Giengen an der Brenz;;10
60069538;;GENODES1LOC;Löchgauer Bank -alt-;74367;Löchgau;;10
60069544;;GENODES1RWN;Raiffeisenbank Westhausen;73461;Westhausen;;10
60069545;;GENODES1NUF;Nufringer Bank -Raiffeisen- -alt-;71150;Nufringen;;10
60069553;;GENODES1HAR;Raiffeisenbank Aichhalden-Hardt-Sulgen;78739;Hardt;;10
60069564;;GENODES1RVA;Raiffeisenbank Vordere Alb -alt-;72584;Hülben;;10
60069595;;GENODES1SBB;Raiffeisenbank Schrozberg-Rot am See;74573;Schrozberg;;10
60069639;;GENODES1RIH;Raiffeisenbank Ingersheim -alt-;74377;Ingersheim;;10
60069669;;GENODES1EHB;Erligheimer Bank -alt-;74391;Erligheim;;10
60069673;;GENODES1ABR;Abtsgmünder Bank -Raiffeisen-;73453;Abtsgmünd;;10
60069680;;GENODES1BRZ;Raiffeisenbank Bretzfeld-Neuenstein -alt-;74626;Bretzfeld;;10
60069685;;GENODES1RWA;Raiffeisenbank Wangen;73117;Wangen;;10
60069705;;GENODES1SLA;Raiffeisenbank Schlat -alt-;73114;Schlat;;10
60069706;;GENODES1MEH;Raiffeisenbank -alt-;72537;Mehrstetten;;10
60069710;;GENODES1RGF;Raiffeisenbank Gammesfeld;74572;Blaufelden;;09
60069714;;GENODES1IBR;Raiffeisenbank Hohenloher Land;74665;Ingelfingen;;10
60069727;;GENODES1ROF;Raiffeisenbank Oberstenfeld -alt-;71718;Oberstenfeld;;10
60069738;;GENODES1FAN;Volksbank Freiberg und Umgebung -alt-;71687;Freiberg am Neckar;;10
60069766;;GENODES1BBO;Volks- und Raiffeisenbank Boll -alt-;73087;Bad Boll;;10
60069795;;GENODES1HHB;Volksbank Freiberg und Umgebung -alt-;74394;Hessigheim;;10
60069798;;GENODES1RHB;Raiffeisenbank Horb -alt-;72154;Horb am Neckar;;10
60069817;;GENODES1RMO;Raiffeisenbank -alt-;71159;Mötzingen;;10
60069832;;GENODES1URB;Raiffeisenbank Urbach -alt-;73656;Urbach;;10
60069842;;GENODES1DHB;Darmsheimer Bank -alt-;71069;Sindelfingen;;10
60069858;;GENODES1VAI;Enztalbank -alt-;71656;Vaihingen an der Enz;;10
60069860;;GENODES1FED;Federseebank -alt-;88422;Bad Buchau;;10
60069876;;GENODES1ROG;Raiffeisenbank Oberes Gäu Ergenzingen -alt-;72108;Rottenburg am Neckar;;10
60069896;;GENODES1PLE;Volksbank Freiberg und Umgebung -alt-;74385;Pleidelsheim;;10
60069904;;GENODES1RUW;VR-Bank Alb -alt-;72820;Sonnenbühl;;10
60069905;;GENODES1REM;Volksbank Remseck;71680;Remseck am Neckar;;10
60069911;;GENODES1ERL;Raiffeisenbank;74233;Erlenbach;;10
60069926;;GENODES1VBG;Volksbank Glatten-Wittendorf -alt-;72293;Glatten;;10
60069927;;GENODES1BHB;Berkheimer Bank -alt-;73734;Esslingen am Neckar;;10
60069931;;GENODES1BGH;Raiffeisenbank;89180;Berghülen;;10
60069950;;GENODES1TUN;Raiffeisenbank Tüngental;74523;Schwäbisch Hall;;10
60069976;;GENODES1BOE;Raiffeisenbank Böllingertal;74078;Heilbronn;;10
60070024;;DEUTDEDBSTG;Deutsche Bank;70049;Stuttgart;;63
60070070;;DEUTDESSXXX;Deutsche Bank;70049;Stuttgart;;63
60070214;;DEUTDESSP13;Postbank/DSL Ndl der Deutsche Bank;70173;Stuttgart;;63
60070224;;DEUTDEDBP13;Postbank/DSL Ndl der Deutsche Bank;70173;Stuttgart;;63
60080000;;DRESDEFF600;Commerzbank vormals Dresdner Bank;70049;Stuttgart;;76
60080055;;DRESDEFF608;Commerzbank vormals Dresdner Bank Zw 55;70049;Stuttgart;;76
60080057;;DRESDEFF609;Commerzbank vormals Dresdner Bank Gf Zw 57;70049;Stuttgart;;76
60080085;;DRESDEFFI50;Commerzbank vormals Dresdner Bank ITGK 2;70049;Stuttgart;;09
60080086;;DRESDEFFI54;Commerzbank vormals Dresdner Bank Gf PCC-ITGK 3;70140;Stuttgart;;09
60080087;;DRESDEFFI57;Commerzbank vormals Dresdner Bank, PCC DC-ITGK 4;70140;Stuttgart;;09
60080088;;DRESDEFFI58;Commerzbank vormals Dresdner Bank, PCC DC-ITGK 5;70140;Stuttgart;;09
60089450;;DRESDEFFI21;Commerzbank vormals Dresdner Bank ITGK;70049;Stuttgart;;09
60090100;;VOBADESSXXX;Volksbank Stuttgart;70039;Stuttgart;;10
60090133;;VOBADESSXXX;Volksbank Stuttgart GAA;70174;Stuttgart;;10
60090300;;GENODES1ZUF;Volksbank Zuffenhausen m Zndl Stammheimer VB;70432;Stuttgart;;10
60090700;;SWBSDESSXXX;SÜDWESTBANK - BAWAG Niederlassung Deutschland;70037;Stuttgart;;10
60090800;;GENODEF1S02;Sparda-Bank Baden-Württemberg;70191;Stuttgart;;09
60090900;;GENODEF1P20;PSD Bank RheinNeckarSaar;70369;Stuttgart;;91
60120200;;BHFBDEFF600;ODDO BHF;70173;Stuttgart;;60
60120500;;BFSWDE33STG;SozialBank;70173;Stuttgart;;09
60133300;;SCFBDE33XXX;Openbank Deutschland;41061;Mönchengladbach;;09
60241074;;COBADEFFXXX;Commerzbank;71522;Backnang;;13
60250010;;SOLADES1WBN;Kreissparkasse Waiblingen;71304;Waiblingen;;01
60261329;;GENODES1FBB;Fellbacher Bank;70703;Fellbach;;10
60261622;;GENODES1WNS;VR-Bank Weinstadt -alt-;71384;Weinstadt;;10
60261818;;GENODES1RWT;Raiffeisenbank Weissacher Tal -alt-;71573;Allmersbach im Tal;;10
60262063;;GENODES1KOR;Korber Bank -alt-;71398;Korb;;10
60262693;;GENODES1KRN;Kerner Volksbank -alt-;71394;Kernen im Remstal;;10
60270024;;DEUTDEDB606;Deutsche Bank;71332;Waiblingen;;63
60270073;;DEUTDESS606;Deutsche Bank;71332;Waiblingen;;63
60290110;;GENODES1VWN;Volksbank Rems -alt-;71307;Waiblingen;;10
60291120;;GENODES1VBK;Volksbank Backnang;71522;Backnang;;10
60320291;;HYVEDEMM858;UniCredit Bank - HypoVereinsbank;71001;Böblingen;;99
60340071;;COBADEFFXXX;Commerzbank Sindelfingen;71043;Sindelfingen;;13
60350130;;BBKRDE6BXXX;Kreissparkasse Böblingen;71005;Böblingen;;01
60361923;;GENODES1WES;Raiffeisenbank Weissach -alt-;71287;Weissach;;10
60380002;;DRESDEFF601;Commerzbank vormals Dresdner Bank;71002;Böblingen;;76
60390000;;GENODES1BBV;Vereinigte Volksbanken;71063;Sindelfingen;;10
60390300;;GENODES1LEO;Volksbank Leonberg-Strohgäu;71226;Leonberg;;10
60391310;;GENODES1VBH;Volksbank in der Region;72070;Tübingen;;10
60391420;;GENODES1MAG;VR-Bank Magstadt-Weissach -alt-;71102;Magstadt;;10
60420000;;WBAGDE61XXX;Oldenburgische Landesbank AG;26122;Oldenburg (Oldb);;06
60420020;;WBAGDEA1XXX;Oldenburgische Landesbank AG;26122;Oldenburg (Oldb);;06
60420021;;WBAGDEA1XXX;Oldenburgische Landesbank AG;26122;Oldenburg (Oldb);;06
60420186;;HYVEDEMM860;UniCredit Bank - HypoVereinsbank;71604;Ludwigsburg;;99
60422000;;SABUDES1XXX;RSB Retail+Service Bank;70806;Kornwestheim;;06
60440073;;COBADEFFXXX;Commerzbank;71602;Ludwigsburg;;13
60450050;;SOLADES1LBG;Kreissparkasse Ludwigsburg;71638;Ludwigsburg;;01
60460142;;GENODES1EGL;Volksbank Freiberg und Umgebung -alt-;71603;Ludwigsburg;;10
60462808;;GENODES1AMT;VR-Bank Asperg-Markgröningen -alt-;71696;Möglingen;;10
60470024;;DEUTDEDB604;Deutsche Bank;71603;Ludwigsburg;;63
60470082;;DEUTDESS604;Deutsche Bank;71603;Ludwigsburg;;63
60480008;;DRESDEFF604;Commerzbank vormals Dresdner Bank;71603;Ludwigsburg;;76
60490150;;GENODES1LBG;Volksbank Ludwigsburg -alt-;71610;Ludwigsburg;;10
60491430;;GENODES1VBB;VR-Bank Ludwigsburg;71636;Ludwigsburg;;10
60661906;;GENODES1WIM;Raiffeisenbank Wimsheim-Mönsheim -alt-;71299;Wimsheim;;10
60663084;;GENODES1RCW;Raiffeisenbank im Kreis Calw;75387;Neubulach;;10
60670024;;DEUTDEDB659;Deutsche Bank;70545;Stuttgart;;63
60670070;;DEUTDESS659;Deutsche Bank;70545;Stuttgart;;63
61030000;;MARBDE6GXXX;Bankhaus Gebr. Martin;73033;Göppingen;;09
61040014;;COBADEFFXXX;Commerzbank;73002;Göppingen;;13
61050000;;GOPSDE6GXXX;Kreissparkasse Göppingen;73007;Göppingen;;01
61060500;;GENODES1VGP;Volksbank Göppingen;73013;Göppingen;;10
61070024;;DEUTDEDB610;Deutsche Bank;73003;Göppingen;;63
61070078;;DEUTDESS610;Deutsche Bank;73003;Göppingen;;63
61080006;;DRESDEFF610;Commerzbank vormals Dresdner Bank;73003;Göppingen;;76
61091200;;GENODES1DGG;Volksbank-Raiffeisenbank Deggingen -alt-;73324;Deggingen;;10
61120286;;HYVEDEMM859;UniCredit Bank - HypoVereinsbank;73709;Esslingen am Neckar;;99
61140071;;COBADEFFXXX;Commerzbank;73706;Esslingen am Neckar;;13
61150020;;ESSLDE66XXX;Kreissparkasse Esslingen-Nürtingen;73702;Esslingen am Neckar;;01
61161696;;GENODES1NHB;Volksbank Filder;73761;Neuhausen auf den Fildern;;10
61170024;;DEUTDEDB611;Deutsche Bank;73701;Esslingen am Neckar;;63
61170076;;DEUTDESS611;Deutsche Bank;73701;Esslingen am Neckar;;63
61180004;;DRESDEFF611;Commerzbank vormals Dresdner Bank;73707;Esslingen am Neckar;;76
61190110;;GENODES1ESS;Volksbank Esslingen -alt-;73704;Esslingen am Neckar;;10
61191310;;GENODES1VBP;Volksbank Plochingen;73203;Plochingen;;10
61240048;;COBADEFFXXX;Commerzbank;72622;Nürtingen;;13
61261213;;GENODES1TEC;Raiffeisenbank Teck -alt-;73277;Owen;;10
61261339;;GENODES1HON;VR Bank Hohenneuffen-Teck -alt-;72633;Frickenhausen;;10
61262258;;GENODES1WLF;Genossenschaftsbank Wolfschlugen -alt-;72645;Wolfschlugen;;10
61262345;;GENODES1BBF;Bernhauser Bank;70772;Filderstadt;;10
61281007;;DRESDEFF612;Commerzbank vormals Dresdner Bank;73230;Kirchheim unter Teck;;76
61290120;;GENODES1NUE;Volksbank Mittlerer Neckar;73728;Esslingen am Neckar;;10
61340079;;COBADEFFXXX;Commerzbank;73502;Schwäbisch Gmünd;;13
61361722;;GENODES1HEU;Raiffeisenbank Rosenstein;73540;Heubach;;10
61361975;;GENODES1RML;Raiffeisenbank Mutlangen -alt-;73557;Mutlangen;;10
61370024;;DEUTDEDB613;Deutsche Bank;73502;Schwäbisch Gmünd;;63
61370086;;DEUTDESS613;Deutsche Bank;73502;Schwäbisch Gmünd;;63
61390140;;GENODES1VGD;Volksbank Schwäbisch Gmünd -alt-;73525;Schwäbisch Gmünd;;10
61391410;;GENODES1WEL;VR Bank Schwäbischer Wald;73642;Welzheim;;10
61420086;;HYVEDEMM272;UniCredit Bank - HypoVereinsbank;73401;Aalen;;99
61440086;;COBADEFFXXX;Commerzbank;73401;Aalen;;13
61450050;;OASPDE6AXXX;Kreissparkasse Ostalb;73427;Aalen;;01
61480001;;DRESDEFF614;Commerzbank vormals Dresdner Bank;73402;Aalen;;76
61490150;;GENODES1AAV;VR-Bank Ostalb;73407;Aalen;;10
61491010;;GENODES1ELL;VR-Bank Ellwangen;73471;Ellwangen (Jagst);;10
62020000;;HOEBDE61XXX;Hoerner-Bank;74072;Heilbronn;;16
62040060;;COBADEFFXXX;Commerzbank;74004;Heilbronn;;13
62050000;;HEISDE66XXX;Kreissparkasse Heilbronn;74014;Heilbronn;;01
62061991;;GENODES1VOS;Volksbank Sulmtal;74182;Obersulm;;10
62062215;;GENODES1BIA;Volksbank Beilstein-Ilsfeld-Abstatt;71717;Beilstein;;10
62062643;;GENODES1VFT;Volksbank Flein-Talheim;74223;Flein;;10
62063263;;GENODES1VLS;VBU Volksbank im Unterland;74336;Brackenheim;;10
62070024;;DEUTDEDB620;Deutsche Bank;74005;Heilbronn;;63
62070081;;DEUTDESS620;Deutsche Bank;74005;Heilbronn;;63
62080012;;DRESDEFF620;Commerzbank vormals Dresdner Bank;74005;Heilbronn;;76
62090100;;GENODES1VHN;Volksbank Heilbronn -alt-;74026;Heilbronn;;10
62091400;;GENODES1VBR;Volksbank Brackenheim-Güglingen -alt-;74334;Brackenheim;;10
62091600;;GENODES1VMN;Volksbank Möckmühl;74219;Möckmühl;;10
62091800;;GENODES1VHL;Volksbank Hohenlohe;74613;Öhringen;;10
62220000;;BSHHDE61XXX;Bausparkasse Schwäbisch Hall;74501;Schwäbisch Hall;;09
62240048;;COBADEFFXXX;Commerzbank;74523;Schwäbisch Hall;;13
62250030;;SOLADES1SHA;Sparkasse Schwäbisch Hall-Crailsheim;74504;Schwäbisch Hall;;01
62251550;;SOLADES1KUN;Sparkasse Hohenlohekreis;74641;Künzelsau;;01
62280012;;DRESDEFF622;Commerzbank vormals Dresdner Bank;74501;Schwäbisch Hall;;76
62290110;;GENODES1SHA;VR Bank Heilbronn Schwäbisch Hall;74523;Schwäbisch Hall;;10
62291020;;GENODES1CRV;Crailsheimer Volksbank -alt-;74551;Crailsheim;;10
62391420;;GENODES1VVT;Volksbank Vorbach-Tauber -alt-;97990;Weikersheim;;10
63000000;;MARKDEF1630;Bundesbank;89073;Ulm;;09
63020086;;HYVEDEMM461;UniCredit Bank - HypoVereinsbank;89073;Ulm;;99
63040053;;COBADEFFXXX;Commerzbank;89073;Ulm;;13
63050000;;SOLADES1ULM;Sparkasse Ulm;89073;Ulm;;01
63061486;;GENODES1LBK;VR-Bank Langenau-Ulmer Alb -alt-;89129;Langenau;;10
63070024;;DEUTDEDB630;Deutsche Bank;89073;Ulm;;63
63070088;;DEUTDESS630;Deutsche Bank;89073;Ulm;;63
63080015;;DRESDEFF630;Commerzbank vormals Dresdner Bank;89073;Ulm;;76
63080085;;DRESDEFFI59;Commerzbank vormals Dresdner Bank, PCC DCC-ITGK 1;70140;Stuttgart;;09
63090100;;ULMVDE66XXX;Volksbank Ulm-Biberach;89073;Ulm;;10
63091010;;GENODES1EHI;Donau-Iller Bank;89574;Ehingen (Donau);;10
63091200;;GENODES1BLA;Volksbank Blaubeuren -alt-;89143;Blaubeuren;;10
63091300;;GENODES1LAI;Volksbank Alb;89129;Langenau;;10
63220090;;HYVEDEMM271;UniCredit Bank - HypoVereinsbank;89501;Heidenheim an der Brenz;;99
63240016;;COBADEFFXXX;Commerzbank;89502;Heidenheim an der Brenz;;13
63250030;;SOLADES1HDH;Kreissparkasse Heidenheim;89505;Heidenheim an der Brenz;;01
63290110;;GENODES1HDH;Heidenheimer Volksbank;89504;Heidenheim an der Brenz;;10
64000000;;MARKDEF1640;Bundesbank;72711;Reutlingen;;09
64020186;;HYVEDEMM374;UniCredit Bank - HypoVereinsbank;72702;Reutlingen;;99
64040033;;COBADEFFXXX;Commerzbank;72701;Reutlingen;;13
64040045;;COBADEFFXXX;Commerzbank;72555;Metzingen;;13
64050000;;SOLADES1REU;Kreissparkasse Reutlingen;72710;Reutlingen;;01
64061854;;GENODES1STW;VR Bank Tübingen -alt-;72070;Tübingen;;10
64070024;;DEUTDEDB640;Deutsche Bank;72704;Reutlingen;;63
64070085;;DEUTDESS640;Deutsche Bank;72704;Reutlingen;;63
64070215;;DEUTDESSP14;Postbank/DSL Ndl der Deutsche Bank;72072;Tübingen;;63
64070224;;DEUTDEDBP14;Postbank/DSL Ndl der Deutsche Bank;72072;Tübingen;;63
64080014;;DRESDEFF640;Commerzbank vormals Dresdner Bank;72704;Reutlingen;;76
64090100;;VBRTDE6RXXX;Volksbank Reutlingen -alt-;72764;Reutlingen;;10
64091200;;GENODES1MTZ;Volksbank Ermstal-Alb;72555;Metzingen;;10
64091300;;GENODES1MUN;Volksbank Münsingen;72525;Münsingen;;10
64140036;;COBADEFFXXX;Commerzbank Tübingen;72002;Tübingen;;13
64150020;;SOLADES1TUB;Kreissparkasse Tübingen;72008;Tübingen;;01
64161397;;GENODES1AMM;Volksbank Raiffeisenbank AmmerGäu;72108;Rottenburg am Neckar;;10
64161608;;GENODES1RHK;Raiffeisenbank Härten -alt-;72127;Kusterdingen;;10
64161956;;GENODES1VMO;Volksbank Mössingen -alt-;72110;Mössingen;;10
64163225;;GENODES1VHZ;Volksbank Hohenzollern-Balingen -alt-;72336;Balingen;;10
64180014;;DRESDEFF641;Commerzbank vormals Dresdner Bank;72003;Tübingen;;76
64190110;;GENODES1TUE;Volksbank Tübingen -alt-;72016;Tübingen;;10
64191030;;GENODES1NAG;Volksbank Nagoldtal -alt-;72202;Nagold;;10
64191700;;GENODES1HOR;Volksbank Horb -alt-;72151;Horb am Neckar;;10
64240048;;COBADEFFXXX;Commerzbank;78647;Trossingen;;13
64240071;;COBADEFFXXX;Commerzbank;78628;Rottweil;;13
64250040;;SOLADES1RWL;Kreissparkasse Rottweil;78628;Rottweil;;01
64251060;;SOLADES1FDS;Kreissparkasse Freudenstadt;72250;Freudenstadt;;01
64261363;;GENODES1BAI;Volksbank Baiersbronn Murgtal -alt-;72270;Baiersbronn;;10
64261626;;GENODES1MMO;Murgtalbank Mitteltal - Obertal -alt-;72270;Baiersbronn;;10
64261853;;GENODES1PGW;Volksbank Nordschwarzwald -alt-;72285;Pfalzgrafenweiler;;10
64262408;;GENODES1VDS;VR-Bank Dornstetten-Horb -alt-;72277;Dornstetten;;10
64290120;;GENODES1VRW;Volksbank Rottweil;78618;Rottweil;;10
64291010;;GENODES1FDS;Volksbank Nordschwarzwald;72250;Freudenstadt;;10
64291420;;GENODES1VDL;Volksbank Deisslingen;78652;Deißlingen;;10
64292020;;GENODES1SBG;Volksbank Schwarzwald-Neckar -alt-;78713;Schramberg;;10
64292310;;GENODES1TRO;Volksbank Trossingen;78647;Trossingen;;10
64350070;;SOLADES1TUT;Kreissparkasse Tuttlingen;78502;Tuttlingen;;01
64361359;;GENODES1RDH;Raiffeisenbank Donau-Heuberg;78570;Mühlheim an der Donau;;10
64380011;;DRESDEFF643;Commerzbank vormals Dresdner Bank;78506;Tuttlingen;;76
64390130;;GENODES1TUT;Volksbank Schwarzwald-Donau-Neckar;78513;Tuttlingen;;10
65020186;;HYVEDEMM588;UniCredit Bank - HypoVereinsbank;88181;Ravensburg;;99
65040073;;COBADEFFXXX;Commerzbank;88212;Ravensburg;;13
65050110;;SOLADES1RVB;Kreissparkasse Ravensburg;88209;Ravensburg;;01
65061219;;GENODES1AUL;Raiffeisenbank Aulendorf -alt-;88326;Aulendorf;;10
65062577;;GENODES1RRV;VR Bank Ravensburg-Weingarten -alt-;88214;Ravensburg;;10
65063086;;GENODES1SAG;Raiffeisenbank Bad Saulgau;88343;Bad Saulgau;;10
65070024;;DEUTDEDB650;Deutsche Bank;88183;Ravensburg;;63
65070084;;DEUTDESS650;Deutsche Bank;88183;Ravensburg;;63
65080009;;DRESDEFF650;Commerzbank vormals Dresdner Bank;88183;Ravensburg;;76
65091040;;GENODES1LEU;Volksbank Allgäu-Oberschwaben;88299;Leutkirch im Allgäu;;10
65091300;;GENODES1BWB;Bad Waldseer Bank -alt-;88330;Bad Waldsee;;10
65091600;;GENODES1VWG;Volksbank Weingarten -alt-;88250;Weingarten;;10
65092010;;GENODES1WAN;Volksbank Allgäu-West -alt-;88239;Wangen im Allgäu;;10
65092200;;GENODES1VAH;Volksbank Altshausen -alt-.;88361;Altshausen;;10
65093020;;GENODES1SLG;VR Bank Donau-Oberschwaben;88348;Bad Saulgau;;10
65110200;;IBBFDE81XXX;Internationales Bankhaus Bodensee;88045;Friedrichshafen;;71
65140072;;COBADEFFXXX;Commerzbank;88045;Friedrichshafen;;13
65161497;;GENODES1GMB;Genossenschaftsbank Meckenbeuren -alt-;88074;Meckenbeuren;;10
65162832;;GENODES1OTE;Raiffeisenbank Oberteuringen-Meckenbeuren;88094;Oberteuringen;;10
65180005;;DRESDEFF651;Commerzbank vormals Dresdner Bank;88003;Friedrichshafen;;76
65190110;;GENODES1VFN;Volksbank Friedrichshafen -alt-;88014;Friedrichshafen;;10
65191500;;GENODES1TET;Volksbank Bodensee-Oberschwaben;88069;Tettnang;;10
65340004;;COBADEFFXXX;Commerzbank;72426;Albstadt;;13
65341204;;COBADEFFXXX;Commerzbank;72302;Balingen;;13
65351050;;SOLADES1SIG;Hohenz Landesbank Kreissparkasse Sigmaringen;72484;Sigmaringen;;01
65351260;;SOLADES1BAL;Sparkasse Zollernalb;72334;Balingen;;01
65361469;;GENODES1HBM;Volksbank Heuberg -alt-;72469;Meßstetten;;10
65361898;;GENODES1WLB;VR Bank Heuberg-Winterlingen -alt-;72469;Meßstetten;;10
65361989;;GENODES1ONS;Onstmettinger Bank;72461;Albstadt;;10
65362499;;GENODES1GEI;Raiffeisenbank Geislingen-Rosenfeld;72349;Geislingen;;10
65370024;;DEUTDEDB653;Deutsche Bank;72425;Albstadt;;63
65370075;;DEUTDESS653;Deutsche Bank;72425;Albstadt;;63
65380003;;DRESDEFF653;Commerzbank vormals Dresdner Bank;72421;Albstadt;;76
65390120;;GENODES1EBI;Volksbank Zollernalb;72336;Balingen;;10
65391210;;GENODES1BAL;Volksbank Balingen -alt-;72336;Balingen;;10
65392030;;GENODES1TAI;Volksbank Tailfingen -alt-;72440;Albstadt;;10
65440087;;COBADEFFXXX;Commerzbank;88400;Biberach an der Riß;;13
65450070;;SBCRDE66XXX;Kreissparkasse Biberach;88400;Biberach an der Riß;;01
65462231;;GENODES1ERO;Raiffeisenbank Illertal -alt-;88453;Erolzheim;;10
65491320;;GENODES1VBL;Volksbank Raiffeisenbank Laupheim-Illertal -alt-;88471;Laupheim;;10
65491510;;GENODES1VRR;VR Bank Riedlingen-Federsee -alt-;88499;Riedlingen;;10
66000000;;MARKDEF1660;Bundesbank;76231;Karlsruhe;;09
66010075;;PBNKDEFFXXX;Postbank Ndl der Deutsche Bank;76127;Karlsruhe;;24
66010200;;BBSPDE6KXXX;Deutsche Bausparkasse Badenia;76114;Karlsruhe;;09
66010700;;LKBWDE6KXXX;Landeskreditbank Baden-Württemberg Förderbank;76113;Karlsruhe;;09
66020020;;SOLADEST663;Baden-Württembergische Bank;76005;Karlsruhe;;65
66020286;;HYVEDEMM475;UniCredit Bank - HypoVereinsbank;76003;Karlsruhe;;99
66020500;;BFSWDE33KRL;SozialBank;76003;Karlsruhe;;09
66020566;;BFSWDE33KRL;SozialBank;76131;Karlsruhe;;09
66030600;;ISBKDEFXXXX;Isbank eh Filiale Mannheim;60022;Frankfurt am Main;;06
66040018;;COBADEFFXXX;Commerzbank;76007;Karlsruhe;;13
66040026;;COBADEFFXXX;Commerzbank/Kreditcenter Badenia;76007;Karlsruhe;;13
66050000;;SOLADEST660;Landesbank Baden-Württemberg;76133;Karlsruhe;;09
66050101;;KARSDE66XXX;Sparkasse Karlsruhe;76041;Karlsruhe;;00
66051220;;SOLADES1ETT;Sparkasse Ettlingen -alt-;76255;Ettlingen;;00
66060000;;GENODE6KXXX;DZ BANK;76049;Karlsruhe;;09
66060300;;GENODE61KA3;Spar- und Kreditbank -alt-;76036;Karlsruhe;;06
66061407;;GENODE61RH2;Spar- und Kreditbank;76287;Rheinstetten;;06
66061724;;GENODE61WGA;Volksbank Stutensee-Weingarten -alt-;76288;Stutensee;;06
66062138;;GENODE61EGG;Spar- und Kreditbank Hardt -alt-;76344;Eggenstein-Leopoldshafen;;06
66062366;;GENODE61DET;Raiffeisenbank Hardt-Bruhrain;76704;Dettenheim;;06
66069103;;GENODE61ELZ;Raiffeisenbank Elztal;74832;Elztal;;06
66069104;;GENODE61DAC;Spar- und Kreditbank -alt-;78083;Dauchingen;;06
66069342;;GENODE61KTH;Volksbank Krautheim -alt-;74238;Krautheim;;06
66070004;;DEUTDESM660;Deutsche Bank;76125;Karlsruhe;;63
66070024;;DEUTDEDB660;Deutsche Bank;76125;Karlsruhe;;63
66070213;;DEUTDESMP12;Postbank/DSL Ndl der Deutsche Bank;76137;Karlsruhe;;63
66070224;;DEUTDEDBP12;Postbank/DSL Ndl der Deutsche Bank;76137;Karlsruhe;;63
66080052;;DRESDEFF660;Commerzbank vormals Dresdner Bank;76009;Karlsruhe;;76
66090800;;GENODE61BBB;BBBank;76119;Karlsruhe;;B3
66090900;;GENODEF1P10;PSD Bank Karlsruhe-Neustadt;76033;Karlsruhe;;91
66091200;;GENODE61ETT;Volksbank Ettlingen;76263;Ettlingen;;06
66190000;;GENODE61KA1;Volksbank pur;76045;Karlsruhe;;06
66240002;;COBADEFFXXX;Commerzbank;76481;Baden-Baden;;13
66250030;;SOLADES1BAD;Sparkasse Baden-Baden Gaggenau;76530;Baden-Baden;;00
66251434;;SOLADES1BHL;Sparkasse Bühl;77815;Bühl;;00
66261092;;GENODE61BHT;Spar- und Kreditbank;77830;Bühlertal;;06
66261416;;GENODE61ALR;Raiffeisenbank Altschweier;77815;Bühl;;06
66270001;;DEUTDESM662;Deutsche Bank;76481;Baden-Baden;;63
66270024;;DEUTDEDB662;Deutsche Bank;76481;Baden-Baden;;63
66280053;;DRESDEFF662;Commerzbank vormals Dresdner Bank;76481;Baden-Baden;;76
66290000;;VBRADE6KXXX;Volksbank Baden-Baden Rastatt -alt-;76437;Rastatt;;06
66291300;;GENODE61ACH;Volksbank Achern -alt-;77855;Achern;;06
66291400;;GENODE61BHL;Volksbank Bühl;77808;Bühl;;06
66340018;;COBADEFFXXX;Commerzbank;76643;Bruchsal;;13
66350036;;BRUSDE66XXX;Sparkasse Kraichgau Bruchsal-Bretten-Sinsheim;76643;Bruchsal;;03
66391200;;GENODE61BTT;Volksbank Bruchsal-Bretten -alt-;75015;Bretten;;06
66391600;;GENODE61ORH;Volksbank Bruhrain-Kraich-Hardt -alt-;68790;Oberhausen-Rheinhausen;;06
66432700;;FAITDE66XXX;Yapi Kredi Bank Deutschland;60311;Frankfurt am Main;;09
66440084;;COBADEFFXXX;Commerzbank;77603;Offenburg;;13
66450050;;SOLADES1OFG;Sparkasse Offenburg/Ortenau;77662;Offenburg;;03
66451346;;SOLADES1GEB;Sparkasse Gengenbach -alt-;77723;Gengenbach;;03
66451548;;SOLADES1HAL;Sparkasse Kinzigtal;77716;Haslach im Kinzigtal;;03
66451862;;SOLADES1KEL;Sparkasse Hanauerland;77694;Kehl;;03
66452776;;SOLADES1WOF;Sparkasse Wolfach;77705;Wolfach;;03
66470024;;DEUTDEDB968;Deutsche Bank;77603;Offenburg;;63
66470035;;DEUTDE6F664;Deutsche Bank;77603;Offenburg;;63
66490000;;GENODE61OG1;Volksbank - Die Gestalterbank;77652;Offenburg;;06
66491800;;GENODE61BHL;Volksbank Bühl Fil Kehl;77694;Kehl;;06
66492600;;GENODE61APP;Volksbank Appenweier-Urloffen Appenweier -alt-;77767;Appenweier;;06
66492700;;GENODE61KZT;Volksbank Mittlerer Schwarzwald;77706;Wolfach;;06
66550070;;SOLADES1RAS;Sparkasse Rastatt-Gernsbach;76402;Rastatt;;00
66562053;;GENODE61DUR;Raiffeisenbank Südhardt Durmersheim;76448;Durmersheim;;06
66562300;;GENODE61IFF;VR-Bank in Mittelbaden;76473;Iffezheim;;06
66640035;;COBADEFFXXX;Commerzbank;75172;Pforzheim;;13
66650085;;PZHSDE66XXX;Sparkasse Pforzheim Calw;75172;Pforzheim;;06
66661244;;GENODE61NBT;Raiffeisenbank Bauschlott -alt-;75245;Neulingen;;06
66661329;;GENODE61KBR;Raiffeisenbank Kieselbronn;75249;Kieselbronn;;06
66661454;;GENODE61NFO;VR Bank im Enzkreis -alt-;75219;Niefern-Öschelbronn;;42
66662155;;GENODE61ERS;Raiffeisenbank Ersingen;75234;Kämpfelbach;;06
66662220;;GENODE61KBS;Volksbank Stein Eisingen -alt-;75203;Königsbach-Stein;;06
66670006;;DEUTDESM666;Deutsche Bank;75104;Pforzheim;;63
66670024;;DEUTDEDB666;Deutsche Bank;75104;Pforzheim;;63
66680013;;DRESDEFF666;Commerzbank vormals Dresdner Bank;75105;Pforzheim;;76
66690000;;VBPFDE66XXX;Volksbank Pforzheim -alt-;75172;Pforzheim;;43
66692300;;GENODE61WIR;VR Bank Enz plus -alt-;75196;Remchingen;;06
66762332;;GENODE61KIR;Raiffeisenbank Kraichgau -alt-;74912;Kirchardt;;06
66762433;;GENODE61NEU;Raiffeisenbank Neudenau-Stein-Herbolzheim -alt-;74861;Neudenau;;06
67020190;;HYVEDEMM489;UniCredit Bank - HypoVereinsbank;68159;Mannheim;;99
67040031;;COBADEFFXXX;Commerzbank;68006;Mannheim;;13
67040060;;COBADEFFXXX;Commerzbank CC;68161;Mannheim;;09
67040061;;COBADEFFXXX;Commerzbank CC;68161;Mannheim;;09
67040085;;COBADEFFXXX;Commerzbank, Gf Web-K;68006;Mannheim;;13
67050505;;MANSDE66XXX;Sparkasse Rhein Neckar Nord;68151;Mannheim;;06
67051203;;SOLADES1HOC;Sparkasse Hockenheim;68766;Hockenheim;;00
67060031;;GENODE61MA3;Volksbank Sandhofen;68273;Mannheim;;06
67070010;;DEUTDESMXXX;Deutsche Bank;68161;Mannheim;;63
67070024;;DEUTDEDBMAN;Deutsche Bank;68161;Mannheim;;63
67080050;;DRESDEFF670;Commerzbank vormals Dresdner Bank;68008;Mannheim;;76
67080085;;DRESDEFFI60;Commerzbank vormals Dresdner Bank, PCC DCC-ITGK 2;68134;Mannheim;;09
67080086;;DRESDEFFI61;Commerzbank vormals Dresdner Bank, PCC DCC-ITGK 3;68134;Mannheim;;09
67089440;;DRESDEFFI22;Commerzbank vormals Dresdner Bank ITGK;70049;Stuttgart;;09
67090000;;GENODE61MA2;VR Bank Rhein-Neckar;68165;Mannheim;;06
67092300;;GENODE61WNM;Volksbank Kurpfalz;69018;Heidelberg;;06
67220286;;HYVEDEMM479;UniCredit Bank - HypoVereinsbank;69004;Heidelberg;;99
67230000;;MLPBDE61XXX;MLP Banking;69168;Wiesloch;;92
67230001;;MLPBDE61001;MLP Banking Zw CS;69168;Wiesloch;;92
67240039;;COBADEFFXXX;Commerzbank;69007;Heidelberg;;13
67250020;;SOLADES1HDB;Sparkasse Heidelberg;69004;Heidelberg;;06
67262243;;GENODE61WIB;Raiffeisenbank Baiertal;69168;Wiesloch;;06
67262550;;GENODE61LRO;Volksbank Rot;68789;St. Leon-Rot;;06
67270003;;DEUTDESM672;Deutsche Bank;69111;Heidelberg;;63
67270024;;DEUTDEDB672;Deutsche Bank;69111;Heidelberg;;63
67280051;;DRESDEFF672;Commerzbank vormals Dresdner Bank;69115;Heidelberg;;76
67290000;;GENODE61HD1;Heidelberger Volksbank -alt-;69115;Heidelberg;;06
67290100;;GENODE61HD3;Volksbank Kurpfalz -alt-;69117;Heidelberg;;06
67291700;;GENODE61NGD;Volksbank Heidelberg-Neckartal;69115;Heidelberg;;06
67291900;;GENODE61SSH;Volksbank Kraichgau -alt-;74889;Sinsheim;;06
67292200;;GENODE61WIE;Volksbank Kraichgau;69157;Wiesloch;;06
67352565;;SOLADES1TBB;Sparkasse Tauberfranken;97931;Tauberbischofsheim;;00
67390000;;GENODE61WTH;Ihre Volksbank Neckar Odenwald Main Tauber;97866;Wertheim;;06
67450048;;SOLADES1MOS;Sparkasse Neckartal-Odenwald;74819;Mosbach;;00
67460041;;GENODE61MOS;Volksbank Mosbach -alt-;74819;Mosbach;;06
67461424;;GENODE61BUC;Volksbank Franken;74713;Buchen (Odenwald);;06
67461733;;GENODE61RNG;Volksbank Kirnau-Krautheim;74749;Rosenberg;;06
67462368;;GENODE61LMB;Volksbank Limbach;74838;Limbach;;06
68000000;;MARKDEF1680;Bundesbank;79010;Freiburg im Breisgau;;09
68020186;;HYVEDEMM357;UniCredit Bank - HypoVereinsbank;79007;Freiburg im Breisgau;;99
68030000;;BKMADE61XXX;Bankhaus E. Mayer;79002;Freiburg im Breisgau;;32
68040007;;COBADEFFXXX;Commerzbank;79004;Freiburg im Breisgau;;13
68050101;;FRSPDE66XXX;Sparkasse Freiburg-Nördlicher Breisgau;79098;Freiburg im Breisgau;;01
68051004;;SOLADES1HSW;Sparkasse Hochschwarzwald;79812;Titisee-Neustadt;;00
68051207;;SOLADES1BND;Sparkasse Bonndorf-Stühlingen;79844;Bonndorf im Schwarzwald;;00
68052230;;SOLADES1STB;Sparkasse St. Blasien;79837;St. Blasien;;00
68052328;;SOLADES1STF;Sparkasse Staufen-Breisach;79216;Staufen im Breisgau;;00
68052863;;SOLADES1SCH;Sparkasse Schönau-Todtnau -alt-;79670;Todtnau;;00
68061505;;GENODE61IHR;Volksbank Breisgau-Markgräflerland;79427;Eschbach;;06
68062105;;GENODE61DEN;Raiffeisenbank Denzlingen-Sexau;79211;Denzlingen;;06
68062730;;GENODE61WYH;Raiffeisenbank Wyhl;79369;Wyhl am Kaiserstuhl;;06
68063479;;GENODE61VOK;Raiffeisenbank Kaiserstuhl;79235;Vogtsburg im Kaiserstuhl;;06
68064222;;GENODE61GUN;Raiffeisenbank im Breisgau;79194;Gundelfingen;;06
68070024;;DEUTDEDBFRE;Deutsche Bank;79004;Freiburg im Breisgau;;63
68070030;;DEUTDE6FXXX;Deutsche Bank;79004;Freiburg im Breisgau;;63
68070212;;DEUTDE6FP11;Postbank/DSL Ndl der Deutsche Bank;79098;Freiburg im Breisgau;;63
68070224;;DEUTDEDBP11;Postbank/DSL Ndl der Deutsche Bank;79098;Freiburg im Breisgau;;63
68080030;;DRESDEFF680;Commerzbank vormals Dresdner Bank;79003;Freiburg im Breisgau;;76
68080031;;DRESDEFFI44;Commerzbank vormals Dresdner Bank Zw Münsterstraße;79003;Freiburg im Breisgau;;76
68080085;;DRESDEFFI62;Commerzbank vormals Dresdner Bank, PCC DCC-ITGK 1;79041;Freiburg im Breisgau;;09
68080086;;DRESDEFFJ22;Commerzbank vormals Dresdner Bank, PCC DCC-ITGK 2;79001;Freiburg im Breisgau;;09
68090000;;GENODE61FR1;Volksbank Freiburg;79005;Freiburg im Breisgau;;06
68090900;;GENODEF1P07;PSD Bank RheinNeckarSaar;79120;Freiburg im Breisgau;;91
68091900;;GENODE61MHL;Volksbank Müllheim -alt-;79371;Müllheim im Markgräflerland;;06
68092000;;GENODE61EMM;Volksbank Breisgau Nord;79312;Emmendingen;;06
68092300;;GENODE61STF;Volksbank Staufen;79216;Staufen im Breisgau;;06
68270024;;DEUTDEDB682;Deutsche Bank;77902;Lahr;;63
68270033;;DEUTDE6F682;Deutsche Bank;77902;Lahr;;63
68290000;;GENODE61LAH;Volksbank Lahr;77912;Lahr;;06
68340058;;COBADEFFXXX;Commerzbank;79537;Lörrach;;13
68350048;;SKLODE66XXX;Sparkasse Lörrach-Rheinfelden;79537;Lörrach;;00
68351557;;SOLADES1SFH;Sparkasse Wiesental;79650;Schopfheim;;00
68351865;;SPKMDE8WXXX;Sparkasse Markgräflerland;79576;Weil am Rhein;;00
68370024;;DEUTDEDB683;Deutsche Bank;79539;Lörrach;;63
68370034;;DEUTDE6F683;Deutsche Bank;79539;Lörrach;;63
68390000;;VOLODE66XXX;Volksbank Dreiländereck;79537;Lörrach;;06
68391500;;GENODE61SPF;VR Bank -alt-;79650;Schopfheim;;06
68452290;;SKHRDE6WXXX;Sparkasse Hochrhein;79761;Waldshut-Tiengen;;00
68462427;;GENODE61WUT;Volksbank Klettgau-Wutöschingen;79793;Wutöschingen;;06
68490000;;GENODE61BSK;Volksbank Rhein-Wehra -alt-;79713;Bad Säckingen;;06
68492200;;GENODE61WT1;Volksbank Hochrhein;79761;Waldshut-Tiengen;;06
69020190;;HYVEDEMM591;UniCredit Bank - HypoVereinsbank;78402;Konstanz;;99
69040045;;COBADEFFXXX;Commerzbank;78401;Konstanz;;13
69050001;;SOLADES1KNZ;Sparkasse Bodensee;78420;Konstanz;;00
69051410;;SOLADES1REN;Bezirkssparkasse Reichenau;78477;Reichenau;;00
69051620;;SOLADES1PFD;Sparkasse Pfullendorf-Meßkirch;88630;Pfullendorf;;00
69051725;;SOLADES1SAL;Sparkasse Salem-Heiligenberg;88682;Salem;;00
69061800;;GENODE61UBE;Volksbank Überlingen;88662;Überlingen;;06
69070024;;DEUTDEDB690;Deutsche Bank;78404;Konstanz;;63
69070032;;DEUTDE6F690;Deutsche Bank;78404;Konstanz;;63
69091200;;GENODE61HAG;Hagnauer Volksbank;88709;Hagnau am Bodensee;;06
69091600;;GENODE61PFD;Volksbank Pfullendorf;88619;Pfullendorf;;06
69220186;;HYVEDEMM590;UniCredit Bank - HypoVereinsbank;78210;Singen (Hohentwiel);;99
69240075;;COBADEFFXXX;Commerzbank;78202;Singen (Hohentwiel);;13
69250035;;SOLADES1SNG;Sparkasse Hegau-Bodensee;78202;Singen (Hohentwiel);;00
69251445;;SOLADES1ENG;Sparkasse Engen-Gottmadingen;78229;Engen;;00
69251755;;SOLADES1STO;Sparkasse Stockach -alt-;78333;Stockach;;00
69270024;;DEUTDEDB692;Deutsche Bank;78209;Singen (Hohentwiel);;63
69270038;;DEUTDE6F692;Deutsche Bank;78209;Singen (Hohentwiel);;63
69280035;;DRESDEFF692;Commerzbank vormals Dresdner Bank;78202;Singen (Hohentwiel);;76
69290000;;GENODE61SIN;Volksbank Hegau -alt-;78224;Singen (Hohentwiel);;06
69291000;;GENODE61RAD;Volksbank -alt-;78462;Konstanz;;06
69362032;;GENODE61MES;Volksbank Meßkirch -alt-;88601;Meßkirch;;06
69400000;;MARKDEF1694;Bundesbank;78006;Villingen-Schwenningen;;09
69440007;;COBADEFFXXX;Commerzbank Villingen u Schwenningen;78002;Villingen-Schwenningen;;13
69440060;;COBADEFFXXX;Commerzbank CC;78002;Villingen-Schwenningen;;09
69450065;;SOLADES1VSS;Sparkasse Schwarzwald-Baar;78001;Villingen-Schwenningen;;03
69470024;;DEUTDEDB694;Deutsche Bank;78054;Villingen-Schwenningen;;63
69470039;;DEUTDE6F694;Deutsche Bank;78054;Villingen-Schwenningen;;63
69490000;;GENODE61VS1;Volksbank Schwarzwald Baar Hegau -alt-;78048;Villingen-Schwenningen;;06
69491700;;GENODE61TRI;Volksbank Triberg -alt-;78094;Triberg im Schwarzwald;;06
70000000;;MARKDEF1700;Bundesbank;80711;München;;09
70010080;;PBNKDEFFXXX;Postbank Ndl der Deutsche Bank;80318;München;;24
70010424;;AARBDE5W700;Aareal Bank ehem. Filiale München;65189;Wiesbaden;;09
70010500;;REBMDEMMXXX;Deutsche Pfandbriefbank;85748;Garching b. München;;09
70010555;;REBMDEMM555;Deutsche Pfandbriefbank;85748;Garching b. München;;01
70010570;;REBMDE7CXXX;Deutsche Pfandbriefbank;85748;Garching b. München;;09
70010800;;KHMIDEMMXXX;Middle East Bank, Munich Branch;81241;München;;11
70011200;;VONTDEM1XXX;Bank Vontobel Europe;80331;München;;17
70011400;;BFWODE71XXX;BfW - Bank für Wohnungswirtschaft;68165;Mannheim;;09
70011500;;SIBADEMMXXX;SIEMENS BANK;81739;München;;09
70011600;;WEGBDE77XXX;TEN31 Bank;85521;Ottobrunn;;06
70011900;;ICRDDE71XXX;VERIFONE PAYMENTS;85609;Aschheim;;10
70012000;;CLABDEM1XXX;UniCredit Family Financing Bank, Ndl der UniCredit;81675;München;;09
70012300;;VBANDEMMXXX;V-Bank;81669;München;;17
70012600;;SUSKDEM1XXX;Südtiroler Sparkasse Niederlassung München;81371;München;;06
70012700;;DEPDDEMMXXX;VZ VermögensZentrum Bank;80333;München;;09
70012900;;FXBBDEM2XXX;IBAN FIRST, Zweigniederlassung München;80339;München;;09
70013000;;EBSGDEMXXXX;FNZ Bank;85609;Aschheim;;67
70013010;;EFSGDEM1XXX;FNZ Bank;85609;Aschheim;;67
70013300;;RZSTDEM2XXX;Raiffeisen-Landesbank Steiermark, Niederlassung München;80331;München;;09
70013400;;CSHHDE71XXX;IC Cash Services;82024;Taufkirchen;;09
70013500;;HERZDEM1XXX;Bankhaus Herzogpark;81679;München;;06
70015000;;TEZGDEB1XXX;transact Elektronische Zahlungssysteme;82152;Planegg;;09
70015015;;TEZGDEB1001;transact Elektronische Zahlungssysteme;82152;Planegg;;09
70015025;;TEZGDEB1002;transact Elektronische Zahlungssysteme;82152;Planegg;;09
70015035;;TEZGDEB1003;transact Elektronische Zahlungssysteme;82152;Planegg;;09
70017000;;PAGMDEM1XXX;PayCenter;85356;Freising;;09
70020270;;HYVEDEMMXXX;UniCredit Bank - HypoVereinsbank;80311;München;;95
70020300;;WKVBDEM1XXX;BNP Paribas NL Deutschland;80336;München;;09
70020500;;BFSWDE33MUE;SozialBank;81629;München;;09
70020570;;BFSWDE33MUE;SozialBank;80335;München;;09
70020800;;BCITDEFFMUC;INTESA SANPAOLO;80335;München;;09
70021180;;HYVEDEMM418;UniCredit Bank - HypoVereinsbank;85354;Freising;;99
70022424;;SCABDEMMXXX;Scalable Capital Bank;80538;München;;09
70025175;;HYVEDEMM643;UniCredit Bank - HypoVereinsbank;83633;Bad Tölz;;99
70030300;;CHDBDEHHXXX;Bankhaus Reuschel & Co -alt-;80285;München;;09
70030400;;MEFIDEMMXXX;Merck Finck A Quintet Private Bank;80333;München;;10
70031000;;BHLSDEM1XXX;Bankhaus Ludwig Sperrer;85317;Freising;;00
70032500;;GAKDDEM1XXX;St.Galler Kantonalbank Deutschland;80333;München;;09
70033100;;BDWBDEMMXXX;Baader Bank;85716;Unterschleißheim;;09
70035000;;OLBODEH2700;Oldenburgische Landesbank AG;26030;Oldenburg (Oldb);;61
70040041;;COBADEFFXXX;Commerzbank;80704;München;;13
70040045;;COBADEFFXXX;Commerzbank, Filiale München 2;80704;München;;13
70040048;;COBADEFFXXX;Commerzbank GF-M48;80704;München;;13
70040060;;COBADEFFXXX;Commerzbank Gf 860;80804;München;;09
70040061;;COBADEFFXXX;Commerzbank Gf 861;80804;München;;09
70040062;;COBADEFFXXX;Commerzbank CC;80807;München;;09
70040063;;COBADEFFXXX;Commerzbank CC;80807;München;;09
70040070;;COBADEFFXXX;Commerzbank, CC SP;80273;München;;09
70045050;;COBADEFFXXX;Commerzbank Service-BZ;80804;München;;13
70050000;;BYLADEMMXXX;Bayerische Landesbank;80277;München;;09
70051003;;BYLADEM1FSI;Sparkasse Freising Moosburg;85354;Freising;;A3
70051540;;BYLADEM1DAH;Sparkasse Dachau;85219;Dachau;;00
70051995;;BYLADEM1ERD;Kreis- und Stadtsparkasse Erding-Dorfen;85423;Erding;;00
70052060;;BYLADEM1LLD;Sparkasse Landsberg-Dießen;86896;Landsberg am Lech;;00
70053070;;BYLADEM1FFB;Sparkasse Fürstenfeldbruck;82243;Fürstenfeldbruck;;00
70054306;;BYLADEM1WOR;Sparkasse Bad Tölz-Wolfratshausen;83646;Bad Tölz;;00
70070010;;DEUTDEMMXXX;Deutsche Bank;80271;München;;63
70070024;;DEUTDEDBMUC;Deutsche Bank;80271;München;;63
70070324;;DEUTDEDBP16;Postbank/DSL Ndl der Deutsche Bank;80331;München;;63
70070362;;DEUTDEMMP16;Postbank/DSL Ndl der Deutsche Bank;80331;München;;63
70080000;;DRESDEFF700;Commerzbank vormals Dresdner Bank;80273;München;;76
70080056;;DRESDEFF714;Commerzbank vormals Dresdner Bank Zw 56;80273;München;;76
70080057;;DRESDEFF724;Commerzbank vormals Dresdner Bank Gf ZW 57;80273;München;;76
70080085;;DRESDEFFI55;Commerzbank vormals Dresdner Bank Gf PCC DCC-ITGK 3;80273;München;;09
70080086;;DRESDEFFJ23;Commerzbank vormals Dresdner Bank, PCC DCC-ITGK 4;80273;München;;09
70080087;;DRESDEFFJ24;Commerzbank vormals Dresdner Bank, PCC DCC-ITGK 5;80273;München;;09
70080088;;DRESDEFFJ25;Commerzbank vormals Dresdner Bank, PCC DCC-ITGK 6;80273;München;;09
70089470;;DRESDEFFI23;Commerzbank vormals Dresdner Bank ITGK;80273;München;;09
70089472;;DRESDEFFI45;Commerzbank vormals Dresdner Bank ITGK;80273;München;;09
70090100;;GENODEF1M04;Hausbank München;80331;München;;88
70090124;;GENODEF1MU4;Hausbank München;80331;München;;10
70090500;;GENODEF1S04;Sparda-Bank München;80018;München;;09
70091500;;GENODEF1DCA;Volksbank Raiffeisenbank Dachau;85209;Dachau;;88
70091510;;GENODEF1DCA;Volksbank Raiffeisenbank Dachau (Gf GAA);85221;Dachau;;88
70091600;;GENODEF1DSS;VR-Bank Landsberg-Ammersee;86899;Landsberg am Lech;;88
70091900;;GENODEF1EDV;VR-Bank Erding -alt-;85435;Erding;;88
70093200;;GENODEF1STH;VR Bank Starnberg-Zugspitze;82319;Starnberg;;88
70093400;;GENODEF1ISV;VR-Bank Ismaning Hallbergmoos Neufahrn;85737;Ismaning;;88
70110088;;PBNKDEFFXXX;Postbank Ndl der Deutsche Bank;80317;München;;09
70110500;;MHYPDEMMXXX;Münchener Hypothekenbank;80503;München;;09
70120100;;SBOSDEMXXXX;State Street Bank International;80019;München;;09
70120400;;DABBDEMMXXX;BNP Paribas Niederlassung Deutschland;90402;Nürnberg;;00
70120500;;FMBKDEMMXXX;CACEIS Bank, Germany Branch;80939;München;;D2
70120600;;AGBMDEMMXXX;Airbus Bank;80333;München;;09
70120700;;OBKLDEMXXXX;Oberbank Ndl Deutschland;80068;München;;00
70130800;;GENODEF1M06;MERKUR PRIVATBANK;80014;München;;88
70133300;;SCFBDE33XXX;Openbank Deutschland;41061;Mönchengladbach;;09
70150000;;SSKMDEMMXXX;Stadtsparkasse München;80791;München;;00
70160000;;GENODEFF701;DZ BANK;80268;München;;09
70163370;;GENODEF1FFB;Volksbank Raiffeisenbank Fürstenfeldbruck;82256;Fürstenfeldbruck;;88
70166486;;GENODEF1OHC;VR Bank München Land;82041;Deisenhofen;;88
70169132;;GENODEF1HFG;Raiffeisenbank Griesstätt-Halfing;83128;Halfing;;88
70169165;;GENODEF1SBC;Raiffeisenbank Chiemgau-Nord - Obing;83119;Obing;;88
70169168;;GENODEF1RIW;VR-Bank Chiemgau-Süd -alt-;83321;Ruhpolding;;88
70169186;;GENODEF1ODZ;Raiffeisenbank Pfaffenhofen a d Glonn;85235;Odelzhausen;;88
70169190;;GENODEF1GKT;Raiffeisenbank Tattenhausen-Großkarolinenfeld -alt-;83109;Großkarolinenfeld;;88
70169191;;GENODEF1TEI;Raiffeisenbank Rupertiwinkel;83315;Teisendorf;;88
70169195;;GENODEF1TRU;Raiffeisenbank Trostberg-Traunreut -alt-;83301;Traunreut;;88
70169310;;GENODEF1ALX;Alxing-Brucker Genossenschaftsbank;85567;Bruck;;88
70169331;;GENODEF1SSB;Raiffeisenbank südöstl. Starnberger See -alt-;82402;Seeshaupt;;88
70169333;;GENODEF1EUR;Raiffeisenbank Beuerberg-Eurasburg;82547;Eurasburg;;88
70169351;;GENODEF1ELB;Raiffeisenbank Lechrain;86925;Fuchstal;;88
70169356;;GENODEF1EDR;Raiffeisenbank Erding -alt-;85421;Erding;;88
70169382;;GENODEF1GIL;Raiffeisenbank Gilching;82205;Gilching;;88
70169383;;GENODEF1GMU;Raiffeisenbank Gmund am Tegernsee;83703;Gmund a. Tegernsee;;88
70169388;;GENODEF1HMA;Raiffeisenbank Haag-Gars-Maitenbeth;83523;Haag i.OB;;88
70169402;;GENODEF1HHK;Raiffeisenbank Höhenkirchen und Umgebung -alt-;85631;Höhenkirchen-Siegertsbrunn;;88
70169410;;GENODEF1HZO;Raiffeisenbank Holzkirchen-Otterfing;83607;Holzkirchen;;88
70169413;;GENODEF1HUA;Raiffeisenbank Singoldtal;86857;Hurlach;;88
70169450;;GENODEF1ASG;Raiffeisen-Volksbank Ebersberg;85567;Grafing b. München;;88
70169459;;GENODEF1MTW;Raiffeisenbank;82481;Mittenwald;;88
70169460;;GENODEF1MOO;Raiffeisenbank Westkreis Fürstenfeldbruck;82272;Moorenweis;;88
70169464;;GENODEF1M07;Genossenschaftsbank München;81218;München;;88
70169465;;GENODEF1M08;Raiffeisenbank München-Nord;85704;Unterschleißheim;;88
70169466;;GENODEF1M03;Raiffeisenbank München-Süd;81457;München;;88
70169470;;GENODEF1GAA;Raiffeisenbank München-Süd Gf GA;81476;München;;88
70169474;;GENODEF1NSV;Raiffbk Neumarkt-St. Veit - Niederbergkirchen -alt-;84494;Neumarkt-Sankt Veit;;88
70169476;;GENODEF1NBK;Raiffeisenbank -alt-;84494;Niederbergkirchen;;88
70169509;;GENODEF1PEI;Raiffeisenbank Pfaffenwinkel;86971;Peiting;;88
70169521;;GENODEF1RIG;Raiffeisenbank Raisting -alt-;82399;Raisting;;88
70169524;;GENODEF1RME;Bankhaus RSA;83562;Rechtmehring;;88
70169530;;GENODEF1RWZ;Raiffeisenbank Neumarkt-St. Veit - Reischach;84571;Reischach;;88
70169538;;GENODEF1SWO;Raiffeisenbank St. Wolfgang-Schwindkirchen -alt-;84425;Sankt Wolfgang;;88
70169541;;GENODEF1THG;Raiffeisenbank Lech-Ammersee -alt-;86946;Vilgertshofen;;88
70169543;;GENODEF1HHS;Raiffeisenbank Isar-Loisachtal;82504;Wolfratshausen;;88
70169558;;GENODEF1SGA;Raiffeisenbank Steingaden;86989;Steingaden;;88
70169566;;GENODEF1TAV;VR-Bank Taufkirchen-Dorfen;84416;Taufkirchen (Vils);;88
70169568;;GENODEF1TAE;Raiffeisenbank Taufkirchen-Oberneukirchen;84565;Oberneukirchen;;88
70169571;;GENODEF1DTZ;Raiffeisenbank Tölzer Land -alt-;83646;Bad Tölz;;88
70169575;;GENODEF1TRH;Raiffeisenbank;86842;Türkheim;;88
70169576;;GENODEF1TUS;Raiffeisen-Volksbank Tüßling-Unterneukirchen;84577;Tüßling;;88
70169585;;GENODEF1UNS;Raiffeisenbank Unterschleißheim-Haimhn -alt-;85704;Unterschleißheim;;88
70169598;;GENODEF1MIB;Raiffeisenbank im Oberland;83646;Bad Tölz;;88
70169599;;GENODEF1WEI;Raiffeisenbank Weil u Umgebung -alt-;86947;Weil;;88
70169602;;GENODEF1WM1;Raiffeisenbank Weilheim -alt-;82355;Weilheim i. OB;;88
70169605;;GENODEF1ISE;VR-Bank Erding;85435;Erding;;88
70169614;;GENODEF1FSR;Freisinger Bank Volksbank-Raiffeisenbank;85354;Freising;;88
70169619;;GENODEF1ZOR;Raiffeisenbank Zorneding -alt-;85604;Zorneding;;88
70169653;;GENODEF1AIG;Raiffeisenbank Aiglsbach -alt-;84089;Aiglsbach;;88
70169693;;GENODEF1RHT;Raiffeisenbank Hallertau;84104;Rudelzhausen;;88
70190000;;GENODEF1M01;Münchner Bank;81632;München;;88
70190010;;GENODEF1M1Y;Münchner Bank;81679;München;;88
70220000;;LFFBDEMMXXX;LfA Förderbank Bayern;80535;München;;09
70220200;;BHFBDEFF700;ODDO BHF;80333;München;;60
70220300;;BMWBDEMUXXX;BMW Bank;80788;München;;09
70220900;;DRESDEFFBFC;Wüstenrot Bausparkasse;80615;München;;61
70230600;;ISBKDEFXMUN;Isbank Fil München;80336;München;;06
70250150;;BYLADEM1KMS;Kreissparkasse München Starnberg Ebersberg;80279;München;;00
70320090;;HYVEDEMM654;UniCredit Bank - HypoVereinsbank;82452;Garmisch-Partenkirchen;;99
70321194;;HYVEDEMM466;UniCredit Bank - HypoVereinsbank;82351;Weilheim i. OB;;99
70322192;;HYVEDEMM664;UniCredit Bank - HypoVereinsbank;82411;Murnau a. Staffelsee;;99
70350000;;BYLADEM1GAP;Kreissparkasse Garmisch-Partenkirchen -alt-;82362;Weilheim i. OB;;00
70351030;;BYLADEM1WHM;Sparkasse Oberland;82362;Weilheim i. OB;;00
70362595;;GENODEF1WAK;Raiffeisenbank Wallgau-Krün;82499;Wallgau;;88
70380006;;DRESDEFF703;Commerzbank vormals Dresdner Bank;82467;Garmisch-Partenkirchen;;76
70390000;;GENODEF1GAP;VR-Bank Werdenfels -alt-;82467;Garmisch-Partenkirchen;;88
70390010;;GENODEF1GAP;VR-Bank Werdenfels;82467;Garmisch-Partenkirchen;;88
70391800;;GENODEF1PZB;Volksbank-Raiffeisenbank Penzberg -alt-;82377;Penzberg;;88
71020072;;HYVEDEMM410;UniCredit Bank - HypoVereinsbank;83435;Bad Reichenhall;;99
71021270;;HYVEDEMM629;UniCredit Bank - HypoVereinsbank;84519;Neuötting;;99
71022182;;HYVEDEMM453;UniCredit Bank - HypoVereinsbank;83261;Traunstein;;99
71023173;;HYVEDEMM632;UniCredit Bank - HypoVereinsbank;84479;Burghausen;;99
71050000;;BYLADEM1BGL;Sparkasse Berchtesgadener Land;83435;Bad Reichenhall;;00
71052050;;BYLADEM1TST;Kreissparkasse Traunstein-Trostberg;83264;Traunstein;;00
71061009;;GENODEF1AOE;VR meine Raiffeisenbank -alt-;84496;Altötting;;88
71062802;;GENODEF1AGE;Raiffeisenbank;83454;Anger;;88
71090000;;GENODEF1BGL;Volksbank Raiffeisenbank Oberbayern Südost;83435;Bad Reichenhall;;88
71120077;;HYVEDEMM448;UniCredit Bank - HypoVereinsbank;83001;Rosenheim;;99
71120078;;HYVEDEMM644;UniCredit Bank - HypoVereinsbank;83700;Rottach-Egern;;99
71121176;;HYVEDEMM438;UniCredit Bank - HypoVereinsbank;84445;Mühldorf a. Inn;;99
71122183;;HYVEDEMM457;UniCredit Bank - HypoVereinsbank;84465;Waldkraiburg;;99
71140041;;COBADEFFXXX;Commerzbank Rosenheim;83022;Rosenheim;;13
71141041;;COBADEFFXXX;Commerzbank;84453;Mühldorf a. Inn;;13
71142041;;COBADEFFXXX;Commerzbank;84465;Waldkraiburg;;13
71150000;;BYLADEM1ROS;Sparkasse Rosenheim-Bad Aibling;83004;Rosenheim;;00
71151020;;BYLADEM1MDF;Sparkasse Altötting-Mühldorf;84445;Mühldorf a. Inn;;00
71152570;;BYLADEM1MIB;Kreissparkasse Miesbach-Tegernsee;83714;Miesbach;;00
71152680;;BYLADEM1WSB;Kreis- und Stadtsparkasse Wasserburg;83504;Wasserburg a. Inn;;00
71160000;;GENODEF1VRR;meine Volksbank Raiffeisenbank;83022;Rosenheim;;88
71160161;;GENODEF1ROR;VR Bank Rosenheim-Chiemsee -alt-;83006;Rosenheim;;88
71161964;;GENODEF1PRV;Volksbank-Raiffeisenbank Chiemsee -alt-;83209;Prien a. Chiemsee;;88
71162355;;GENODEF1OBD;Raiffeisenbank Oberaudorf;83080;Oberaudorf;;88
71162804;;GENODEF1ASU;Raiffeisenbank Aschau-Samerberg;83226;Aschau i. Chiemgau;;88
71165150;;GENODEF1AIB;Raiffeisenbank Mangfalltal -alt-;83043;Bad Aibling;;88
71180005;;DRESDEFF711;Commerzbank vormals Dresdner Bank;83011;Rosenheim;;76
71190000;;GENODEF1ROV;Volksbank Rosenheim -alt-;83022;Rosenheim;;88
71191000;;GENODEF1MUL;VR-Bank Burghausen-Mühldorf -alt-;84453;Mühldorf a. Inn;;88
72000000;;MARKDEF1720;Bundesbank;86136;Augsburg;;09
72012300;;BTVADE61XXX;BTV Vier Länder Bank, Zweigniederlassung Deutschland;80331;München;;26
72020070;;HYVEDEMM408;UniCredit Bank - HypoVereinsbank;86002;Augsburg;;99
72021271;;HYVEDEMM236;UniCredit Bank - HypoVereinsbank;86543;Aichach;;99
72021876;;HYVEDEMM259;UniCredit Bank - HypoVereinsbank;89312;Günzburg;;99
72030014;;FUBKDE71XXX;Fürst Fugger Privatbank;86006;Augsburg;;00
72030227;;ANHODE77XXX;Bankhaus Anton Hafner;86150;Augsburg;;00
72030260;;ANHODE7AXXX;Bankhaus Anton Hafner (Gf PayCenter);86150;Augsburg;;09
72040046;;COBADEFFXXX;Commerzbank;86150;Augsburg;;13
72050000;;AUGSDE77XXX;Stadtsparkasse Augsburg;86135;Augsburg;;00
72050101;;BYLADEM1AUG;Kreissparkasse Augsburg -alt-;86009;Augsburg;;00
72051210;;BYLADEM1AIC;Sparkasse Altbayern;86551;Aichach;;00
72051840;;BYLADEM1GZK;Sparkasse Günzburg-Krumbach -alt-;89312;Günzburg;;00
72062152;;GENODEF1MTG;VR-Bank Handels- und Gewerbebank;86358;Gersthofen;;88
72069002;;GENODEF1ADZ;Raiffeisenbank Adelzhausen-Sielenbach -alt-;86559;Adelzhausen;;88
72069005;;GENODEF1AIL;Raiffeisenbank Lech-Donau;86676;Ehekirchen;;88
72069034;;GENODEF1BSI;Raiffeisenbank Bissingen -alt-;86657;Bissingen;;88
72069036;;GENODEF1BOI;Raiffeisenbank Bobingen;86394;Bobingen;;88
72069043;;GENODEF1GZ2;VR-Bank Donau-Mindel;89407;Dillingen a.d.Donau;;88
72069105;;GENODEF1HTF;Raiffeisenbank;86856;Hiltenfingen;;88
72069113;;GENODEF1HZH;Raiffeisenbank Aschberg -alt-;89438;Holzheim;;88
72069119;;GENODEF1ICH;Raiffeisenbank Ichenhausen;89335;Ichenhausen;;88
72069123;;GENODEF1JET;Raiffeisenbank Jettingen-Scheppach -alt-;89343;Jettingen-Scheppach;;88
72069126;;GENODEF1BBT;Raiffeisenbank Mittelschwaben;89297;Roggenburg;;88
72069132;;GENODEF1KRR;Raiffeisenbank Krumbach/Schwaben -alt-;86370;Krumbach (Schwaben);;88
72069135;;GENODEF1LST;Raiffeisenbank Stauden -alt-;86863;Langenneufnach;;88
72069155;;GENODEF1MRI;Raiffeisenbank Wittelsbacher Land;86415;Mering;;88
72069179;;GENODEF1BWI;Raiffeisenbank Unteres Zusamtal;86647;Buttenwiesen;;88
72069181;;GENODEF1OFF;Raiffeisenbank -alt-;89362;Offingen;;88
72069193;;GENODEF1RLI;Raiffeisenbank;86508;Rehling;;88
72069209;;GENODEF1RGB;Raiffeisenbank -alt-;89297;Roggenburg;;88
72069220;;GENODEF1SMU;Raiffeisenbank Schwabmünchen-Stauden;86827;Schwabmünchen;;88
72069235;;GENODEF1THS;Raiffeisenbank;86470;Thannhausen;;88
72069263;;GENODEF1WTS;Raiffeisenbank Wittislingen -alt-;89424;Wittislingen;;88
72069274;;GENODEF1ZUS;Raiffeisenbank Augsburger Land West;86441;Zusmarshausen;;88
72069308;;GENODEF1WDN;Raiffeisen-Volksbank Wemding -alt-;86650;Wemding;;88
72069329;;GENODEF1NOE;Raiffeisen-Volksbank Ries;86720;Nördlingen;;88
72069736;;GENODEF1BLT;Raiffeisenbank Schwaben Mitte;86370;Krumbach (Schwaben);;88
72069789;;GENODEF1PFA;Raiffeisenbank Pfaffenhausen;87772;Pfaffenhausen;;88
72070001;;DEUTDEMM720;Deutsche Bank;86004;Augsburg;;63
72070024;;DEUTDEDB720;Deutsche Bank;86004;Augsburg;;63
72070324;;DEUTDEDBP19;Postbank/DSL Ndl der Deutsche Bank;86150;Augsburg;;63
72070365;;DEUTDEMMP19;Postbank/DSL Ndl der Deutsche Bank;86150;Augsburg;;63
72080001;;DRESDEFF720;Commerzbank vormals Dresdner Bank;86004;Augsburg;;76
72090000;;GENODEF1AUB;VR Bank Augsburg-Ostallgäu;86012;Augsburg;;88
72090500;;GENODEF1S03;Sparda-Bank Augsburg;86013;Augsburg;;09
72090900;;GENODEF1P14;PSD Bank München;86135;Augsburg;;91
72091800;;GENODEF1GZ1;Volksbank Günzburg -alt-;89312;Günzburg;;10
72120078;;HYVEDEMM426;UniCredit Bank - HypoVereinsbank;85017;Ingolstadt;;99
72122181;;HYVEDEMM665;UniCredit Bank - HypoVereinsbank;86633;Neuburg a.d.Donau;;99
72140052;;COBADEFFXXX;Commerzbank;85018;Ingolstadt;;13
72150000;;BYLADEM1ING;Sparkasse Ingolstadt Eichstätt;85023;Ingolstadt;;00
72151340;;BYLADEM1EIS;Sparkasse Eichstätt -alt-;85067;Eichstätt;;00
72151650;;BYLADEM1PAF;Sparkasse Pfaffenhofen;85262;Pfaffenhofen a.d.Ilm;;00
72151880;;BYLADEM1SSH;Stadtsparkasse Schrobenhausen -alt-;86551;Aichach;;00
72152070;;BYLADEM1NEB;Sparkasse Neuburg-Rain -alt-;86551;Aichach;;00
72160818;;GENODEF1INP;Volksbank Raiffeisenbank Bayern Mitte;85023;Ingolstadt;;88
72169013;;GENODEF1ARH;Raiffeisenbank Aresing-Hörzhausen-Schiltberg -alt-;86561;Aresing;;88
72169080;;GENODEF1GSB;Raiffeisenbank Aresing-Gerolsbach;85302;Gerolsbach;;88
72169218;;GENODEF1SBN;Schrobenhausener Bank;86529;Schrobenhausen;;88
72169246;;GENODEF1WFN;Raiffeisenbank Schrobenhausener Land;86571;Langenmosen;;88
72169380;;GENODEF1BLN;Raiffeisenbank Beilngries -alt-;92339;Beilngries;;88
72169745;;GENODEF1WDF;Raiffeisenbank Ehekirchen-Oberhausen -alt-;86676;Ehekirchen;;88
72169756;;GENODEF1ND2;VR Bank Neuburg-Rain;86633;Neuburg a.d.Donau;;88
72169764;;GENODEF1WRI;Raiffeisenbank Donaumooser Land -alt-;86668;Karlshuld;;88
72169812;;GENODEF1GAH;Raiffeisenbank im Donautal;85080;Gaimersheim;;88
72169831;;GENODEF1RBL;Raiffeisenbank Riedenburg-Lobsing -alt-;93339;Riedenburg;;88
72170007;;DEUTDEMM721;Deutsche Bank;85010;Ingolstadt;;63
72170024;;DEUTDEDB721;Deutsche Bank;85010;Ingolstadt;;63
72170324;;DEUTDEDBP17;Postbank/DSL Ndl der Deutsche Bank;85051;Ingolstadt;;63
72170363;;DEUTDEMMP17;Postbank/DSL Ndl der Deutsche Bank;85051;Ingolstadt;;63
72180002;;DRESDEFF721;Commerzbank vormals Dresdner Bank;85018;Ingolstadt;;76
72220074;;HYVEDEMM255;UniCredit Bank - HypoVereinsbank;86609;Donauwörth;;99
72223182;;HYVEDEMM263;UniCredit Bank - HypoVereinsbank;86715;Nördlingen;;99
72250000;;BYLADEM1NLG;Sparkasse Nördlingen -alt-;86715;Nördlingen;;00
72250160;;BYLADEM1DON;Sparkasse Donauwörth -alt-;86604;Donauwörth;;00
72251520;;BYLADEM1DLG;Sparkasse Nordschwaben;89407;Dillingen a.d.Donau;;A3
72261754;;GENODEF1RLH;Raiffeisenbank Rain am Lech -alt-;86641;Rain;;88
72262401;;GENODEF1DLG;Raiffeisen-Volksbank Dillingen -alt-;89407;Dillingen a.d.Donau;;88
72290100;;GENODEF1DON;Raiffeisen-Volksbank Donauwörth;86604;Donauwörth;;88
73050000;;BYLADEM1NUL;Sparkasse Neu-Ulm-Illertissen;89231;Neu-Ulm;;00
73061191;;GENODEF1NU1;VR-Bank Neu-Ulm;89231;Neu-Ulm;;88
73120075;;HYVEDEMM436;UniCredit Bank - HypoVereinsbank;87681;Memmingen;;99
73140046;;COBADEFFXXX;Commerzbank Memmingen;87700;Memmingen;;13
73150000;;BYLADEM1MLM;Sparkasse Schwaben-Bodensee;87700;Memmingen;;00
73160000;;GENODEF1MIR;Genossenschaftsbank Unterallgäu;87719;Mindelheim;;88
73180011;;DRESDEFF731;Commerzbank vormals Dresdner Bank;87681;Memmingen;;76
73190000;;GENODEF1MM1;VR-Bank Memmingen;87689;Memmingen;;88
73311600;;;Hypo Vorarlberg Bank;87567;Riezlern;;09
73320073;;HYVEDEMM428;UniCredit Bank - HypoVereinsbank;87402;Kempten (Allgäu);;99
73321177;;HYVEDEMM567;UniCredit Bank - HypoVereinsbank;87552;Oberstdorf;;99
73322380;;HYVEDEMM570;UniCredit Bank - HypoVereinsbank;87527;Sonthofen;;99
73331700;;GABLDE71XXX;Gabler-Saliter Bankgeschäft;87634;Obergünzburg;;09
73340046;;COBADEFFXXX;Commerzbank Kempten Allgäu;87435;Kempten (Allgäu);;13
73350000;;BYLADEM1ALG;Sparkasse Allgäu;87435;Kempten (Allgäu);;00
73369264;;GENODEF1DTA;Raiffeisenbank im Allgäuer Land;87463;Dietmannsried;;88
73369821;;GENODEF1LBB;VR SüdBank;88131;Lindau (Bodensee);;88
73369823;;GENODEF1WWA;Raiffeisenbank Westallgäu -alt-;88167;Gestratz;;88
73369826;;GENODEF1LIA;Volksbank;88151;Lindenberg i. Allgäu;;88
73369851;;GENODEF1AIT;Raiffeisenbank Aitrang-Ruderatshofen;87648;Aitrang;;88
73369854;;GENODEF1FCH;Raiffeisenbank Fuchstal-Denklingen -alt-;86925;Fuchstal;;88
73369859;;GENODEF1BIN;Raiffeisenbank Bidingen -alt-;87651;Bidingen;;88
73369871;;GENODEF1EGB;Raiffeisenbank Baisweil-Eggenthal-Friesenried;87653;Eggenthal;;88
73369902;;GENODEF1KM1;Raiffeisenbank Kempten -alt-;87412;Kempten (Allgäu);;88
73369918;;GENODEF1OKI;Raiffeisenbank Kirchweihtal;87666;Pforzen;;88
73369920;;GENODEF1SFO;VR Bank Kempten-Oberallgäu;87435;Kempten (Allgäu);;88
73369933;;GENODEF1RHP;Raiffeisenbank Südliches Ostallgäu;87637;Seeg;;88
73369936;;GENODEF1SER;Raiffeisenbank Seeg -alt-;87637;Seeg;;88
73369954;;GENODEF1WGO;Raiffeisenbank Wald-Görisried;87616;Wald;;88
73370008;;DEUTDEMM733;Deutsche Bank;87404;Kempten (Allgäu);;63
73370024;;DEUTDEDB733;Deutsche Bank;87404;Kempten (Allgäu);;63
73380004;;DRESDEFF733;Commerzbank vormals Dresdner Bank;87404;Kempten (Allgäu);;76
73390000;;GENODEF1KEV;Allgäuer Volksbank Kempten-Sonthofen;87416;Kempten (Allgäu);;88
73392000;;GENODEF1IMV;Volksbank Immenstadt;87509;Immenstadt i. Allgäu;;88
73420071;;HYVEDEMM427;UniCredit Bank - HypoVereinsbank;87600;Kaufbeuren;;99
73421478;;HYVEDEMM666;UniCredit Bank - HypoVereinsbank;86951;Schongau;;99
73440048;;COBADEFFXXX;Commerzbank;87600;Kaufbeuren;;13
73450000;;BYLADEM1KFB;Kreis- und Stadtsparkasse Kaufbeuren -alt-;87600;Kaufbeuren;;00
73451450;;BYLADEM1SOG;Kreissparkasse Schongau -alt-;82362;Weilheim i. OB;;00
73480013;;DRESDEFF734;Commerzbank vormals Dresdner Bank;87572;Kaufbeuren;;76
74020074;;HYVEDEMM445;UniCredit Bank - HypoVereinsbank;94002;Passau;;99
74020100;;RZOODE77XXX;Raiffeisenlandesbank Oberösterreich Ndl Deutschland;80333;München;;60
74020150;;RZOODE77XXX;Raiffeisenlandesbank Oberösterreich - Gf  interne Zwecke;80333;München;;60
74040082;;COBADEFFXXX;Commerzbank Passau;94032;Passau;;13
74050000;;BYLADEM1PAS;Sparkasse Passau;94014;Passau;;00
74051230;;BYLADEM1FRG;Sparkasse Freyung-Grafenau;94078;Freyung;;00
74061101;;GENODEF1RGS;Raiffeisenbank Goldener Steig - Dreisessel;94133;Röhrnbach;;88
74061564;;GENODEF1NUI;Raiffeisenbank Unteres Inntal;94152;Neuhaus a.Inn;;88
74061670;;GENODEF1ORT;Raiffeisenbank Ortenburg-Kirchberg;94496;Ortenburg;;88
74061813;;GENODEF1PFK;VR-Bank Rottal-Inn;84347;Pfarrkirchen;;88
74062490;;GENODEF1VIR;VR-Bank Vilshofen-Pocking;94060;Pocking;;88
74062786;;GENODEF1TIE;Raiffeisenbank i Lkr Passau-Nord;94113;Tiefenbach;;88
74064593;;GENODEF1WSD;Raiffeisenbank;94108;Wegscheid;;88
74065782;;GENODEF1SZT;Raiffeisenbank Salzweg-Thyrnau -alt-;94119;Salzweg;;88
74066749;;GENODEF1HZN;Raiffeisenbank Südl. Bayerischer Wald -alt-;94051;Hauzenberg;;88
74069744;;GENODEF1GRT;Raiffeisenbank;94143;Grainet;;88
74069752;;GENODEF1HHU;Raiffeisenbank Hohenau-Mauth -alt-;94545;Hohenau;;88
74069758;;GENODEF1TKI;Raiffeisenbank Kirchberg v. Wald -alt-;94113;Tiefenbach;;88
74069768;;GENODEF1NHD;Raiffeisenbank am Dreisessel -alt-;94089;Neureichenau;;88
74090000;;GENODEF1PA1;VR-Bank Passau;94015;Passau;;88
74120071;;HYVEDEMM415;UniCredit Bank - HypoVereinsbank;94460;Deggendorf;;99
74131000;;TEKRDE71XXX;TEBA Kreditbank;94405;Landau a.d.Isar;;09
74140048;;COBADEFFXXX;Commerzbank;94469;Deggendorf;;13
74150000;;BYLADEM1DEG;Sparkasse Deggendorf;94459;Deggendorf;;00
74151450;;BYLADEM1REG;Sparkasse Regen-Viechtach;94202;Regen;;00
74160025;;GENODEF1DEG;Raiffeisenbank Deggendorf-Plattling-Sonnenwald;94457;Deggendorf;;88
74161608;;GENODEF1HBW;Raiffeisenbank Hengersberg-Schöllnach;94491;Hengersberg;;88
74164149;;GENODEF1RGE;VR-Bank -alt-;94209;Regen;;88
74165013;;GENODEF1AUS;Raiffeisenbank Sonnenwald -alt-;94530;Auerbach;;88
74180009;;DRESDEFF741;Commerzbank vormals Dresdner Bank;94451;Deggendorf;;76
74190000;;GENODEF1DGV;VR GenoBank DonauWald;94234;Viechtach;;88
74191000;;GENODEF1LND;VR-Bank Landau-Mengkofen;94405;Landau a.d.Isar;;88
74220075;;HYVEDEMM452;UniCredit Bank - HypoVereinsbank;94304;Straubing;;99
74221170;;HYVEDEMM675;UniCredit Bank - HypoVereinsbank;93413;Cham;;99
74240062;;COBADEFFXXX;Commerzbank Straubing;94315;Straubing;;13
74250000;;BYLADEM1SRG;Sparkasse Niederbayern-Mitte;94304;Straubing;;00
74251020;;BYLADEM1CHM;Sparkasse im Landkreis Cham;93405;Cham;;00
74260110;;GENODEF1SR2;Raiffeisenbank Straubing;94315;Straubing;;88
74261024;;GENODEF1CHA;Raiffeisenbank Chamer Land;93404;Cham;;88
74290000;;GENODEF1SR1;VR-Bank Ostbayern-Mitte;94315;Straubing;;88
74290100;;CBSRDE71XXX;CB Bank;94306;Straubing;;98
74320073;;HYVEDEMM433;UniCredit Bank - HypoVereinsbank;84007;Landshut;;99
74340077;;COBADEFFXXX;Commerzbank;84028;Landshut;;13
74350000;;BYLADEM1LAH;Sparkasse Landshut;84011;Landshut;;11
74351430;;BYLADEM1EGF;Sparkasse Rottal-Inn;84307;Eggenfelden;;00
74351740;;BYLADEM1MSB;Stadt- und Kreissparkasse Moosburg -alt-;85366;Moosburg a.d.Isar;;10
74361211;;GENODEF1ARF;Raiffeisenbank Arnstorf;94424;Arnstorf;;88
74362663;;GENODEF1ERG;Raiffeisenbank Landshuter Land;84030;Ergolding;;88
74364689;;GENODEF1PFF;Raiffeisenbank Pfeffenhausen-Rottenburg-Wildenberg -alt-;84076;Pfeffenhausen;;88
74369068;;GENODEF1LWE;Raiffeisenbank Hofkirchen-Bayerbach;84082;Laberweinting;;88
74369088;;GENODEF1GPF;Raiffeisenbank Geiselhöring-Pfaffenberg;94333;Geiselhöring;;88
74369130;;GENODEF1PST;Raiffeisenbank Parkstetten;94365;Parkstetten;;88
74369146;;GENODEF1RZK;Raiffeisenbank Rattiszell-Konzell;94372;Rattiszell;;88
74369656;;GENODEF1ENA;Raiffeisenbank Essenbach -alt-;84051;Essenbach;;88
74369662;;GENODEF1EBV;Raiffeisenbank Buch-Eching;84174;Eching;;88
74369704;;GENODEF1MKO;Raiffeisenbank Mengkofen-Loiching -alt-;84152;Mengkofen;;88
74380007;;DRESDEFF743;Commerzbank vormals Dresdner Bank;84008;Landshut;;76
74390000;;GENODEF1LH1;VR-Bank Landshut;84037;Landshut;;88
74391400;;GENODEF1EGR;VR-Bank Rottal-Inn;84301;Eggenfelden;;88
74392300;;GENODEF1VBV;VR-Bank Isar-Vils;84131;Vilsbiburg;;88
75000000;;MARKDEF1750;Bundesbank;93006;Regensburg;;09
75020073;;HYVEDEMM447;UniCredit Bank - HypoVereinsbank;93002;Regensburg;;99
75021174;;HYVEDEMM804;UniCredit Bank - HypoVereinsbank;92402;Schwandorf;;99
75040062;;COBADEFFXXX;Commerzbank Regensburg;93047;Regensburg;;13
75050000;;BYLADEM1RBG;Sparkasse Regensburg;93042;Regensburg;;00
75051040;;BYLADEM1SAD;Sparkasse im Landkreis Schwandorf;92408;Schwandorf;;00
75051565;;BYLADEM1KEH;Kreissparkasse Kelheim;93309;Kelheim;;00
75060150;;GENODEF1R02;Raiffeisenbank Regensburg-Wenzenbach;93018;Regensburg;;88
75061168;;GENODEF1SWN;Raiffeisenbank Schwandorf-Nittenau -alt-;92408;Schwandorf;;88
75061851;;GENODEF1REF;Raiffeisenbank Regenstauf;93122;Regenstauf;;88
75062026;;GENODEF1DST;Raiffeisenbank Oberpfalz Süd;93093;Donaustauf;;88
75069014;;GENODEF1ABS;Raiffeisenbank Kreis Kelheim;93077;Bad Abbach;;88
75069015;;GENODEF1NGG;Raiffeisenbank Bad Gögging -alt-;93333;Neustadt a.d.Donau;;88
75069020;;GENODEF1BUK;Raiffeisenbank Bruck -alt-;92436;Bruck i.d.OPf.;;88
75069038;;GENODEF1FKS;Raiffeisenbank Falkenstein-Wörth;93167;Falkenstein;;88
75069050;;GENODEF1GRW;Raiffeisenbank Grafenwöhr-Kirchenthumbach -alt-;92655;Grafenwöhr;;88
75069055;;GENODEF1HGA;Raiffeisenbank Alteglofsheim-Hagelstadt;93095;Hagelstadt;;88
75069061;;GENODEF1HEM;Raiffeisenbank im Oberpfälzer Jura;92331;Parsberg;;88
75069078;;GENODEF1SZV;Raiffeisenbank Sinzing;93161;Sinzing;;88
75069081;;GENODEF1KTZ;Raiffeisenbank Bad Kötzting;93444;Bad Kötzting;;88
75069094;;GENODEF1PAR;Raiffeisenbank Parsberg-Velburg -alt-;92331;Parsberg;;88
75069110;;GENODEF1NKN;Raiffeisenbank Eschlkam-Lam-Lohberg-Neukirchen b Hl Blut;93453;Neukirchen b.Hl.Blut;;88
75069171;;GENODEF1SWD;VR Bank Mittlere Oberpfalz;92507;Nabburg;;88
75070013;;DEUTDEMM750;Deutsche Bank;93003;Regensburg;;63
75070024;;DEUTDEDB750;Deutsche Bank;93003;Regensburg;;63
75080003;;DRESDEFF750;Commerzbank vormals Dresdner Bank;93015;Regensburg;;76
75090000;;GENODEF1R01;Volksbank Raiffeisenbank Regensburg-Schwandorf;93047;Regensburg;;88
75090300;;GENODEF1M05;LIGA Bank;93006;Regensburg;;88
75090500;;GENODEF1S05;Sparda-Bank Ostbayern;93047;Regensburg;;09
75090900;;GENODEF1P18;VR Bank Niederbayern-Oberpfalz;93047;Regensburg;;91
75091400;;GENODEF1BLF;VR Bank Burglengenfeld -alt-;93133;Burglengenfeld;;88
75220070;;HYVEDEMM405;UniCredit Bank - HypoVereinsbank;92202;Amberg;;99
75240000;;COBADEFFXXX;Commerzbank;92224;Amberg;;13
75250000;;BYLADEM1ABG;Sparkasse Amberg-Sulzbach;92206;Amberg;;00
75261700;;GENODEF1SZH;Raiffeisenbank Sulzbach-Rosenberg -alt-;92237;Sulzbach-Rosenberg;;88
75290000;;GENODEF1AMV;VR Bank Amberg-Sulzbach;92237;Sulzbach-Rosenberg;;88
75320075;;HYVEDEMM454;UniCredit Bank - HypoVereinsbank;92612;Weiden i.d.OPf.;;99
75340090;;COBADEFFXXX;Commerzbank;92637;Weiden i.d.OPf.;;13
75350000;;BYLADEM1WEN;Sparkasse Oberpfalz Nord;92615;Weiden i.d.OPf.;;00
75351960;;BYLADEM1ESB;Vereinigte Sparkassen Eschenbach i d Opf;92660;Neustadt a.d.Waldnaab;;00
75360011;;GENODEF1WEO;Raiffeisenbank Weiden -alt-;92637;Weiden i.d.OPf.;;88
75362039;;GENODEF1FLS;Raiffeisenbank Floß;92685;Floß;;88
75363189;;GENODEF1NEW;Raiffeisenbank Neustadt-Vohenstrauß -alt-;92648;Vohenstrauß;;88
75390000;;GENODEF1WEV;Volksbank Raiffeisenbank Nordoberpfalz;92637;Weiden i.d.OPf.;;88
76000000;;MARKDEF1760;Bundesbank;90327;Nürnberg;;09
76010085;;PBNKDEFFXXX;Postbank Ndl der Deutsche Bank;90402;Nürnberg;;24
76020070;;HYVEDEMM460;UniCredit Bank - HypoVereinsbank;90327;Nürnberg;;99
76020099;;HYVEDEMMCAR;UniCredit Bank - HypoVereinsbank Prepaid Card;90327;Nürnberg;;09
76026000;;NORSDE71XXX;norisbank;10625;Berlin;;C7
76030080;;CSDBDE71XXX;BNP Paribas Niederlassung Deutschland;90402;Nürnberg;;01
76030600;;ISBKDEFXNUR;Isbank Fil Nürnberg;90429;Nürnberg;;06
76030800;;BIWBDE33760;flatexDEGIRO Bank;60312;Frankfurt am Main;;01
76032000;;TEAMDE71XXX;TeamBank Nürnberg;90471;Nürnberg;;06
76032001;;TEAMDE71TAT;TeamBank Nürnberg GF Austria;90471;Nürnberg;;06
76035000;;UMWEDE7NXXX;UmweltBank;90489;Nürnberg;;09
76040060;;COBADEFFXXX;Commerzbank CC;90402;Nürnberg;;09
76040061;;COBADEFFXXX;Commerzbank;90006;Nürnberg;;13
76040062;;COBADEFFXXX;Commerzbank CC;90402;Nürnberg;;09
76040065;;COBADEFFXXX;Commerzbank, Filiale Nürnberg 2;90006;Nürnberg;;13
76050000;;BYLADEMMXXX;Bayerische Landesbank;90041;Nürnberg;;09
76050101;;SSKNDE77XXX;Sparkasse Nürnberg;90327;Nürnberg;;49
76052080;;BYLADEM1NMA;Sparkasse Neumarkt i d OPf-Parsberg;92303;Neumarkt i.d.OPf.;;00
76060000;;GENODEFF760;DZ BANK;90002;Nürnberg;;09
76060618;;GENODEF1N02;Volksbank Raiffeisenbank -alt-;90019;Nürnberg;;88
76061025;;GENODEF1LAU;Raiffeisen Spar+Kreditbank Lauf a d Pegnitz;91207;Lauf a.d.Pegnitz;;88
76061482;;GENODEF1HSB;Raiffeisenbank im Nürnberger Land;90537;Feucht;;88
76069369;;GENODEF1AUO;Raiffeisenbank Auerbach-Freihung;91275;Auerbach i.d.OPf.;;88
76069372;;GENODEF1WDS;Raiffeisenbank Bad Windsheim;91438;Bad Windsheim;;88
76069378;;GENODEF1BEH;Raiffeisenbank;91572;Bechhofen;;88
76069404;;GENODEF1DSB;Raiffeisenbank Uehlfeld-Dachsbach;91462;Dachsbach;;88
76069409;;GENODEF1DIH;Raiffeisenbank Dietenhofen -alt-;90597;Dietenhofen;;88
76069410;;GENODEF1DIM;Raiffeisenbank Dietersheim und Umgebung;91463;Dietersheim;;88
76069440;;GENODEF1FEC;Raiffeisenbank Altdorf-Feucht -alt-;90537;Feucht;;88
76069441;;GENODEF1FEW;VR-Bank Feuchtwangen-Limes -alt-;91555;Feuchtwangen;;88
76069448;;GENODEF1FRD;Raiffeisenbank -alt-;92272;Freudenberg;;88
76069449;;GENODEF1FYS;Raiffeisen - meine Bank;91161;Hilpoltstein;;88
76069462;;GENODEF1GDG;Raiffeisenbank Altmühl-Jura;91171;Greding;;88
76069468;;GENODEF1GU1;Raiffeisenbank Weißenburg-Gunzenhausen -alt-;91781;Weißenburg i.Bay.;;88
76069486;;GENODEF1HSC;Raiffeisenbank Hirschau;92242;Hirschau;;88
76069512;;GENODEF1N08;Raiffeisenbank Knoblauchsland Nürnberg-Buch -alt-;90427;Nürnberg;;88
76069553;;GENODEF1NM1;Raiffeisenbank Neumarkt;92305;Neumarkt i.d.OPf.;;88
76069559;;GENODEF1NEA;VR TeilhaberBank Metropolregion Nürnberg;91413;Neustadt a.d.Aisch;;88
76069564;;GENODEF1BTO;Raiffeisenbank Oberferrieden-Burgthann;90559;Burgthann;;88
76069576;;GENODEF1BPL;Raiffeisenbank Plankstetten;92334;Berching;;88
76069602;;GENODEF1HSE;Raiffeisenbank DreiFranken;91093;Heßdorf;;88
76069611;;GENODEF1SDM;Raiffeisenbank Unteres Vilstal;92287;Schmidmühlen;;88
76069635;;GENODEF1URS;Raiffeisenbank Ursensollen-Ammerthal-Hohenburg -alt-;92289;Ursensollen;;88
76069663;;GENODEF1WBA;Raiffeisenbank Heilsbronn-Windsbach -alt-;91575;Windsbach;;88
76069669;;GENODEF1ZIR;Raiffeisenbank Knoblauchsland-Bibertgrund;90427;Nürnberg;;88
76070012;;DEUTDEMM760;Deutsche Bank;90402;Nürnberg;;63
76070024;;DEUTDEDB760;Deutsche Bank;90402;Nürnberg;;63
76070324;;DEUTDEDBP15;Postbank/DSL Ndl der Deutsche Bank;91052;Erlangen;;63
76070361;;DEUTDEMMP15;Postbank/DSL Ndl der Deutsche Bank;91052;Erlangen;;63
76080040;;DRESDEFF760;Commerzbank vormals Dresdner Bank;90327;Nürnberg;;76
76080053;;DRESDEFFAGI;Commerzbank vormals Dresdner Bank Zw 53;95011;Hof;;76
76080055;;DRESDEFFI25;Commerzbank vormals Dresdner Bank Zw 55;95011;Hof;;09
76080085;;DRESDEFFJ26;Commerzbank vormals Dresdner Bank, PCC DCC-ITGK 1;90001;Nürnberg;;09
76080086;;DRESDEFFJ27;Commerzbank vormals Dresdner Bank, PCC DCC-ITGK 2;90001;Nürnberg;;09
76089480;;DRESDEFFI24;Commerzbank vormals Dresdner Bank ITGK;90327;Nürnberg;;09
76089482;;DRESDEFFI46;Commerzbank vormals Dresdner Bank ITGK;90403;Nürnberg;;09
76090400;;GENODEF1N03;Evenord-Bank;90439;Nürnberg;;88
76090500;;GENODEF1S06;Sparda-Bank Nürnberg;90026;Nürnberg;;09
76090900;;GENODEF1P17;PSD Bank;90328;Nürnberg;;91
76211900;;GENODEF1WHD;CVW-Privatbank;91452;Wilhermsdorf;;88
76220073;;HYVEDEMM419;UniCredit Bank - HypoVereinsbank;90702;Fürth;;99
76240011;;COBADEFFXXX;Commerzbank Fürth Bayern;90762;Fürth;;13
76250000;;BYLADEM1SFU;Sparkasse Fürth;90762;Fürth;;00
76251020;;BYLADEM1NEA;Sparkasse im Landkreis Neustadt a.d. Aisch - Bad Windsheim;91413;Neustadt a.d.Aisch;;00
76320072;;HYVEDEMM417;UniCredit Bank - HypoVereinsbank;91051;Erlangen;;99
76340061;;COBADEFFXXX;Commerzbank Erlangen;91052;Erlangen;;13
76350000;;BYLADEM1ERH;Stadt- u. Kreissparkasse Erlangen Höchstadt Herzogenaurach;91051;Erlangen;;49
76351040;;BYLADEM1FOR;Sparkasse Forchheim;91299;Forchheim;;00
76351560;;BYLADEM1HOS;Kreissparkasse Höchstadt;91311;Höchstadt a.d.Aisch;;00
76360033;;GENODEF1ER1;VR-Bank Erlangen-Höchstadt-Herzogenaurach -alt-;91052;Erlangen;;88
76391000;;GENODEF1FOH;VR Bank Bamberg-Forchheim Volks- Raiffeisenbank;96014;Bamberg;;88
76420080;;HYVEDEMM065;UniCredit Bank - HypoVereinsbank;91126;Schwabach;;99
76450000;;BYLADEM1SRS;Sparkasse Mittelfranken-Süd;91154;Roth;;A5
76460015;;GENODEF1SWR;Raiffeisenbank Roth-Schwabach -alt-;91154;Roth;;88
76461485;;GENODEF1HPN;Raiffeisenbank am Rothsee -alt-;91161;Hilpoltstein;;88
76520071;;HYVEDEMM406;UniCredit Bank - HypoVereinsbank;91502;Ansbach;;99
76550000;;BYLADEM1ANS;Sparkasse Ansbach;91509;Ansbach;;00
76551020;;BYLADEM1DKB;Kreis- und Stadtsparkasse Dinkelsbühl -alt-;91543;Dinkelsbühl;;00
76551540;;BYLADEM1GUN;Vereinigte Sparkassen Gunzenhausen -alt-;91710;Gunzenhausen;;00
76551860;;BYLADEM1ROT;Stadt- und Kreissparkasse Rothenburg -alt-;91541;Rothenburg ob der Tauber;;00
76560060;;GENODEF1ANS;VR-Bank Mittelfranken Mitte;91522;Ansbach;;88
76591000;;GENODEF1DKV;VR Bank im südlichen Franken;91781;Weißenburg i.Bay.;;88
77020070;;HYVEDEMM411;UniCredit Bank - HypoVereinsbank;96002;Bamberg;;99
77040080;;COBADEFFXXX;Commerzbank Bamberg;96047;Bamberg;;13
77050000;;BYLADEM1SKB;Sparkasse Bamberg;96055;Bamberg;;00
77060100;;GENODEF1BA2;VR Bank Bamberg Raiffeisen-Volksbank -alt-;96014;Bamberg;;88
77061004;;GENODEF1ALK;Raiffeisenbank Obermain Nord -alt-;96264;Altenkunstadt;;88
77061425;;GENODEF1EBR;Raiffeisen-Volksbank -alt-;96106;Ebern;;88
77062014;;GENODEF1BGB;Raiffeisenbank Burgebrach-Stegaurach;96138;Burgebrach;;88
77062139;;GENODEF1SFF;Volksbank Raiffeisenbank Obermain;96226;Bad Staffelstein;;88
77069044;;GENODEF1KC2;Raiffeisenbank Küps-Mitwitz-Stockheim;96328;Küps;;88
77069051;;GENODEF1HIS;Raiffeisenbank -alt-;91332;Heiligenstadt i.OFr.;;88
77069052;;GENODEF1HOB;Raiffeisenbank Heroldsbach -alt-;91336;Heroldsbach;;88
77069091;;GENODEF1SFD;Raiffeisenbank Ebrachgrund -alt-;96172;Mühlhausen;;88
77069461;;GENODEF1GBF;Vereinigte Raiffeisenbanken -alt-;91321;Gräfenberg;;88
77069739;;GENODEF1THA;Raiffeisenbank Thurnauer Land -alt-;95349;Thurnau;;88
77069764;;GENODEF1KEM;Raiffeisenbank Oberpfalz NordWest;95478;Kemnath;;88
77069782;;GENODEF1SPK;Raiffeisenbank am Kulm;95469;Speichersdorf;;88
77069836;;GENODEF1BGO;Raiffeisenbank Berg-Bad Steben -alt-;95180;Berg;;88
77069868;;GENODEF1MGA;Raiffeisenbank Oberland;95352;Marktleugast;;88
77069870;;GENODEF1SZF;Raiffeisenbank Hochfranken West;95236;Stammbach;;88
77069906;;GENODEF1WSZ;Raiffeisenbank Wüstenselbitz;95233;Helmbrechts;;88
77069908;;GENODEF1ZSP;Raiffeisenbank Sparneck-Stammbach-Zell -alt-;95236;Stammbach;;88
77091800;;GENODEF1LIF;VR-Bank Lichtenfels-Ebern;96215;Lichtenfels;;88
77120073;;HYVEDEMM289;UniCredit Bank - HypoVereinsbank;95326;Kulmbach;;99
77140061;;COBADEFFXXX;Commerzbank;95326;Kulmbach;;13
77150000;;BYLADEM1KUB;Sparkasse Kulmbach-Kronach;95311;Kulmbach;;00
77190000;;GENODEF1KU1;VR Bank Oberfranken Mitte;95326;Kulmbach;;88
77320072;;HYVEDEMM412;UniCredit Bank - HypoVereinsbank;95402;Bayreuth;;99
77322200;;FODBDE77XXX;FNZ Bank;95030;Hof;;00
77340076;;COBADEFFXXX;Commerzbank;95444;Bayreuth;;13
77350110;;BYLADEM1SBT;Sparkasse Bayreuth;95440;Bayreuth;;00
77363749;;GENODEF1GFS;Raiffeisenbank -alt-;95482;Gefrees;;88
77365792;;GENODEF1HWA;Raiffeisenbank Fränkische Schweiz;96142;Hollfeld;;88
78020070;;HYVEDEMM424;UniCredit Bank - HypoVereinsbank;95011;Hof;;99
78040081;;COBADEFFXXX;Commerzbank Hof Saale;95028;Hof;;13
78050000;;BYLADEM1HOF;Sparkasse Hochfranken;95015;Hof;;00
78055050;;BYLADEM1FIG;Sparkasse Hochfranken -alt-;95089;Selb;;00
78060896;;GENODEF1HO1;VR Bank Bayreuth-Hof;95444;Bayreuth;;88
78140000;;COBADEFFXXX;Commerzbank;95643;Tirschenreuth;;13
78160069;;GENODEF1MAK;VR-Bank Fichtelgebirge-Frankenwald;95605;Marktredwitz;;88
78161575;;GENODEF1WSS;Raiffeisenbank im Stiftland -alt-;95645;Waldsassen;;88
78320076;;HYVEDEMM480;UniCredit Bank - HypoVereinsbank;96402;Coburg;;99
78340091;;COBADEFFXXX;Commerzbank;96404;Coburg;;13
78350000;;BYLADEM1COB;Sparkasse Coburg-Lichtenfels;96421;Coburg;;00
78360000;;GENODEF1COS;VR-Bank Coburg;96416;Coburg;;88
79000000;;MARKDEF1790;Bundesbank;97010;Würzburg;;09
79020076;;HYVEDEMM455;UniCredit Bank - HypoVereinsbank;97067;Würzburg;;99
79030001;;FUCEDE77XXX;Fürstlich Castellsche Bank Credit-Casse;97070;Würzburg;;09
79032038;;BSHADE71XXX;MERKUR PRIVATBANK;97762;Hammelburg;;00
79040047;;COBADEFFXXX;Commerzbank Würzburg;97070;Würzburg;;13
79050000;;BYLADEM1SWU;Sparkasse Mainfranken Würzburg;97067;Würzburg;;00
79063060;;GENODEF1EFD;Raiffeisenbank Estenfeld-Bergtheim -alt-;97230;Estenfeld;;88
79063122;;GENODEF1HBG;Raiffeisenbank Höchberg;97201;Höchberg;;88
79065028;;GENODEF1BRK;VR-Bank Bad Kissingen;97688;Bad Kissingen;;88
79069001;;GENODEF1WED;Raiffeisenbank Mainschleife - Steigerwald;97332;Volkach;;88
79069010;;GENODEF1ATE;VR-Bank Schweinfurt -alt-;97421;Schweinfurt;;88
79069031;;GENODEF1BHD;Raiffeisenbank Bütthard-Gaukönigshofen;97244;Bütthard;;88
79069150;;GENODEF1GEM;Raiffeisenbank Main-Spessart;97816;Lohr a. Main;;88
79069165;;GENODEF1MLV;VR-Bank Main-Rhön;97526;Sennfeld;;88
79069181;;GENODEF1NDL;Raiffeisenbank -alt-;97720;Nüdlingen;;88
79069188;;GENODEF1SLZ;Raiffeisenbank im Grabfeld;97528;Sulzdorf a.d.Lederhecke;;88
79069213;;GENODEF1RNM;Raiffeisenbank;97517;Rannungen;;88
79070016;;DEUTDEMM790;Deutsche Bank;97004;Würzburg;;63
79070024;;DEUTDEDB790;Deutsche Bank;97004;Würzburg;;63
79080052;;DRESDEFF790;Commerzbank vormals Dresdner Bank;97031;Würzburg;;76
79080085;;DRESDEFFJ28;Commerzbank vormals Dresdner Bank, PCC DCC-ITGK 1;97001;Würzburg;;09
79090000;;GENODEF1WU1;Volksbank Raiffeisenbank Würzburg;97070;Würzburg;;88
79161058;;GENODEF1ERN;Raiffeisenbank Fränkisches Weinland -alt-;97334;Nordheim a. Main;;88
79161499;;GENODEF1OBR;Raiffeisenbank Kitzinger Land -alt-;97342;Obernbreit;;88
79190000;;GENODEF1KT1;VR Bank Kitzingen;97318;Kitzingen;;88
79320075;;HYVEDEMM451;UniCredit Bank - HypoVereinsbank;97408;Schweinfurt;;99
79330111;;FLESDEMMXXX;Bankhaus Max Flessa;97421;Schweinfurt;;09
79340054;;COBADEFFXXX;Commerzbank Schweinfurt;97421;Schweinfurt;;13
79350000;;BYLADEM1SSW;Städtische Sparkasse Schweinfurt -alt-;97410;Schweinfurt;;00
79350101;;BYLADEM1KSW;Sparkasse Schweinfurt-Haßberge;97410;Schweinfurt;;00
79351010;;BYLADEM1KIS;Sparkasse Bad Kissingen;97688;Bad Kissingen;;00
79351730;;BYLADEM1HAS;Sparkasse Ostunterfranken -alt-;97432;Haßfurt;;00
79353090;;BYLADEM1NES;Sparkasse Bad Neustadt a d Saale;97615;Bad Neustadt a.d.Saale;;00
79362081;;GENODEF1GZH;VR-MainBank;97447;Gerolzhofen;;88
79363016;;GENODEF1NDT;Volksbank Raiffeisenbank Rhön-Grabfeld -alt-;97607;Bad Neustadt a.d.Saale;;88
79363151;;GENODEF1HAS;Raiffeisen-Volksbank Haßberge;97437;Haßfurt;;88
79364069;;GENODEF1FWH;Raiffeisenbank Frankenwinheim und Umgebung -alt-;97447;Frankenwinheim;;88
79380051;;DRESDEFF793;Commerzbank vormals Dresdner Bank;97408;Schweinfurt;;76
79520070;;HYVEDEMM407;UniCredit Bank - HypoVereinsbank;63701;Aschaffenburg;;99
79540049;;COBADEFFXXX;Commerzbank;63707;Aschaffenburg;;13
79550000;;BYLADEM1ASA;Sparkasse Aschaffenburg Miltenberg;63739;Aschaffenburg;;00
79561348;;GENODEF1BAG;Raiffeisenbank Bachgau -alt-;63762;Großostheim;;88
79562514;;GENODEF1AB1;Raiffeisen-Volksbank Aschaffenburg -alt-;63741;Aschaffenburg;;88
79565568;;GENODEF1WAA;Raiffeisenbank Waldaschaff-Heigenbrücken -alt-;63857;Waldaschaff;;88
79567531;;GENODEF1ALZ;VR-Bank -alt-;63748;Alzenau;;88
79568518;;GENODEF1HAC;Raiffeisenbank Haibach-Obernau;63803;Haibach;;88
79570024;;DEUTDEDB795;Deutsche Bank;63741;Aschaffenburg;;63
79570051;;DEUTDEFF795;Deutsche Bank;63741;Aschaffenburg;;63
79570324;;DEUTDEDBP18;Postbank/DSL Ndl der Deutsche Bank;63739;Aschaffenburg;;63
79570364;;DEUTDEFFS18;Postbank/DSL Ndl der Deutsche Bank;63739;Aschaffenburg;;63
79580099;;DRESDEFF795;Commerzbank vormals Dresdner Bank;63704;Aschaffenburg;;76
79589402;;DRESDEFFI47;Commerzbank vormals Dresdner Bank ITGK;63704;Aschaffenburg;;09
79590000;;GENODEF1AB2;Volksbank Aschaffenburg -alt-;63739;Aschaffenburg;;88
79650000;;BYLADEM1MIL;Sparkasse Miltenberg-Obernburg -alt-;63897;Miltenberg;;00
79665540;;GENODEF1EAU;Raiffeisenbank Elsavatal;63863;Eschau;;88
79666548;;GENODEF1OBE;Raiffeisenbank Großostheim-Obernburg -alt-;63762;Großostheim;;88
79668509;;GENODEF1ENB;Raiffeisenbank Eichenbühl und Umgebung;63928;Eichenbühl;;88
79690000;;GENODEF1MIL;Raiffeisen-Volksbank Miltenberg -alt-;63888;Miltenberg;;88
80020086;;HYVEDEMM440;UniCredit Bank - HypoVereinsbank;06018;Halle (Saale);;99
80020087;;HYVEDEMM462;UniCredit Bank - HypoVereinsbank;06815;Dessau-Roßlau;;99
80040000;;COBADEFFXXX;Commerzbank;06108;Halle (Saale);;13
80050500;;NOLADE21MQU;Kreissparkasse Merseburg-Querfurt -alt-;06204;Merseburg;;20
80053000;;NOLADE21BLK;Sparkasse Burgenlandkreis;06694;Zeitz;;20
80053572;;NOLADE21DES;Stadtsparkasse Dessau;06814;Dessau-Roßlau;;C0
80053622;;NOLADE21KOT;Kreissparkasse Köthen -alt-;06352;Köthen (Anhalt);;C0
80053722;;NOLADE21BTF;Kreissparkasse Anhalt-Bitterfeld;06732;Bitterfeld-Wolfen;;C0
80053762;;NOLADE21HAL;Saalesparkasse;06093;Halle (Saale);;B6
80054000;;NOLADE21WSF;Kreissparkasse Weißenfels -alt-;06654;Weißenfels;;20
80055008;;NOLADE21EIL;Sparkasse Mansfeld-Südharz;06283;Lutherstadt Eisleben;;20
80055500;;NOLADE21SES;Salzlandsparkasse;39401;Staßfurt;;20
80062608;;GENODEF1JE1;Volksbank Elsterland -alt-;14943;Luckenwalde;;32
80063508;;GENODEF1QLB;Harzer Volksbank;38855;Wernigerode;;28
80063558;;GENODEF1SGH;Volksbank;06526;Sangerhausen;;32
80063598;;GENODEF1WB1;Volksbank Wittenberg;06886;Lutherstadt Wittenberg;;32
80063628;;GENODEF1KOE;Volksbank;06351;Köthen (Anhalt);;32
80063648;;GENODEF1NMB;Volks- und Raiffeisenbank Saale-Unstrut;06217;Merseburg;;28
80063678;;GENODEF1ZTZ;VR-Bank Zeitz -alt-;06712;Zeitz;;32
80063718;;GENODEF1EIL;Volks- und Raiffeisenbank Eisleben -alt-;06281;Lutherstadt Eisleben;;32
80080000;;DRESDEFF800;Commerzbank vormals Dresdner Bank;06005;Halle (Saale);;76
80093574;;GENODEF1DS1;Volksbank Dessau-Anhalt;06811;Dessau-Roßlau;;32
80093784;;GENODEF1HAL;Volksbank Halle, Saale;06016;Halle (Saale);;32
80550101;;NOLADE21WBL;Sparkasse Wittenberg;06872;Lutherstadt Wittenberg;;20
80550200;;NOLADE21ZER;Kreissparkasse Anhalt-Zerbst -alt-;39261;Zerbst/Anhalt;;20
81000000;;MARKDEF1810;Bundesbank;39003;Magdeburg;;09
81010400;;NOLADE21LSA;Investitionsbank Sachsen-Anhalt;39104;Magdeburg;;27
81020500;;BFSWDE33MAG;SozialBank;39104;Magdeburg;;09
81040000;;COBADEFFXXX;Commerzbank;39001;Magdeburg;;13
81050555;;NOLADE21SDL;Kreissparkasse Stendal;39551;Stendal;;20
81052000;;NOLADE21HRZ;Harzsparkasse;38855;Wernigerode;;20
81053272;;NOLADE21MDG;Sparkasse MagdeBurg;39015;Magdeburg;;C0
81054000;;NOLADE21JEL;Sparkasse Jerichower Land -alt-;39281;Burg;;20
81055000;;NOLADE21HDL;Kreissparkasse Börde;39387;Oschersleben (Bode);;20
81055555;;NOLADE21SAW;Sparkasse Altmark West;29402;Salzwedel, Hansestadt;;20
81063028;;GENODEF1KAB;Raiffeisenbank Kalbe-Bismark;39624;Kalbe (Milde);;32
81063238;;GENODEF1BRG;Volksbank Jerichower Land;39288;Burg;;32
81068106;;GENODED1KDM;Bank für Kirche und Diakonie - KD-Bank Gf Sonder-BLZ;39104;Magdeburg;;09
81069052;;GENODEF1WZL;Volksbank Börde-Bernburg;39164;Wanzleben-Börde;;32
81070000;;DEUTDE8MXXX;Deutsche Bank;39001;Magdeburg;;63
81070024;;DEUTDEDBMAG;Deutsche Bank;39001;Magdeburg;;63
81080000;;DRESDEFF810;Commerzbank vormals Dresdner Bank;39003;Magdeburg;;76
81093034;;GENODEF1GA1;Volksbank;39638;Gardelegen;;32
81093054;;GENODEF1SDL;Volksbank Stendal;39576;Stendal;;32
81093274;;GENODEF1MD1;Volksbank Magdeburg;39104;Magdeburg;;32
82000000;;MARKDEF1820;Bundesbank;99107;Erfurt;;09
82020086;;HYVEDEMM498;UniCredit Bank - HypoVereinsbank;99084;Erfurt;;99
82020087;;HYVEDEMM098;UniCredit Bank - HypoVereinsbank;99402;Weimar;;99
82020088;;HYVEDEMM824;UniCredit Bank - HypoVereinsbank;99817;Eisenach;;99
82040000;;COBADEFFXXX;Commerzbank;99104;Erfurt;;13
82040085;;COBADEFFXXX;Commerzbank, Gf Web-K;99104;Erfurt;;13
82050000;;HELADEFF820;Landesbank Hessen-Thür Girozentrale Erfurt;99084;Erfurt;;00
82051000;;HELADEF1WEM;Sparkasse Mittelthüringen;99084;Erfurt;;20
82052020;;HELADEF1GTH;Kreissparkasse Gotha;99867;Gotha;;20
82054052;;HELADEF1NOR;Kreissparkasse Nordhausen;99726;Nordhausen;;C0
82055000;;HELADEF1KYF;Kyffhäusersparkasse;99701;Sondershausen;;20
82056060;;HELADEF1MUE;Sparkasse Unstrut-Hainich;99974;Mühlhausen/Thüringen;;20
82057070;;HELADEF1EIC;Kreissparkasse Eichsfeld;37339;Leinefelde-Worbis;;20
82060197;;GENODED1PA5;Pax-Bank;99084;Erfurt;;06
82064038;;GENODEF1MU2;VR Bank in Thüringen;99974;Mühlhausen/Thüringen;;32
82064088;;GENODEF1ESA;VR Bank Ihre Heimatbank;99817;Eisenach;;32
82064168;;GENODEF1GTH;Raiffeisenbank Gotha -alt-;99867;Gotha;;32
82064188;;GENODEF1WE1;VR Bank Weimar;99405;Weimar;;32
82064228;;ERFBDE8EXXX;Erfurter Bank -alt-;99084;Erfurt;;32
82070000;;DEUTDE8EXXX;Deutsche Bank;99084;Erfurt;;63
82070024;;DEUTDEDBERF;Deutsche Bank;99084;Erfurt;;63
82070324;;DEUTDEDBP20;Postbank/DSL Ndl der Deutsche Bank;99423;Weimar;;63
82070366;;DEUTDE8EP20;Postbank/DSL Ndl der Deutsche Bank;99423;Weimar;;63
82080000;;DRESDEFF827;Commerzbank vormals Dresdner Bank;99402;Weimar;;76
82094004;;GENODEF1HIG;Volksbank Heiligenstadt -alt-;37308;Heilbad Heiligenstadt;;06
82094054;;GENODEF1NDS;Nordthüringer Volksbank -alt-;99734;Nordhausen;;32
83020086;;HYVEDEMM468;UniCredit Bank - HypoVereinsbank;07502;Gera;;99
83020087;;HYVEDEMM463;UniCredit Bank - HypoVereinsbank;07704;Jena;;99
83020088;;HYVEDEMM484;UniCredit Bank - HypoVereinsbank;07306;Saalfeld/Saale;;99
83040000;;COBADEFFXXX;Commerzbank;07504;Gera;;13
83050000;;HELADEF1GER;Sparkasse Gera-Greiz;07503;Gera;;20
83050200;;HELADEF1ALT;Sparkasse Altenburger Land;04581;Altenburg;;20
83050303;;HELADEF1SAR;Kreissparkasse Saalfeld-Rudolstadt;07309;Saalfeld/Saale;;20
83050505;;HELADEF1SOK;Kreissparkasse Saale-Orla;07903;Schleiz;;20
83053030;;HELADEF1JEN;Sparkasse Jena-Saale-Holzland;07740;Jena;;20
83064488;;GENODEF1HMF;Raiffeisen-Volksbank Hermsdorfer Kreuz;07629;Hermsdorf;;32
83065408;;GENODEF1SLR;VR-Bank Altenburger Land / Deutsche Skatbank;04626;Schmölln;;32
83080000;;DRESDEFF830;Commerzbank vormals Dresdner Bank;07502;Gera;;76
83094444;;GENODEF1PN1;Raiffeisen-Volksbank Saale-Orla -alt-;07381;Pößneck;;32
83094454;;GENODEF1RUJ;Volksbank Gera-Jena-Rudolstadt;07743;Jena;;06
83094494;;GENODEF1ESN;Volksbank Eisenberg;07607;Eisenberg;;32
83094495;;GENODEF1ETK;EthikBank, Zndl der Volksbank Eisenberg;07607;Eisenberg;;32
84020087;;HYVEDEMM458;UniCredit Bank - HypoVereinsbank;98527;Suhl;;99
84040000;;COBADEFFXXX;Commerzbank;98601;Meiningen;;13
84050000;;HELADEF1RRS;Rhön-Rennsteig-Sparkasse;98617;Meiningen;;20
84051010;;HELADEF1ILK;Sparkasse Arnstadt-Ilmenau;98685;Ilmenau;;20
84054040;;HELADEF1HIL;Kreissparkasse Hildburghausen;98641;Hildburghausen;;20
84054722;;HELADEF1SON;Sparkasse Sonneberg;96515;Sonneberg;;20
84055050;;HELADEF1WAK;Wartburg-Sparkasse;99804;Eisenach;;20
84064798;;GENODEF1MLF;Genobank Rhön-Grabfeld;98617;Meiningen;;88
84069065;;GENODEF1SSG;Raiffeisenbank Schleusingen -alt-;98553;Schleusingen;;32
84080000;;DRESDEFF843;Commerzbank vormals Dresdner Bank;98606;Meiningen;;76
84094754;;GENODEF1SAL;VR-Bank in Nordhessen Westthüringen;36433;Bad Salzungen;;32
84094755;;GENODEF1SAL;VR-Bank Bad Salzungen Schmalkalden GAA;36433;Bad Salzungen;;32
84094814;;GENODEF1SHL;Volksbank Thüringen Mitte;99084;Erfurt;;32
85010500;;SABDDE81XXX;Sächsische Aufbaubank -Förderbank-;01054;Dresden;;09
85020086;;HYVEDEMM496;UniCredit Bank - HypoVereinsbank;01074;Dresden;;99
85020500;;BFSWDE33DRE;SozialBank;01074;Dresden;;09
85040000;;COBADEFFXXX;Commerzbank;01001;Dresden;;13
85040060;;COBADEFFXXX;Commerzbank CC;01067;Dresden;;09
85040061;;COBADEFFXXX;Commerzbank CC;01067;Dresden;;09
85050100;;WELADED1GRL;Sparkasse Oberlausitz-Niederschlesien;02763;Zittau;;20
85050300;;OSDDDE81XXX;Ostsächsische Sparkasse Dresden;01305;Dresden;;20
85055000;;SOLADES1MEI;Sparkasse Meißen;01587;Riesa;;20
85060000;;GENODEF1PR2;Volksbank Pirna;01796;Pirna;;32
85065028;;GENODEF1SEB;Raiffeisenbank Neustadt, Sachs -alt-;01855;Sebnitz;;32
85080000;;DRESDEFF850;Commerzbank vormals Dresdner Bank;01008;Dresden;;76
85080085;;DRESDEFFJ29;Commerzbank vormals Dresdner Bank, PCC DCC-ITGK 1;01100;Dresden;;09
85080086;;DRESDEFFJ30;Commerzbank vormals Dresdner Bank, PCC DCC-ITGK 2;01100;Dresden;;09
85080200;;DRESDEFF857;Commerzbank vormals Dresdner Bank;02961;Hoyerswerda;;76
85089270;;DRESDEFFI15;Commerzbank vormals Dresdner Bank ITGK;01008;Dresden;;09
85090000;;GENODEF1DRS;Volksbank Dresden-Bautzen;01097;Dresden;;06
85094984;;GENODEF1RIE;Volksbank Riesa;01587;Riesa;;06
85095004;;GENODEF1MEI;Volksbank Raiffeisenbank Meißen Großenhain;01652;Meißen;;06
85550000;;SOLADES1BAT;Kreissparkasse Bautzen;02605;Bautzen;;20
85590000;;GENODEF1BZV;Volksbank Bautzen -alt-;02625;Bautzen;;06
85590100;;GENODEF1NGS;Volksbank Löbau-Zittau;02727;Ebersbach-Neugersdorf;;06
85591000;;GENODEF1GR1;Volksbank Raiffeisenbank Niederschlesien;02810;Görlitz;;06
86000000;;MARKDEF1860;Bundesbank;04253;Leipzig;;09
86010090;;PBNKDEFFXXX;Postbank Ndl der Deutsche Bank;04109;Leipzig;;24
86010424;;AARBDE5W860;Aareal Bank ehem. Filiale Leipzig;65189;Wiesbaden;;09
86020086;;HYVEDEMM495;UniCredit Bank - HypoVereinsbank;04009;Leipzig;;99
86020500;;BFSWDE33LPZ;SozialBank;04003;Leipzig;;09
86021000;;AIPGDE82XXX;aifinyo payments;01219;Dresden;;09
86033300;;SCFBDE33XXX;Openbank Deutschland;04105;Leipzig;;09
86040000;;COBADEFFXXX;Commerzbank;04009;Leipzig;;13
86040060;;COBADEFFXXX;Commerzbank CC;04103;Leipzig;;09
86040061;;COBADEFFXXX;Commerzbank CC;04103;Leipzig;;09
86050000;;SOLADEST861;ZV Landesbank Baden-Württemberg;04002;Leipzig;;09
86050200;;SOLADES1GRM;Sparkasse Muldental;04662;Grimma;;20
86050600;;WELADED1TGU;Kreissparkasse Torgau-Oschatz -alt-;04751;Oschatz;;20
86055002;;SOLADES1DES;Sparkasse Delitzsch-Eilenburg -alt-;04501;Delitzsch;;20
86055462;;SOLADES1DLN;Kreissparkasse Döbeln;04720;Döbeln;;C0
86055592;;WELADE8LXXX;Stadt- und Kreissparkasse Leipzig;04008;Leipzig;;D0
86065448;;GENODEF1BOA;VR Bank Leipziger Land;04552;Borna;;32
86065468;;GENODEF1DL1;VR-Bank Mittelsachsen;09599;Freiberg;;06
86065483;;GENODEF1GMR;Raiffeisenbank Grimma;04662;Grimma;;06
86069070;;GENODEF1TGB;Raiffeisenbank -alt-;04851;Torgau;;06
86070000;;DEUTDE8LXXX;Deutsche Bank;04083;Leipzig;;63
86070024;;DEUTDEDBLEG;Deutsche Bank;04083;Leipzig;;63
86070407;;DEUTDE8LP37;Postbank/DSL Ndl der Deutsche Bank;04109;Leipzig;;63
86070424;;DEUTDEDBP37;Postbank/DSL Ndl der Deutsche Bank;04109;Leipzig;;63
86080000;;DRESDEFF860;Commerzbank vormals Dresdner Bank;04093;Leipzig;;76
86080055;;DRESDEFF862;Commerzbank vormals Dresdner Bank Zw 55;04109;Leipzig;;76
86080057;;DRESDEFF867;Commerzbank vormals Dresdner Bank Gf ZW 57;04109;Leipzig;;76
86080085;;DRESDEFFJ31;Commerzbank vormals Dresdner Bank, PCC DCC-ITGK 1;04093;Leipzig;;09
86080086;;DRESDEFFJ32;Commerzbank vormals Dresdner Bank, PCC DCC-ITGK 2;04093;Leipzig;;09
86089280;;DRESDEFFI16;Commerzbank vormals Dresdner Bank ITGK;04093;Leipzig;;09
86095484;;GENODEF1GMV;Volks- und Raiffeisenbank Muldental;04668;Grimma;;06
86095554;;GENODEF1DZ1;Volksbank Delitzsch -alt-;04509;Delitzsch;;06
86095604;;GENODEF1LVB;Leipziger Volksbank;04109;Leipzig;;06
87000000;;MARKDEF1870;Bundesbank;09071;Chemnitz;;09
87020086;;HYVEDEMM497;UniCredit Bank - HypoVereinsbank;09005;Chemnitz;;99
87020087;;HYVEDEMM481;UniCredit Bank - HypoVereinsbank;08523;Plauen;;99
87020088;;HYVEDEMM441;UniCredit Bank - HypoVereinsbank;08002;Zwickau;;99
87040000;;COBADEFFXXX;Commerzbank;09004;Chemnitz;;13
87050000;;CHEKDE81XXX;Sparkasse Chemnitz;09009;Chemnitz;;20
87051000;;WELADED1MTW;Sparkasse Mittelsachsen -alt-;09642;Mittweida;;20
87052000;;WELADED1FGX;Sparkasse Mittelsachsen;09583;Freiberg;;20
87054000;;WELADED1STB;Erzgebirgssparkasse;09456;Annaberg-Buchholz;;20
87055000;;WELADED1ZWI;Sparkasse Zwickau;08009;Zwickau;;20
87058000;;WELADED1PLX;Sparkasse Vogtland;08506;Plauen;;20
87069075;;GENODEF1MBG;Volksbank Mittleres Erzgebirge;09526;Olbernhau;;06
87069077;;GENODEF1BST;Vereinigte Raiffeisenbank Burgstädt;09217;Burgstädt;;06
87070000;;DEUTDE8CXXX;Deutsche Bank;09003;Chemnitz;;63
87070024;;DEUTDEDBCHE;Deutsche Bank;09003;Chemnitz;;63
87070406;;DEUTDE8CP36;Postbank/DSL Ndl der Deutsche Bank;09111;Chemnitz;;63
87070424;;DEUTDEDBP36;Postbank/DSL Ndl der Deutsche Bank;09111;Chemnitz;;63
87080000;;DRESDEFF870;Commerzbank vormals Dresdner Bank;09111;Chemnitz;;76
87095824;;GENODEF1PL1;Volksbank Vogtland-Saale-Orla;08525;Plauen;;06
87095899;;GENODEF1EXT;Volksbank Vogtland GAA;08525;Plauen;;09
87095934;;GENODEF1Z01;Volksbank Zwickau;08056;Zwickau;;06
87095974;;GENODEF1GC1;Volksbank-Raiffeisenbank Glauchau;08371;Glauchau;;06
87096124;;GENODEF1MIW;Volksbank Mittweida;09648;Mittweida;;06
87096214;;GENODEF1CH1;Volksbank Chemnitz;09003;Chemnitz;;06
