bankCode;branchCode;bic;bankName;postalCode;city;flags
101;0000;NBPLPLPWXXX;Narodowy Bank Polski;00-919;Warszawa;
101;0003;;Narodowy Bank Polski;00-919;Warszawa;
101;0005;NBPLPLPWXXX;Narodowy Bank Polski;00-919;Warszawa;
101;0006;NBPLPLPWXXX;Narodowy Bank Polski;00-919;Warszawa;
101;0007;NBPLPLPWXXX;Narodowy Bank Polski;00-919;Warszawa;
101;0101;NBPLPLPWXXX;Narodowy Bank Polski;00-950;Warszawa;
101;0102;NBPLPLPWXXX;Narodowy Bank Polski;00-950;Warszawa;
101;0104;NBPLPLPWXXX;Narodowy Bank Polski;15-282;Białystok;
101;0107;NBPLPLPWXXX;Narodowy Bank Polski;85-067;Bydgoszcz;
101;0114;NBPLPLPWXXX;Narodowy Bank Polski;80-958;Gdańsk;
101;0121;NBPLPLPWXXX;Narodowy Bank Polski;40-007;Katowice;
101;0123;NBPLPLPWXXX;Narodowy Bank Polski;25-312;Kielce;
101;0127;NBPLPLPWXXX;Narodowy Bank Polski;30-960;Kraków;
101;0133;NBPLPLPWXXX;Narodowy Bank Polski;20-026;Lublin;
101;0137;NBPLPLPWXXX;Narodowy Bank Polski;90-950;Łódź;
101;0139;NBPLPLPWXXX;Narodowy Bank Polski;10-575;Olsztyn;
101;0140;NBPLPLPWXXX;Narodowy Bank Polski;45-950;Opole;
101;0146;NBPLPLPWXXX;Narodowy Bank Polski;61-827;Poznań;
101;0152;NBPLPLPWXXX;Narodowy Bank Polski;35-959;Rzeszów;
101;0159;NBPLPLPWXXX;Narodowy Bank Polski;70-506;Szczecin;
101;0167;NBPLPLPWXXX;Narodowy Bank Polski;50-059;Wrocław;
101;0170;NBPLPLPWXXX;Narodowy Bank Polski;65-950;Zielona Góra;
102;0000;BPKOPLPWXXX;Powszechna Kasa Oszczędności Bank Polski Spółka Akcyjna;00-116;Warszawa;
102;0001;BPKOPLPWXXX;Powszechna Kasa Oszczędności Bank Polski Spółka Akcyjna;00-116;Warszawa;
102;0002;BPKOPLPWXXX;Powszechna Kasa Oszczędności Bank Polski Spółka Akcyjna;01-919;Warszawa;
102;0003;BPKOPLPWXXX;Powszechna Kasa Oszczędności Bank Polski Spółka Akcyjna;00-116;Warszawa;
102;0004;BPKOPLPWXXX;Powszechna Kasa Oszczędności Bank Polski Spółka Akcyjna;00-116;Warszawa;
102;0005;BPKOPLPWXXX;Powszechna Kasa Oszczędności Bank Polski Spółka Akcyjna;00-116;Warszawa;
102;0006;BPKOPLPWXXX;Powszechna Kasa Oszczędności Bank Polski Spółka Akcyjna;00-116;Warszawa;
102;0007;BPKOPLPWXXX;Powszechna Kasa Oszczędności Bank Polski Spółka Akcyjna;00-116;Warszawa;
102;0011;BPKOPLPWXXX;Powszechna Kasa Oszczędności Bank Polski Spółka Akcyjna;85-097;Bydgoszcz;
102;0012;BPKOPLPWXXX;Powszechna Kasa Oszczędności Bank Polski Spółka Akcyjna;83-300;Kartuzy;
102;0013;BPKOPLPWXXX;Powszechna Kasa Oszczędności Bank Polski Spółka Akcyjna;30-065;Krzeszowice;
102;0014;BPKOPLPWXXX;Powszechna Kasa Oszczędności Bank Polski Spółka Akcyjna;05-092;Łomianki;
102;0015;BPKOPLPWXXX;Powszechna Kasa Oszczędności Bank Polski Spółka Akcyjna;42-200;Częstochowa;
102;0016;BPKOPLPWXXX;Powszechna Kasa Oszczędności Bank Polski Spółka Akcyjna;41-200;Sosnowiec;
102;0017;BPKOPLPWXXX;Powszechna Kasa Oszczędności Bank Polski Spółka Akcyjna;20-538;Lublin;
102;0018;BPKOPLPWXXX;Powszechna Kasa Oszczędności Bank Polski Spółka Akcyjna;91-205;Łódź;
102;0019;BPKOPLPWXXX;Powszechna Kasa Oszczędności Bank Polski Spółka Akcyjna;10-427;Olsztyn;
102;0020;BPKOPLPWXXX;Powszechna Kasa Oszczędności Bank Polski Spółka Akcyjna;60-682;Poznań;
102;0021;BPKOPLPWXXX;Powszechna Kasa Oszczędności Bank Polski Spółka Akcyjna;35-068;Rzeszów;
102;0022;BPKOPLPWXXX;Powszechna Kasa Oszczędności Bank Polski Spółka Akcyjna;70-783;Szczecin;
102;0023;BPKOPLPWXXX;Powszechna Kasa Oszczędności Bank Polski Spółka Akcyjna;53-333;Wrocław;
102;0024;BPKOPLPWXXX;Powszechna Kasa Oszczędności Bank Polski Spółka Akcyjna;65-807;Zielona Góra;
102;0025;BPKOPLPWXXX;Powszechna Kasa Oszczędności Bank Polski Spółka Akcyjna;15-057;Białystok;
102;0026;BPKOPLPWXXX;Powszechna Kasa Oszczędności Bank Polski Spółka Akcyjna;02-515;Warszawa;
102;0027;BPKOPLPWXXX;Powszechna Kasa Oszczędności Bank Polski Spółka Akcyjna;81-109;Bratislava;
102;0101;BPKOPLPWXXX;Powszechna Kasa Oszczędności Bank Polski Spółka Akcyjna;00-944;Warszawa;
102;0102;BPKOPLPWXXX;Powszechna Kasa Oszczędności Bank Polski Spółka Akcyjna;01-551;Warszawa;
102;0104;BPKOPLPWXXX;Powszechna Kasa Oszczędności Bank Polski Spółka Akcyjna;03-733;Warszawa;
102;0105;BPKOPLPWXXX;Powszechna Kasa Oszczędności Bank Polski Spółka Akcyjna;02-021;Warszawa;
102;0106;BPKOPLPWXXX;Powszechna Kasa Oszczędności Bank Polski Spółka Akcyjna;02-515;Warszawa;
102;0109;BPKOPLPWXXX;Powszechna Kasa Oszczędności Bank Polski Spółka Akcyjna;00-026;Warszawa;
102;0112;BPKOPLPWXXX;Powszechna Kasa Oszczędności Bank Polski Spółka Akcyjna;04-502;Warszawa;
102;0115;BPKOPLPWXXX;Powszechna Kasa Oszczędności Bank Polski Spółka Akcyjna;00-412;Warszawa;
102;0116;BPKOPLPWXXX;Powszechna Kasa Oszczędności Bank Polski Spółka Akcyjna;02-739;Warszawa;
102;0118;BPKOPLPWXXX;Powszechna Kasa Oszczędności Bank Polski Spółka Akcyjna;01-230;Warszawa;
102;0126;BPKOPLPWXXX;Powszechna Kasa Oszczędności Bank Polski Spółka Akcyjna;21-500;Biała Podlaska;
102;0133;BPKOPLPWXXX;Powszechna Kasa Oszczędności Bank Polski Spółka Akcyjna;15-426;Białystok;
102;0139;BPKOPLPWXXX;Powszechna Kasa Oszczędności Bank Polski Spółka Akcyjna;43-300;Bielsko-Biała;
102;0143;BPKOPLPWXXX;Powszechna Kasa Oszczędności Bank Polski Spółka Akcyjna;34-100;Wadowice;
102;0146;BPKOPLPWXXX;Powszechna Kasa Oszczędności Bank Polski Spółka Akcyjna;85-005;Bydgoszcz;
102;0147;BPKOPLPWXXX;Powszechna Kasa Oszczędności Bank Polski Spółka Akcyjna;85-068;Bydgoszcz;
102;0149;BPKOPLPWXXX;Powszechna Kasa Oszczędności Bank Polski Spółka Akcyjna;89-600;Chojnice;
102;0150;BPKOPLPWXXX;Powszechna Kasa Oszczędności Bank Polski Spółka Akcyjna;88-100;Inowrocław;
102;0156;BPKOPLPWXXX;Powszechna Kasa Oszczędności Bank Polski Spółka Akcyjna;22-100;Chełm;
102;0159;BPKOPLPWXXX;Powszechna Kasa Oszczędności Bank Polski Spółka Akcyjna;06-400;Ciechanów;
102;0166;BPKOPLPWXXX;Powszechna Kasa Oszczędności Bank Polski Spółka Akcyjna;42-200;Częstochowa;
102;0175;BPKOPLPWXXX;Powszechna Kasa Oszczędności Bank Polski Spółka Akcyjna;82-300;Elbląg;
102;0177;BPKOPLPWXXX;Powszechna Kasa Oszczędności Bank Polski Spółka Akcyjna;82-500;Kwidzyn;
102;0181;BPKOPLPWXXX;Powszechna Kasa Oszczędności Bank Polski Spółka Akcyjna;80-244;Gdańsk;
102;0185;BPKOPLPWXXX;Powszechna Kasa Oszczędności Bank Polski Spółka Akcyjna;81-342;Gdynia;
102;0186;BPKOPLPWXXX;Powszechna Kasa Oszczędności Bank Polski Spółka Akcyjna;83-300;Kartuzy;
102;0187;BPKOPLPWXXX;Powszechna Kasa Oszczędności Bank Polski Spółka Akcyjna;83-400;Kościerzyna;
102;0190;BPKOPLPWXXX;Powszechna Kasa Oszczędności Bank Polski Spółka Akcyjna;83-110;Tczew;
102;0191;BPKOPLPWXXX;Powszechna Kasa Oszczędności Bank Polski Spółka Akcyjna;84-200;Wejherowo;
102;0195;BPKOPLPWXXX;Powszechna Kasa Oszczędności Bank Polski Spółka Akcyjna;66-400;Gorzów Wielkopolski;
102;0196;BPKOPLPWXXX;Powszechna Kasa Oszczędności Bank Polski Spółka Akcyjna;66-400;Gorzów Wielkopolski;
102;0203;BPKOPLPWXXX;Powszechna Kasa Oszczędności Bank Polski Spółka Akcyjna;69-200;Sulęcin;
102;0212;BPKOPLPWXXX;Powszechna Kasa Oszczędności Bank Polski Spółka Akcyjna;58-506;Jelenia Góra;
102;0213;BPKOPLPWXXX;Powszechna Kasa Oszczędności Bank Polski Spółka Akcyjna;59-700;Bolesławiec;
102;0221;BPKOPLPWXXX;Powszechna Kasa Oszczędności Bank Polski Spółka Akcyjna;62-800;Kalisz;
102;0224;BPKOPLPWXXX;Powszechna Kasa Oszczędności Bank Polski Spółka Akcyjna;63-600;Kępno;
102;0226;BPKOPLPWXXX;Powszechna Kasa Oszczędności Bank Polski Spółka Akcyjna;63-400;Ostrów Wielkopolski;
102;0231;BPKOPLPWXXX;Powszechna Kasa Oszczędności Bank Polski Spółka Akcyjna;40-022;Katowice;
102;0236;BPKOPLPWXXX;Powszechna Kasa Oszczędności Bank Polski Spółka Akcyjna;41-902;Bytom;
102;0238;BPKOPLPWXXX;Powszechna Kasa Oszczędności Bank Polski Spółka Akcyjna;32-500;Chrzanów;
102;0240;BPKOPLPWXXX;Powszechna Kasa Oszczędności Bank Polski Spółka Akcyjna;44-100;Gliwice;
102;0243;BPKOPLPWXXX;Powszechna Kasa Oszczędności Bank Polski Spółka Akcyjna;32-300;Olkusz;
102;0247;BPKOPLPWXXX;Powszechna Kasa Oszczędności Bank Polski Spółka Akcyjna;44-200;Rybnik;
102;0249;BPKOPLPWXXX;Powszechna Kasa Oszczędności Bank Polski Spółka Akcyjna;41-200;Sosnowiec;
102;0252;BPKOPLPWXXX;Powszechna Kasa Oszczędności Bank Polski Spółka Akcyjna;43-100;Tychy;
102;0262;BPKOPLPWXXX;Powszechna Kasa Oszczędności Bank Polski Spółka Akcyjna;25-005;Kielce;
102;0264;BPKOPLPWXXX;Powszechna Kasa Oszczędności Bank Polski Spółka Akcyjna;28-100;Busko-Zdrój;
102;0267;BPKOPLPWXXX;Powszechna Kasa Oszczędności Bank Polski Spółka Akcyjna;27-400;Ostrowiec Świętokrzyski;
102;0273;BPKOPLPWXXX;Powszechna Kasa Oszczędności Bank Polski Spółka Akcyjna;28-300;Jędrzejów;
102;0274;BPKOPLPWXXX;Powszechna Kasa Oszczędności Bank Polski Spółka Akcyjna;62-510;Konin;
102;0276;BPKOPLPWXXX;Powszechna Kasa Oszczędności Bank Polski Spółka Akcyjna;62-600;Koło;
102;0279;BPKOPLPWXXX;Powszechna Kasa Oszczędności Bank Polski Spółka Akcyjna;75-054;Koszalin;
102;0282;BPKOPLPWXXX;Powszechna Kasa Oszczędności Bank Polski Spółka Akcyjna;78-100;Kołobrzeg;
102;0284;BPKOPLPWXXX;Powszechna Kasa Oszczędności Bank Polski Spółka Akcyjna;78-500;Drawsko Pomorskie;
102;0289;BPKOPLPWXXX;Powszechna Kasa Oszczędności Bank Polski Spółka Akcyjna;31-503;Kraków;
102;0290;BPKOPLPWXXX;Powszechna Kasa Oszczędności Bank Polski Spółka Akcyjna;31-858;Kraków;
102;0296;BPKOPLPWXXX;Powszechna Kasa Oszczędności Bank Polski Spółka Akcyjna;38-400;Krosno;
102;0298;BPKOPLPWXXX;Powszechna Kasa Oszczędności Bank Polski Spółka Akcyjna;38-500;Sanok;
102;0301;BPKOPLPWXXX;Powszechna Kasa Oszczędności Bank Polski Spółka Akcyjna;59-220;Legnica;
102;0308;BPKOPLPWXXX;Powszechna Kasa Oszczędności Bank Polski Spółka Akcyjna;64-100;Leszno;
102;0312;BPKOPLPWXXX;Powszechna Kasa Oszczędności Bank Polski Spółka Akcyjna;63-800;Gostyń;
102;0314;BPKOPLPWXXX;Powszechna Kasa Oszczędności Bank Polski Spółka Akcyjna;20-002;Lublin;
102;0315;BPKOPLPWXXX;Powszechna Kasa Oszczędności Bank Polski Spółka Akcyjna;20-027;Lublin;
102;0317;BPKOPLPWXXX;Powszechna Kasa Oszczędności Bank Polski Spółka Akcyjna;20-601;Lublin;
102;0320;BPKOPLPWXXX;Powszechna Kasa Oszczędności Bank Polski Spółka Akcyjna;21-100;Lubartów;
102;0321;BPKOPLPWXXX;Powszechna Kasa Oszczędności Bank Polski Spółka Akcyjna;24-100;Puławy;
102;0323;BPKOPLPWXXX;Powszechna Kasa Oszczędności Bank Polski Spółka Akcyjna;24-300;Opole Lubelskie;
102;0335;BPKOPLPWXXX;Powszechna Kasa Oszczędności Bank Polski Spółka Akcyjna;90-440;Łódź;
102;0337;BPKOPLPWXXX;Powszechna Kasa Oszczędności Bank Polski Spółka Akcyjna;92-332;Łódź;
102;0340;BPKOPLPWXXX;Powszechna Kasa Oszczędności Bank Polski Spółka Akcyjna;91-205;Łódź;
102;0343;BPKOPLPWXXX;Powszechna Kasa Oszczędności Bank Polski Spółka Akcyjna;95-200;Pabianice;
102;0344;BPKOPLPWXXX;Powszechna Kasa Oszczędności Bank Polski Spółka Akcyjna;95-100;Zgierz;
102;0345;BPKOPLPWXXX;Powszechna Kasa Oszczędności Bank Polski Spółka Akcyjna;33-300;Nowy Sącz;
102;0346;BPKOPLPWXXX;Powszechna Kasa Oszczędności Bank Polski Spółka Akcyjna;34-400;Nowy Targ;
102;0354;BPKOPLPWXXX;Powszechna Kasa Oszczędności Bank Polski Spółka Akcyjna;10-540;Olsztyn;
102;0357;BPKOPLPWXXX;Powszechna Kasa Oszczędności Bank Polski Spółka Akcyjna;11-200;Bartoszyce;
102;0358;BPKOPLPWXXX;Powszechna Kasa Oszczędności Bank Polski Spółka Akcyjna;14-200;Iława;
102;0361;BPKOPLPWXXX;Powszechna Kasa Oszczędności Bank Polski Spółka Akcyjna;14-100;Ostróda;
102;0363;BPKOPLPWXXX;Powszechna Kasa Oszczędności Bank Polski Spółka Akcyjna;11-700;Mrągowo;
102;0366;BPKOPLPWXXX;Powszechna Kasa Oszczędności Bank Polski Spółka Akcyjna;45-072;Opole;
102;0371;BPKOPLPWXXX;Powszechna Kasa Oszczędności Bank Polski Spółka Akcyjna;47-220;Kędzierzyn-Koźle;
102;0380;BPKOPLPWXXX;Powszechna Kasa Oszczędności Bank Polski Spółka Akcyjna;07-400;Ostrołęka;
102;0384;BPKOPLPWXXX;Powszechna Kasa Oszczędności Bank Polski Spółka Akcyjna;64-920;Piła;
102;0390;BPKOPLPWXXX;Powszechna Kasa Oszczędności Bank Polski Spółka Akcyjna;62-100;Wągrowiec;
102;0391;BPKOPLPWXXX;Powszechna Kasa Oszczędności Bank Polski Spółka Akcyjna;97-300;Piotrków Trybunalski;
102;0395;BPKOPLPWXXX;Powszechna Kasa Oszczędności Bank Polski Spółka Akcyjna;97-400;Bełchatów;
102;0397;BPKOPLPWXXX;Powszechna Kasa Oszczędności Bank Polski Spółka Akcyjna;09-402;Płock;
102;0402;BPKOPLPWXXX;Powszechna Kasa Oszczędności Bank Polski Spółka Akcyjna;61-827;Poznań;
102;0411;BPKOPLPWXXX;Powszechna Kasa Oszczędności Bank Polski Spółka Akcyjna;62-200;Gniezno;
102;0412;BPKOPLPWXXX;Powszechna Kasa Oszczędności Bank Polski Spółka Akcyjna;64-500;Szamotuły;
102;0414;BPKOPLPWXXX;Powszechna Kasa Oszczędności Bank Polski Spółka Akcyjna;64-300;Nowy Tomyśl;
102;0416;BPKOPLPWXXX;Powszechna Kasa Oszczędności Bank Polski Spółka Akcyjna;63-100;Śrem;
102;0427;BPKOPLPWXXX;Powszechna Kasa Oszczędności Bank Polski Spółka Akcyjna;37-700;Przemyśl;
102;0428;BPKOPLPWXXX;Powszechna Kasa Oszczędności Bank Polski Spółka Akcyjna;37-500;Jarosław;
102;0431;BPKOPLPWXXX;Powszechna Kasa Oszczędności Bank Polski Spółka Akcyjna;26-609;Radom;
102;0439;BPKOPLPWXXX;Powszechna Kasa Oszczędności Bank Polski Spółka Akcyjna;35-030;Rzeszów;
102;0440;BPKOPLPWXXX;Powszechna Kasa Oszczędności Bank Polski Spółka Akcyjna;35-068;Rzeszów;
102;0447;BPKOPLPWXXX;Powszechna Kasa Oszczędności Bank Polski Spółka Akcyjna;08-110;Siedlce;
102;0456;BPKOPLPWXXX;Powszechna Kasa Oszczędności Bank Polski Spółka Akcyjna;98-300;Wieluń;
102;0458;BPKOPLPWXXX;Powszechna Kasa Oszczędności Bank Polski Spółka Akcyjna;96-100;Skierniewice;
102;0464;BPKOPLPWXXX;Powszechna Kasa Oszczędności Bank Polski Spółka Akcyjna;76-200;Słupsk;
102;0466;BPKOPLPWXXX;Powszechna Kasa Oszczędności Bank Polski Spółka Akcyjna;77-300;Człuchów;
102;0468;BPKOPLPWXXX;Powszechna Kasa Oszczędności Bank Polski Spółka Akcyjna;76-100;Sławno;
102;0470;BPKOPLPWXXX;Powszechna Kasa Oszczędności Bank Polski Spółka Akcyjna;77-100;Bytów;
102;0472;BPKOPLPWXXX;Powszechna Kasa Oszczędności Bank Polski Spółka Akcyjna;19-300;Ełk;
102;0475;BPKOPLPWXXX;Powszechna Kasa Oszczędności Bank Polski Spółka Akcyjna;12-200;Pisz;
102;0479;BPKOPLPWXXX;Powszechna Kasa Oszczędności Bank Polski Spółka Akcyjna;70-404;Szczecin;
102;0481;BPKOPLPWXXX;Powszechna Kasa Oszczędności Bank Polski Spółka Akcyjna;70-783;Szczecin;
102;0486;BPKOPLPWXXX;Powszechna Kasa Oszczędności Bank Polski Spółka Akcyjna;73-110;Stargard Szczeciński;
102;0487;BPKOPLPWXXX;Powszechna Kasa Oszczędności Bank Polski Spółka Akcyjna;72-600;Świnoujście;
102;0490;BPKOPLPWXXX;Powszechna Kasa Oszczędności Bank Polski Spółka Akcyjna;00-872;Warszawa;
102;0491;BPKOPLPWXXX;Powszechna Kasa Oszczędności Bank Polski Spółka Akcyjna;39-400;Tarnobrzeg;
102;0492;BPKOPLPWXXX;Powszechna Kasa Oszczędności Bank Polski Spółka Akcyjna;27-600;Sandomierz;
102;0493;BPKOPLPWXXX;Powszechna Kasa Oszczędności Bank Polski Spółka Akcyjna;37-450;Stalowa Wola;
102;0495;BPKOPLPWXXX;Powszechna Kasa Oszczędności Bank Polski Spółka Akcyjna;33-100;Tarnów;
102;0498;BPKOPLPWXXX;Powszechna Kasa Oszczędności Bank Polski Spółka Akcyjna;32-800;Brzesko;
102;0501;BPKOPLPWXXX;Powszechna Kasa Oszczędności Bank Polski Spółka Akcyjna;87-100;Toruń;
102;0502;BPKOPLPWXXX;Powszechna Kasa Oszczędności Bank Polski Spółka Akcyjna;87-300;Brodnica;
102;0504;BPKOPLPWXXX;Powszechna Kasa Oszczędności Bank Polski Spółka Akcyjna;86-300;Grudziądz;
102;0509;BPKOPLPWXXX;Powszechna Kasa Oszczędności Bank Polski Spółka Akcyjna;58-300;Wałbrzych;
102;0511;BPKOPLPWXXX;Powszechna Kasa Oszczędności Bank Polski Spółka Akcyjna;57-300;Kłodzko;
102;0513;BPKOPLPWXXX;Powszechna Kasa Oszczędności Bank Polski Spółka Akcyjna;58-100;Świdnica;
102;0517;BPKOPLPWXXX;Powszechna Kasa Oszczędności Bank Polski Spółka Akcyjna;87-800;Włocławek;
102;0520;BPKOPLPWXXX;Powszechna Kasa Oszczędności Bank Polski Spółka Akcyjna;87-720;Ciechocinek;
102;0522;BPKOPLPWXXX;Powszechna Kasa Oszczędności Bank Polski Spółka Akcyjna;50-082;Wrocław;
102;0524;BPKOPLPWXXX;Powszechna Kasa Oszczędności Bank Polski Spółka Akcyjna;50-019;Wrocław;
102;0529;BPKOPLPWXXX;Powszechna Kasa Oszczędności Bank Polski Spółka Akcyjna;56-400;Oleśnica;
102;0535;BPKOPLPWXXX;Powszechna Kasa Oszczędności Bank Polski Spółka Akcyjna;22-400;Zamość;
102;0538;BPKOPLPWXXX;Powszechna Kasa Oszczędności Bank Polski Spółka Akcyjna;23-400;Biłgoraj;
102;0540;BPKOPLPWXXX;Powszechna Kasa Oszczędności Bank Polski Spółka Akcyjna;65-066;Zielona Góra;
102;0546;BPKOPLPWXXX;Powszechna Kasa Oszczędności Bank Polski Spółka Akcyjna;68-200;Żary;
102;0555;BPKOPLPWXXX;Powszechna Kasa Oszczędności Bank Polski Spółka Akcyjna;00-116;Warszawa;
102;0556;BPKOPLPWXXX;Powszechna Kasa Oszczędności Bank Polski Spółka Akcyjna;00-585;Warszawa;
102;0557;BPKOPLPWXXX;Powszechna Kasa Oszczędności Bank Polski Spółka Akcyjna;00-116;Warszawa;
102;0558;BPKOPLPWXXX;Powszechna Kasa Oszczędności Bank Polski Spółka Akcyjna;00-116;Warszawa;
102;0559;BPKOPLPWXXX;Powszechna Kasa Oszczędności Bank Polski Spółka Akcyjna;00-116;Warszawa;
102;0560;BPKOPLPWXXX;Powszechna Kasa Oszczędności Bank Polski Spółka Akcyjna;00-116;Warszawa;
102;0561;BPKOPLPWXXX;Powszechna Kasa Oszczędności Bank Polski Spółka Akcyjna;02-515;Warszawa;
102;0562;BPKOPLPWXXX;Powszechna Kasa Oszczędności Bank Polski Spółka Akcyjna;02-515;Warszawa;
102;0563;BPKOPLPWXXX;Powszechna Kasa Oszczędności Bank Polski Spółka Akcyjna;00-116;Warszawa;
102;0565;BPKOPLPWXXX;Powszechna Kasa Oszczędności Bank Polski Spółka Akcyjna;60-311;Frankfurt am Main;
102;0566;BPKOPLPWXXX;Powszechna Kasa Oszczędności Bank Polski Spółka Akcyjna;11-000;Praha 1;
144;0000;BPKOPLPWXXX;Powszechna Kasa Oszczędności Bank Polski Spółka Akcyjna;81-303;Gdynia;
144;0101;BPKOPLPWXXX;Powszechna Kasa Oszczędności Bank Polski Spółka Akcyjna;83-330;Żukowo;
144;0102;BPKOPLPWXXX;Powszechna Kasa Oszczędności Bank Polski Spółka Akcyjna;81-395;Gdynia;
144;0103;BPKOPLPWXXX;Powszechna Kasa Oszczędności Bank Polski Spółka Akcyjna;00-872;Warszawa;
144;0104;BPKOPLPWXXX;Powszechna Kasa Oszczędności Bank Polski Spółka Akcyjna;70-766;Szczecin;
144;0105;BPKOPLPWXXX;Powszechna Kasa Oszczędności Bank Polski Spółka Akcyjna;84-230;Rumia;
144;0106;BPKOPLPWXXX;Powszechna Kasa Oszczędności Bank Polski Spółka Akcyjna;00-872;Warszawa;
144;0107;BPKOPLPWXXX;Powszechna Kasa Oszczędności Bank Polski Spółka Akcyjna;00-872;Warszawa;
144;0108;BPKOPLPWXXX;Powszechna Kasa Oszczędności Bank Polski Spółka Akcyjna;00-872;Warszawa;
144;0109;BPKOPLPWXXX;Powszechna Kasa Oszczędności Bank Polski Spółka Akcyjna;80-890;Gdańsk;
144;0110;BPKOPLPWXXX;Powszechna Kasa Oszczędności Bank Polski Spółka Akcyjna;00-872;Warszawa;
144;0112;BPKOPLPWXXX;Powszechna Kasa Oszczędności Bank Polski Spółka Akcyjna;31-146;Kraków;
144;0113;BPKOPLPWXXX;Powszechna Kasa Oszczędności Bank Polski Spółka Akcyjna;00-872;Warszawa;
144;0114;BPKOPLPWXXX;Powszechna Kasa Oszczędności Bank Polski Spółka Akcyjna;00-872;Warszawa;
144;0115;BPKOPLPWXXX;Powszechna Kasa Oszczędności Bank Polski Spółka Akcyjna;00-872;Warszawa;
144;0116;BPKOPLPWXXX;Powszechna Kasa Oszczędności Bank Polski Spółka Akcyjna;80-890;Gdańsk;
144;0117;BPKOPLPWXXX;Powszechna Kasa Oszczędności Bank Polski Spółka Akcyjna;40-098;Katowice;
144;0118;BPKOPLPWXXX;Powszechna Kasa Oszczędności Bank Polski Spółka Akcyjna;02-515;Warszawa;
144;0119;BPKOPLPWXXX;Powszechna Kasa Oszczędności Bank Polski Spółka Akcyjna;83-110;Tczew;
144;0120;BPKOPLPWXXX;Powszechna Kasa Oszczędności Bank Polski Spółka Akcyjna;83-330;Żukowo;
144;0121;BPKOPLPWXXX;Powszechna Kasa Oszczędności Bank Polski Spółka Akcyjna;85-433;Bydgoszcz;
144;0122;BPKOPLPWXXX;Powszechna Kasa Oszczędności Bank Polski Spółka Akcyjna;10-061;Olsztyn;
144;0123;BPKOPLPWXXX;Powszechna Kasa Oszczędności Bank Polski Spółka Akcyjna;94-048;Łódź;
144;0124;BPKOPLPWXXX;Powszechna Kasa Oszczędności Bank Polski Spółka Akcyjna;95-200;Pabianice;
144;0125;BPKOPLPWXXX;Powszechna Kasa Oszczędności Bank Polski Spółka Akcyjna;00-872;Warszawa;
144;0126;BPKOPLPWXXX;Powszechna Kasa Oszczędności Bank Polski Spółka Akcyjna;93-172;Łódź;
144;0127;BPKOPLPWXXX;Powszechna Kasa Oszczędności Bank Polski Spółka Akcyjna;20-002;Lublin;
144;0128;BPKOPLPWXXX;Powszechna Kasa Oszczędności Bank Polski Spółka Akcyjna;61-725;Poznań;
144;0129;BPKOPLPWXXX;Powszechna Kasa Oszczędności Bank Polski Spółka Akcyjna;00-854;Warszawa;
144;0133;BPKOPLPWXXX;Powszechna Kasa Oszczędności Bank Polski Spółka Akcyjna;00-872;Warszawa;
144;0134;BPKOPLPWXXX;Powszechna Kasa Oszczędności Bank Polski Spółka Akcyjna;80-890;Gdańsk;
144;0135;BPKOPLPWXXX;Powszechna Kasa Oszczędności Bank Polski Spółka Akcyjna;00-872;Warszawa;
144;0136;BPKOPLPWXXX;Powszechna Kasa Oszczędności Bank Polski Spółka Akcyjna;00-854;Warszawa;
144;0138;BPKOPLPWXXX;Powszechna Kasa Oszczędności Bank Polski Spółka Akcyjna;00-872;Warszawa;
144;0139;BPKOPLPWXXX;Powszechna Kasa Oszczędności Bank Polski Spółka Akcyjna;00-872;Warszawa;
103;0000;CITIPLPXXXX;Bank Handlowy w Warszawie Spółka Akcyjna;00-923;Warszawa;
103;0003;;Bank Handlowy w Warszawie Spółka Akcyjna;10-602;Olsztyn;
103;0101;CITIPLPXXXX;Bank Handlowy w Warszawie Spółka Akcyjna;00-950;Warszawa;
103;0102;CITIPLPXXXX;Bank Handlowy w Warszawie Spółka Akcyjna;00-923;Warszawa;
103;0103;CITIPLPXXXX;Bank Handlowy w Warszawie Spółka Akcyjna;00-923;Warszawa;
103;0104;CITIPLPXXXX;Bank Handlowy w Warszawie Spółka Akcyjna;00-923;Warszawa;
103;0105;CITIPLPXXXX;Bank Handlowy w Warszawie Spółka Akcyjna;00-923;Warszawa;
103;0106;CITIPLPXXXX;Bank Handlowy w Warszawie Spółka Akcyjna;00-067;Warszawa;
103;0107;CITIPLPXXXX;Bank Handlowy w Warszawie Spółka Akcyjna;00-923;Warszawa;
103;0108;CITIPLPXXXX;Bank Handlowy w Warszawie Spółka Akcyjna;00-923;Warszawa;
103;0109;CITIPLPXXXX;Bank Handlowy w Warszawie Spółka Akcyjna;85-950;Bydgoszcz;
103;0110;CITIPLPXXXX;Bank Handlowy w Warszawie Spółka Akcyjna;00-923;Warszawa;
103;0111;CITIPLPXXXX;Bank Handlowy w Warszawie Spółka Akcyjna;10-602;Olsztyn;
103;0112;CITIPLPXXXX;Bank Handlowy w Warszawie Spółka Akcyjna;00-923;Warszawa;
103;0113;CITIPLPXXXX;Bank Handlowy w Warszawie Spółka Akcyjna;00-923;Warszawa;
103;0114;CITIPLPXXXX;Bank Handlowy w Warszawie Spółka Akcyjna;00-923;Warszawa;
103;0115;CITIPLPXXXX;Bank Handlowy w Warszawie Spółka Akcyjna;40-086;Katowice;
103;0116;CITIPLPXXXX;Bank Handlowy w Warszawie Spółka Akcyjna;10-602;Olsztyn;
103;0117;CITIPLPXXXX;Bank Handlowy w Warszawie Spółka Akcyjna;00-923;Warszawa;
103;0118;CITIPLPXXXX;Bank Handlowy w Warszawie Spółka Akcyjna;00-923;Warszawa;
103;0119;CITIPLPXXXX;Bank Handlowy w Warszawie Spółka Akcyjna;00-923;Warszawa;
103;0120;CITIPLPXXXX;Bank Handlowy w Warszawie Spółka Akcyjna;90-950;Łódź;
103;0121;CITIPLPXXXX;Bank Handlowy w Warszawie Spółka Akcyjna;10-602;Olsztyn;
103;0122;CITIPLPXXXX;Bank Handlowy w Warszawie Spółka Akcyjna;10-602;Olsztyn;
103;0123;CITIPLPXXXX;Bank Handlowy w Warszawie Spółka Akcyjna;10-602;Olsztyn;
103;0124;CITIPLPXXXX;Bank Handlowy w Warszawie Spółka Akcyjna;61-738;Poznań;
103;0125;CITIPLPXXXX;Bank Handlowy w Warszawie Spółka Akcyjna;10-602;Olsztyn;
103;0126;CITIPLPXXXX;Bank Handlowy w Warszawie Spółka Akcyjna;00-923;Warszawa;
103;0127;CITIPLPXXXX;Bank Handlowy w Warszawie Spółka Akcyjna;00-923;Warszawa;
103;0128;CITIPLPXXXX;Bank Handlowy w Warszawie Spółka Akcyjna;00-923;Warszawa;
103;0129;CITIPLPXXXX;Bank Handlowy w Warszawie Spółka Akcyjna;10-602;Olsztyn;
103;0130;CITIPLPXXXX;Bank Handlowy w Warszawie Spółka Akcyjna;04-175;Warszawa;
103;0131;CITIPLPXXXX;Bank Handlowy w Warszawie Spółka Akcyjna;10-602;Olsztyn;
103;0132;CITIPLPXXXX;Bank Handlowy w Warszawie Spółka Akcyjna;10-602;Olsztyn;
103;0133;CITIPLPXXXX;Bank Handlowy w Warszawie Spółka Akcyjna;10-602;Olsztyn;
103;0134;CITIPLPXXXX;Bank Handlowy w Warszawie Spółka Akcyjna;10-602;Olsztyn;
103;0135;CITIPLPXXXX;Bank Handlowy w Warszawie Spółka Akcyjna;10-602;Olsztyn;
103;0136;CITIPLPXXXX;Bank Handlowy w Warszawie Spółka Akcyjna;10-602;Olsztyn;
103;0137;CITIPLPXXXX;Bank Handlowy w Warszawie Spółka Akcyjna;10-602;Olsztyn;
103;0138;CITIPLPXXXX;Bank Handlowy w Warszawie Spółka Akcyjna;10-602;Olsztyn;
103;0139;CITIPLPXXXX;Bank Handlowy w Warszawie Spółka Akcyjna;10-602;Olsztyn;
103;0140;CITIPLPXXXX;Bank Handlowy w Warszawie Spółka Akcyjna;10-602;Olsztyn;
103;0141;CITIPLPXXXX;Bank Handlowy w Warszawie Spółka Akcyjna;10-602;Olsztyn;
103;0142;CITIPLPXXXX;Bank Handlowy w Warszawie Spółka Akcyjna;10-602;Olsztyn;
103;0143;CITIPLPXXXX;Bank Handlowy w Warszawie Spółka Akcyjna;10-602;Olsztyn;
103;0144;CITIPLPXXXX;Bank Handlowy w Warszawie Spółka Akcyjna;10-602;Olsztyn;
103;0145;CITIPLPXXXX;Bank Handlowy w Warszawie Spółka Akcyjna;10-602;Olsztyn;
103;0146;CITIPLPXXXX;Bank Handlowy w Warszawie Spółka Akcyjna;10-602;Olsztyn;
103;0147;CITIPLPXXXX;Bank Handlowy w Warszawie Spółka Akcyjna;10-602;Olsztyn;
103;0148;CITIPLPXXXX;Bank Handlowy w Warszawie Spółka Akcyjna;10-602;Olsztyn;
103;0149;CITIPLPXXXX;Bank Handlowy w Warszawie Spółka Akcyjna;10-602;Olsztyn;
103;0150;CITIPLPXXXX;Bank Handlowy w Warszawie Spółka Akcyjna;10-602;Olsztyn;
103;0151;CITIPLPXXXX;Bank Handlowy w Warszawie Spółka Akcyjna;10-602;Olsztyn;
103;0152;CITIPLPXXXX;Bank Handlowy w Warszawie Spółka Akcyjna;10-602;Olsztyn;
103;0153;CITIPLPXXXX;Bank Handlowy w Warszawie Spółka Akcyjna;10-602;Olsztyn;
103;0154;CITIPLPXXXX;Bank Handlowy w Warszawie Spółka Akcyjna;10-602;Olsztyn;
103;0155;CITIPLPXXXX;Bank Handlowy w Warszawie Spółka Akcyjna;10-602;Olsztyn;
103;0156;CITIPLPXXXX;Bank Handlowy w Warszawie Spółka Akcyjna;10-602;Olsztyn;
103;0157;CITIPLPXXXX;Bank Handlowy w Warszawie Spółka Akcyjna;10-602;Olsztyn;
103;0158;CITIPLPXXXX;Bank Handlowy w Warszawie Spółka Akcyjna;10-602;Olsztyn;
103;0159;CITIPLPXXXX;Bank Handlowy w Warszawie Spółka Akcyjna;10-602;Olsztyn;
103;0160;CITIPLPXXXX;Bank Handlowy w Warszawie Spółka Akcyjna;10-602;Olsztyn;
103;0161;CITIPLPXXXX;Bank Handlowy w Warszawie Spółka Akcyjna;10-602;Olsztyn;
103;0162;CITIPLPXXXX;Bank Handlowy w Warszawie Spółka Akcyjna;10-602;Olsztyn;
103;0163;CITIPLPXXXX;Bank Handlowy w Warszawie Spółka Akcyjna;10-602;Olsztyn;
103;0164;CITIPLPXXXX;Bank Handlowy w Warszawie Spółka Akcyjna;10-602;Olsztyn;
103;0165;CITIPLPXXXX;Bank Handlowy w Warszawie Spółka Akcyjna;10-602;Olsztyn;
103;0166;CITIPLPXXXX;Bank Handlowy w Warszawie Spółka Akcyjna;10-602;Olsztyn;
103;0167;CITIPLPXXXX;Bank Handlowy w Warszawie Spółka Akcyjna;10-602;Olsztyn;
103;0168;CITIPLPXXXX;Bank Handlowy w Warszawie Spółka Akcyjna;10-602;Olsztyn;
103;0169;CITIPLPXXXX;Bank Handlowy w Warszawie Spółka Akcyjna;10-602;Olsztyn;
103;0170;CITIPLPXXXX;Bank Handlowy w Warszawie Spółka Akcyjna;10-602;Olsztyn;
103;0171;CITIPLPXXXX;Bank Handlowy w Warszawie Spółka Akcyjna;10-602;Olsztyn;
103;0172;CITIPLPXXXX;Bank Handlowy w Warszawie Spółka Akcyjna;10-602;Olsztyn;
103;0173;CITIPLPXXXX;Bank Handlowy w Warszawie Spółka Akcyjna;10-602;Olsztyn;
103;0174;CITIPLPXXXX;Bank Handlowy w Warszawie Spółka Akcyjna;10-602;Olsztyn;
103;0175;CITIPLPXXXX;Bank Handlowy w Warszawie Spółka Akcyjna;10-602;Olsztyn;
103;0176;CITIPLPXXXX;Bank Handlowy w Warszawie Spółka Akcyjna;10-602;Olsztyn;
103;0177;CITIPLPXXXX;Bank Handlowy w Warszawie Spółka Akcyjna;10-602;Olsztyn;
103;0181;CITIPLPXXXX;Bank Handlowy w Warszawie Spółka Akcyjna;10-602;Olsztyn;
103;0182;CITIPLPXXXX;Bank Handlowy w Warszawie Spółka Akcyjna;10-602;Olsztyn;
103;0183;CITIPLPXXXX;Bank Handlowy w Warszawie Spółka Akcyjna;10-602;Olsztyn;
103;0184;CITIPLPXXXX;Bank Handlowy w Warszawie Spółka Akcyjna;10-602;Olsztyn;
103;0185;CITIPLPXXXX;Bank Handlowy w Warszawie Spółka Akcyjna;01-260;Warszawa;
103;0186;CITIPLPXXXX;Bank Handlowy w Warszawie Spółka Akcyjna;10-602;Olsztyn;
103;0187;CITIPLPXXXX;Bank Handlowy w Warszawie Spółka Akcyjna;10-602;Olsztyn;
103;0188;CITIPLPXXXX;Bank Handlowy w Warszawie Spółka Akcyjna;10-602;Olsztyn;
103;0189;CITIPLPXXXX;Bank Handlowy w Warszawie Spółka Akcyjna;10-602;Olsztyn;
103;0190;CITIPLPXXXX;Bank Handlowy w Warszawie Spółka Akcyjna;10-602;Olsztyn;
103;0191;CITIPLPXXXX;Bank Handlowy w Warszawie Spółka Akcyjna;10-602;Olsztyn;
103;0192;CITIPLPXXXX;Bank Handlowy w Warszawie Spółka Akcyjna;10-602;Olsztyn;
103;0193;CITIPLPXXXX;Bank Handlowy w Warszawie Spółka Akcyjna;10-602;Olsztyn;
103;0194;CITIPLPXXXX;Bank Handlowy w Warszawie Spółka Akcyjna;10-602;Olsztyn;
103;0195;CITIPLPXXXX;Bank Handlowy w Warszawie Spółka Akcyjna;10-602;Olsztyn;
103;0196;CITIPLPXXXX;Bank Handlowy w Warszawie Spółka Akcyjna;10-602;Olsztyn;
103;0197;CITIPLPXXXX;Bank Handlowy w Warszawie Spółka Akcyjna;10-602;Olsztyn;
103;0198;CITIPLPXXXX;Bank Handlowy w Warszawie Spółka Akcyjna;10-602;Olsztyn;
103;0199;CITIPLPXXXX;Bank Handlowy w Warszawie Spółka Akcyjna;10-602;Olsztyn;
105;0000;INGBPLPWXXX;ING Bank Śląski Spółka Akcyjna;40-086;Katowice;
105;0001;INGBPLPWXXX;ING Bank Śląski Spółka Akcyjna;40-086;Katowice;
105;0002;INGBPLPWXXX;ING Bank Śląski Spółka Akcyjna;40-086;Katowice;
105;0003;INGBPLPWXXX;ING Bank Śląski Spółka Akcyjna;40-086;Katowice;
105;0004;INGBPLPWXXX;ING Bank Śląski Spółka Akcyjna;40-265;Katowice;
105;0005;INGBPLPWXXX;ING Bank Śląski Spółka Akcyjna;02-566;Warszawa;
105;0006;INGBPLPWXXX;ING Bank Śląski Spółka Akcyjna;40-382;Katowice;
105;0007;INGBPLPWXXX;ING Bank Śląski Spółka Akcyjna;40-086;Katowice;
105;0008;INGBPLPWXXX;ING Bank Śląski Spółka Akcyjna;02-566;Warszawa;
105;0009;INGBPLPWXXX;ING Bank Śląski Spółka Akcyjna;40-086;Katowice;
105;0010;INGBPLPWXXX;ING Bank Śląski Spółka Akcyjna;40-265;Katowice;
105;0011;INGBPLPWXXX;ING Bank Śląski Spółka Akcyjna;40-086;Katowice;
105;0012;INGBPLPWXXX;ING Bank Śląski Spółka Akcyjna;40-086;Katowice;
105;0013;INGBPLPWXXX;ING Bank Śląski Spółka Akcyjna;40-086;Katowice;
105;0014;INGBPLPWXXX;ING Bank Śląski Spółka Akcyjna;40-265;Katowice;
105;0015;INGBPLPWXXX;ING Bank Śląski Spółka Akcyjna;40-086;Katowice;
105;0016;INGBPLPWXXX;ING Bank Śląski Spółka Akcyjna;40-086;Katowice;
105;0017;;ING Bank Śląski Spółka Akcyjna;40-101;Katowice;
105;0018;;ING Bank Śląski Spółka Akcyjna;40-101;Katowice;
105;0019;INGBPLPW;ING Bank Śląski Spółka Akcyjna;41-101;Katowice;
105;0020;INGBPLPW;ING Bank Śląski Spółka Akcyjna;40-101;Katowice;
105;0021;INGBPLPW;ING Bank Śląski Spółka Akcyjna;41-101;Katowice;
105;0022;INGBPLPW;ING Bank Śląski Spółka Akcyjna;40-101;Katowice;
105;0023;INGBPLPW;ING Bank Śląski Spółka Akcyjna;40-101;Katowice;
105;0024;INGBPLPW;ING Bank Śląski Spółka Akcyjna;40-101;Katowice;
105;0025;INGBPLPW;ING Bank Śląski Spółka Akcyjna;40-101;Katowice;
105;0026;INGBPLPW;ING Bank Śląski Spółka Akcyjna;40-101;Katowice;
105;0027;INGBPLPW;ING Bank Śląski Spółka Akcyjna;40-101;Katowice;
105;0028;INGBPLPW;ING Bank Śląski Spółka Akcyjna;40-101;Katowice;
105;0029;INGBPLPW;ING Bank Śląski Spółka Akcyjna;40-101;Katowice;
105;0030;INGBPLPW;ING Bank Śląski Spółka Akcyjna;40-101;Katowice;
105;0031;INGBPLPWXXX;ING Bank Śląski Spółka Akcyjna;40-101;Katowice;
105;0032;INGBPLPWXXX;ING Bank Śląski Spółka Akcyjna;40-101;Katowice;
105;0033;INGBPLPWXXX;ING Bank Śląski Spółka Akcyjna;40-101;Katowice;
105;0034;INGBPLPWXXX;ING Bank Śląski Spółka Akcyjna;40-101;Katowice;
105;0035;INGBPLPWXXX;ING Bank Śląski Spółka Akcyjna;41-101;Katowice;
105;0036;INGBPLPWXXX;ING Bank Śląski Spółka Akcyjna;40-101;Katowice;
105;0037;INGBPLPWXXX;ING Bank Śląski Spółka Akcyjna;40-101;Katowice;
105;0038;INGBPLPWXXX;ING Bank Śląski Spółka Akcyjna;40-101;Katowice;
105;0039;INGBPLPWXXX;ING Bank Śląski Spółka Akcyjna;40-101;Katowice;
105;0040;INGBPLPWXXX;ING Bank Śląski Spółka Akcyjna;40-101;Katowice;
105;0041;;ING Bank Śląski Spółka Akcyjna;40-101;Katowice;
105;0042;;ING Bank Śląski Spółka Akcyjna;40-101;Katowice;
105;0043;;ING Bank Śląski Spółka Akcyjna;40-101;Katowice;
105;0044;;ING Bank Śląski Spółka Akcyjna;40-101;Katowice;
105;0045;;ING Bank Śląski Spółka Akcyjna;40-101;Katowice;
105;0046;INGBPLPWXXX;ING Bank Śląski Spółka Akcyjna;40-086;Katowice;
105;0047;INGBPLPWXXX;ING Bank Śląski Spółka Akcyjna;40-086;Katowice;
105;0048;INGBPLPW;ING Bank Śląski Spółka Akcyjna;40-101;Katowice;
105;0049;INGBPLPW;ING Bank Śląski Spółka Akcyjna;40-101;Katowice;
105;0050;INGBPLPW;ING Bank Śląski Spółka Akcyjna;40-101;Katowice;
105;0051;INGBPLPWXXX;ING Bank Śląski Spółka Akcyjna;40-086;Katowice;
105;0052;INGBPLPWXXX;ING Bank Śląski Spółka Akcyjna;40-086;Katowice;
105;0053;INGBPLPWXXX;ING Bank Śląski Spółka Akcyjna;40-086;Katowice;
105;0101;INGBPLPWXXX;ING Bank Śląski Spółka Akcyjna;05-120;Legionowo;
105;0102;INGBPLPWXXX;ING Bank Śląski Spółka Akcyjna;02-903;Warszawa;
105;0103;INGBPLPWXXX;ING Bank Śląski Spółka Akcyjna;00-643;Warszawa;
105;0104;INGBPLPWXXX;ING Bank Śląski Spółka Akcyjna;02-094;Warszawa;
105;0105;INGBPLPWXXX;ING Bank Śląski Spółka Akcyjna;00-762;Warszawa;
105;0107;INGBPLPWXXX;ING Bank Śląski Spółka Akcyjna;43-300;Bielsko-Biała;
105;0108;INGBPLPWXXX;ING Bank Śląski Spółka Akcyjna;43-400;Cieszyn;
105;0109;INGBPLPWXXX;ING Bank Śląski Spółka Akcyjna;43-450;Ustroń;
105;0110;INGBPLPWXXX;ING Bank Śląski Spółka Akcyjna;34-100;Wadowice;
105;0111;INGBPLPWXXX;ING Bank Śląski Spółka Akcyjna;32-650;Kęty;
105;0113;INGBPLPWXXX;ING Bank Śląski Spółka Akcyjna;85-110;Bydgoszcz;
105;0114;INGBPLPWXXX;ING Bank Śląski Spółka Akcyjna;42-200;Częstochowa;
105;0115;INGBPLPWXXX;ING Bank Śląski Spółka Akcyjna;42-700;Lubliniec;
105;0116;INGBPLPWXXX;ING Bank Śląski Spółka Akcyjna;42-300;Myszków;
105;0117;INGBPLPWXXX;ING Bank Śląski Spółka Akcyjna;46-300;Olesno;
105;0120;INGBPLPWXXX;ING Bank Śląski Spółka Akcyjna;63-400;Ostrów Wielkopolski;
105;0121;INGBPLPWXXX;ING Bank Śląski Spółka Akcyjna;40-086;Katowice;
105;0122;INGBPLPWXXX;ING Bank Śląski Spółka Akcyjna;42-500;Będzin;
105;0123;INGBPLPWXXX;ING Bank Śląski Spółka Akcyjna;41-902;Bytom;
105;0124;INGBPLPWXXX;ING Bank Śląski Spółka Akcyjna;41-500;Chorzów;
105;0125;INGBPLPWXXX;ING Bank Śląski Spółka Akcyjna;43-502;Czechowice-Dziedzice;
105;0126;INGBPLPWXXX;ING Bank Śląski Spółka Akcyjna;41-250;Czeladź;
105;0127;INGBPLPWXXX;ING Bank Śląski Spółka Akcyjna;41-300;Dąbrowa Górnicza;
105;0128;INGBPLPWXXX;ING Bank Śląski Spółka Akcyjna;44-100;Gliwice;
105;0129;INGBPLPWXXX;ING Bank Śląski Spółka Akcyjna;44-100;Gliwice;
105;0130;INGBPLPWXXX;ING Bank Śląski Spółka Akcyjna;43-600;Jaworzno;
105;0131;INGBPLPWXXX;ING Bank Śląski Spółka Akcyjna;43-200;Pszczyna;
105;0132;INGBPLPWXXX;ING Bank Śląski Spółka Akcyjna;47-400;Racibórz;
105;0133;INGBPLPWXXX;ING Bank Śląski Spółka Akcyjna;41-709;Ruda Śląska;
105;0134;INGBPLPWXXX;ING Bank Śląski Spółka Akcyjna;44-200;Rybnik;
105;0135;INGBPLPWXXX;ING Bank Śląski Spółka Akcyjna;41-100;Siemianowice Śląskie;
105;0136;INGBPLPWXXX;ING Bank Śląski Spółka Akcyjna;41-200;Sosnowiec;
105;0137;INGBPLPWXXX;ING Bank Śląski Spółka Akcyjna;41-600;Świętochłowice;
105;0138;INGBPLPWXXX;ING Bank Śląski Spółka Akcyjna;42-600;Tarnowskie Góry;
105;0139;INGBPLPWXXX;ING Bank Śląski Spółka Akcyjna;43-100;Tychy;
105;0140;INGBPLPWXXX;ING Bank Śląski Spółka Akcyjna;44-300;Wodzisław Śląski;
105;0141;INGBPLPWXXX;ING Bank Śląski Spółka Akcyjna;25-516;Kielce;
105;0142;INGBPLPWXXX;ING Bank Śląski Spółka Akcyjna;28-400;Pińczów;
105;0143;INGBPLPWXXX;ING Bank Śląski Spółka Akcyjna;27-200;Starachowice;
105;0144;INGBPLPWXXX;ING Bank Śląski Spółka Akcyjna;31-564;Kraków;
105;0145;INGBPLPWXXX;ING Bank Śląski Spółka Akcyjna;38-400;Krosno;
105;0146;INGBPLPWXXX;ING Bank Śląski Spółka Akcyjna;91-071;Łódź;
105;0147;INGBPLPWXXX;ING Bank Śląski Spółka Akcyjna;34-500;Zakopane;
105;0148;INGBPLPWXXX;ING Bank Śląski Spółka Akcyjna;47-300;Krapkowice;
105;0149;INGBPLPWXXX;ING Bank Śląski Spółka Akcyjna;48-300;Nysa;
105;0150;INGBPLPWXXX;ING Bank Śląski Spółka Akcyjna;45-019;Opole;
105;0151;INGBPLPWXXX;ING Bank Śląski Spółka Akcyjna;47-200;Kędzierzyn-Koźle;
105;0152;INGBPLPWXXX;ING Bank Śląski Spółka Akcyjna;66-446;Poznań;
105;0153;INGBPLPWXXX;ING Bank Śląski Spółka Akcyjna;62-080;Tarnowo Podgórne;
105;0154;INGBPLPWXXX;ING Bank Śląski Spółka Akcyjna;37-700;Przemyśl;
105;0155;INGBPLPWXXX;ING Bank Śląski Spółka Akcyjna;70-200;Szczecin;
105;0156;INGBPLPWXXX;ING Bank Śląski Spółka Akcyjna;33-100;Tarnów;
105;0157;INGBPLPWXXX;ING Bank Śląski Spółka Akcyjna;50-121;Wrocław;
105;0158;INGBPLPWXXX;ING Bank Śląski Spółka Akcyjna;41-800;Zabrze;
105;0159;INGBPLPWXXX;ING Bank Śląski Spółka Akcyjna;42-400;Zawiercie;
105;0160;INGBPLPWXXX;ING Bank Śląski Spółka Akcyjna;44-335;Jastrzębie-Zdrój;
105;0161;INGBPLPWXXX;ING Bank Śląski Spółka Akcyjna;32-300;Olkusz;
105;0162;INGBPLPWXXX;ING Bank Śląski Spółka Akcyjna;41-940;Piekary Śląskie;
105;0163;INGBPLPWXXX;ING Bank Śląski Spółka Akcyjna;43-190;Mikołów;
105;0167;INGBPLPWXXX;ING Bank Śląski Spółka Akcyjna;44-240;Żory;
105;0172;INGBPLPWXXX;ING Bank Śląski Spółka Akcyjna;33-300;Nowy Sącz;
105;0173;INGBPLPWXXX;ING Bank Śląski Spółka Akcyjna;62-510;Konin;
105;0174;INGBPLPWXXX;ING Bank Śląski Spółka Akcyjna;59-220;Legnica;
105;0175;INGBPLPWXXX;ING Bank Śląski Spółka Akcyjna;58-500;Jelenia Góra;
105;0176;INGBPLPWXXX;ING Bank Śląski Spółka Akcyjna;80-241;Gdańsk;
105;0177;INGBPLPWXXX;ING Bank Śląski Spółka Akcyjna;05-660;Warka;
105;0179;INGBPLPWXXX;ING Bank Śląski Spółka Akcyjna;26-610;Radom;
105;0180;INGBPLPWXXX;ING Bank Śląski Spółka Akcyjna;10-416;Olsztyn;
105;0181;INGBPLPWXXX;ING Bank Śląski Spółka Akcyjna;28-500;Kazimierza Wielka;
105;0182;INGBPLPWXXX;ING Bank Śląski Spółka Akcyjna;15-085;Białystok;
105;0183;INGBPLPWXXX;ING Bank Śląski Spółka Akcyjna;39-200;Dębica;
105;0184;INGBPLPWXXX;ING Bank Śląski Spółka Akcyjna;33-380;Krynica-Zdrój;
105;0185;INGBPLPWXXX;ING Bank Śląski Spółka Akcyjna;62-300;Września;
105;0188;INGBPLPWXXX;ING Bank Śląski Spółka Akcyjna;46-100;Namysłów;
105;0189;INGBPLPWXXX;ING Bank Śląski Spółka Akcyjna;08-110;Siedlce;
105;0190;INGBPLPWXXX;ING Bank Śląski Spółka Akcyjna;58-300;Wałbrzych;
105;0191;INGBPLPWXXX;ING Bank Śląski Spółka Akcyjna;65-034;Zielona Góra;
105;0192;INGBPLPWXXX;ING Bank Śląski Spółka Akcyjna;05-800;Pruszków;
105;0193;INGBPLPWXXX;ING Bank Śląski Spółka Akcyjna;97-400;Bełchatów;
105;0194;INGBPLPWXXX;ING Bank Śląski Spółka Akcyjna;82-300;Elbląg;
105;0195;INGBPLPWXXX;ING Bank Śląski Spółka Akcyjna;20-601;Lublin;
105;0196;INGBPLPWXXX;ING Bank Śląski Spółka Akcyjna;09-400;Płock;
105;0197;INGBPLPWXXX;ING Bank Śląski Spółka Akcyjna;87-100;Toruń;
106;0000;BPHKPLPKXXX;Bank BPH Spółka Akcyjna;80-280;Gdańsk;
109;0000;WBKPPLPPXXX;Erste Bank Polska Spółka Akcyjna;00-844;Warszawa;
109;0002;WBKPPLPPXXX;Erste Bank Polska Spółka Akcyjna;60-198;Poznań;
109;0003;;Erste Bank Polska Spółka Akcyjna;62-270;Kłecko;
109;0004;WBKPPLPPXXX;Erste Bank Polska Spółka Akcyjna;53-611;Wrocław;
109;0005;;Erste Bank Polska Spółka Akcyjna;53-611;Wrocław;
109;0007;WBKPPLPPXXX;Erste Bank Polska Spółka Akcyjna;60-198;Poznań;
109;0008;WBKPPLPPXXX;Erste Bank Polska Spółka Akcyjna;00-854;Warszawa;
109;0009;;Erste Bank Polska Spółka Akcyjna;61-569;Poznań;
109;0010;WBKPPLPP;Erste Bank Polska Spółka Akcyjna;61-569;Poznań;
109;0101;WBKPPLPPXXX;Erste Bank Polska Spółka Akcyjna;01-949;Warszawa;
109;0103;WBKPPLPPXXX;Erste Bank Polska Spółka Akcyjna;01-615;Warszawa;
109;0104;WBKPPLPPXXX;Erste Bank Polska Spółka Akcyjna;00-899;Warszawa;
109;0105;WBKPPLPPXXX;Erste Bank Polska Spółka Akcyjna;00-854;Warszawa;
109;0106;WBKPPLPPXXX;Erste Bank Polska Spółka Akcyjna;88-100;Inowrocław;
109;0107;WBKPPLPPXXX;Erste Bank Polska Spółka Akcyjna;85-959;Bydgoszcz;
109;0109;WBKPPLPPXXX;Erste Bank Polska Spółka Akcyjna;80-958;Gdańsk;
109;0110;WBKPPLPPXXX;Erste Bank Polska Spółka Akcyjna;81-366;Gdynia;
109;0111;WBKPPLPPXXX;Erste Bank Polska Spółka Akcyjna;69-100;Słubice;
109;0112;WBKPPLPPXXX;Erste Bank Polska Spółka Akcyjna;62-800;Kalisz;
109;0113;WBKPPLPPXXX;Erste Bank Polska Spółka Akcyjna;63-200;Jarocin;
109;0114;WBKPPLPPXXX;Erste Bank Polska Spółka Akcyjna;63-600;Kępno;
109;0115;WBKPPLPPXXX;Erste Bank Polska Spółka Akcyjna;63-700;Krotoszyn;
109;0116;WBKPPLPPXXX;Erste Bank Polska Spółka Akcyjna;63-400;Ostrów Wielkopolski;
109;0117;WBKPPLPPXXX;Erste Bank Polska Spółka Akcyjna;63-500;Ostrzeszów;
109;0118;WBKPPLPPXXX;Erste Bank Polska Spółka Akcyjna;40-036;Katowice;
109;0119;WBKPPLPPXXX;Erste Bank Polska Spółka Akcyjna;62-510;Konin;
109;0120;WBKPPLPPXXX;Erste Bank Polska Spółka Akcyjna;62-600;Koło;
109;0121;WBKPPLPPXXX;Erste Bank Polska Spółka Akcyjna;62-400;Słupca;
109;0122;WBKPPLPPXXX;Erste Bank Polska Spółka Akcyjna;62-700;Turek;
109;0123;WBKPPLPPXXX;Erste Bank Polska Spółka Akcyjna;59-220;Legnica;
109;0124;WBKPPLPPXXX;Erste Bank Polska Spółka Akcyjna;64-100;Leszno;
109;0125;WBKPPLPPXXX;Erste Bank Polska Spółka Akcyjna;63-800;Gostyń;
109;0126;WBKPPLPPXXX;Erste Bank Polska Spółka Akcyjna;56-200;Góra;
109;0127;WBKPPLPPXXX;Erste Bank Polska Spółka Akcyjna;64-000;Kościan;
109;0128;WBKPPLPPXXX;Erste Bank Polska Spółka Akcyjna;63-900;Rawicz;
109;0129;WBKPPLPPXXX;Erste Bank Polska Spółka Akcyjna;67-400;Wschowa;
109;0130;WBKPPLPPXXX;Erste Bank Polska Spółka Akcyjna;90-950;Łódź;
109;0131;WBKPPLPPXXX;Erste Bank Polska Spółka Akcyjna;64-800;Chodzież;
109;0132;WBKPPLPPXXX;Erste Bank Polska Spółka Akcyjna;64-920;Piła;
109;0133;WBKPPLPPXXX;Erste Bank Polska Spółka Akcyjna;09-400;Płock;
109;0134;WBKPPLPPXXX;Erste Bank Polska Spółka Akcyjna;60-301;Poznań;
109;0135;WBKPPLPPXXX;Erste Bank Polska Spółka Akcyjna;60-967;Poznań;
109;0136;WBKPPLPPXXX;Erste Bank Polska Spółka Akcyjna;62-081;Przeźmierowo;
109;0137;WBKPPLPPXXX;Erste Bank Polska Spółka Akcyjna;62-200;Gniezno;
109;0138;WBKPPLPPXXX;Erste Bank Polska Spółka Akcyjna;64-300;Nowy Tomyśl;
109;0139;WBKPPLPPXXX;Erste Bank Polska Spółka Akcyjna;64-500;Szamotuły;
109;0140;WBKPPLPPXXX;Erste Bank Polska Spółka Akcyjna;63-100;Śrem;
109;0141;WBKPPLPPXXX;Erste Bank Polska Spółka Akcyjna;63-000;Środa Wielkopolska;
109;0142;WBKPPLPPXXX;Erste Bank Polska Spółka Akcyjna;62-300;Września;
109;0143;WBKPPLPPXXX;Erste Bank Polska Spółka Akcyjna;62-065;Grodzisk Wielkopolski;
109;0144;WBKPPLPPXXX;Erste Bank Polska Spółka Akcyjna;60-967;Poznań;
109;0145;WBKPPLPPXXX;Erste Bank Polska Spółka Akcyjna;62-020;Swarzędz;
109;0146;WBKPPLPPXXX;Erste Bank Polska Spółka Akcyjna;60-201;Poznań;
109;0147;WBKPPLPPXXX;Erste Bank Polska Spółka Akcyjna;61-894;Poznań;
109;0148;WBKPPLPPXXX;Erste Bank Polska Spółka Akcyjna;60-198;Poznań;
109;0149;WBKPPLPPXXX;Erste Bank Polska Spółka Akcyjna;70-422;Szczecin;
109;0150;WBKPPLPPXXX;Erste Bank Polska Spółka Akcyjna;87-100;Toruń;
109;0151;WBKPPLPPXXX;Erste Bank Polska Spółka Akcyjna;87-810;Włocławek;
109;0152;WBKPPLPPXXX;Erste Bank Polska Spółka Akcyjna;50-950;Wrocław;
109;0153;WBKPPLPPXXX;Erste Bank Polska Spółka Akcyjna;65-950;Zielona Góra;
109;0154;WBKPPLPPXXX;Erste Bank Polska Spółka Akcyjna;66-600;Krosno Odrzańskie;
109;0155;WBKPPLPPXXX;Erste Bank Polska Spółka Akcyjna;66-600;Krosno Odrzańskie;
109;0156;WBKPPLPPXXX;Erste Bank Polska Spółka Akcyjna;68-300;Lubsko;
109;0157;WBKPPLPPXXX;Erste Bank Polska Spółka Akcyjna;67-100;Nowa Sól;
109;0158;WBKPPLPPXXX;Erste Bank Polska Spółka Akcyjna;66-100;Sulechów;
109;0159;WBKPPLPPXXX;Erste Bank Polska Spółka Akcyjna;66-200;Świebodzin;
109;0160;WBKPPLPPXXX;Erste Bank Polska Spółka Akcyjna;64-200;Wolsztyn;
109;0162;WBKPPLPPXXX;Erste Bank Polska Spółka Akcyjna;66-400;Gorzów Wielkopolski;
109;0163;WBKPPLPPXXX;Erste Bank Polska Spółka Akcyjna;65-950;Zielona Góra;
109;0164;WBKPPLPPXXX;Erste Bank Polska Spółka Akcyjna;45-057;Opole;
109;0165;WBKPPLPPXXX;Erste Bank Polska Spółka Akcyjna;43-100;Tychy;
109;0166;WBKPPLPPXXX;Erste Bank Polska Spółka Akcyjna;30-150;Kraków;
109;0167;WBKPPLPPXXX;Erste Bank Polska Spółka Akcyjna;86-300;Grudziądz;
109;0168;WBKPPLPPXXX;Erste Bank Polska Spółka Akcyjna;58-160;Świebodzice;
109;0169;WBKPPLPPXXX;Erste Bank Polska Spółka Akcyjna;02-697;Warszawa;
109;0170;WBKPPLPPXXX;Erste Bank Polska Spółka Akcyjna;58-506;Jelenia Góra;
109;0171;WBKPPLPPXXX;Erste Bank Polska Spółka Akcyjna;75-800;Koszalin;
109;0173;WBKPPLPPXXX;Erste Bank Polska Spółka Akcyjna;61-680;Poznań;
109;0174;WBKPPLPPXXX;Erste Bank Polska Spółka Akcyjna;43-300;Bielsko Biała;
109;0175;WBKPPLPPXXX;Erste Bank Polska Spółka Akcyjna;03-982;Warszawa;
109;0176;WBKPPLPPXXX;Erste Bank Polska Spółka Akcyjna;44-100;Gliwice;
109;0177;WBKPPLPPXXX;Erste Bank Polska Spółka Akcyjna;41-902;Bytom;
109;0178;WBKPPLPPXXX;Erste Bank Polska Spółka Akcyjna;43-400;Cieszyn;
109;0179;WBKPPLPPXXX;Erste Bank Polska Spółka Akcyjna;42-202;Częstochowa;
109;0180;WBKPPLPPXXX;Erste Bank Polska Spółka Akcyjna;40-202;Katowice;
109;0181;WBKPPLPPXXX;Erste Bank Polska Spółka Akcyjna;41-500;Chorzów;
109;0182;WBKPPLPPXXX;Erste Bank Polska Spółka Akcyjna;42-600;Tarnowskie Góry;
109;0183;WBKPPLPPXXX;Erste Bank Polska Spółka Akcyjna;34-403;Nowy Targ;
109;0184;WBKPPLPPXXX;Erste Bank Polska Spółka Akcyjna;03-144;Warszawa;
109;0185;WBKPPLPPXXX;Erste Bank Polska Spółka Akcyjna;61-894;Poznań;
109;0186;WBKPPLPPXXX;Erste Bank Polska Spółka Akcyjna;60-198;Poznań;
109;0187;WBKPPLPPXXX;Erste Bank Polska Spółka Akcyjna;00-642;Warszawa;
109;0188;WBKPPLPPXXX;Erste Bank Polska Spółka Akcyjna;00-120;Warszawa;
109;0189;WBKPPLPPXXX;Erste Bank Polska Spółka Akcyjna;85-312;Bydgoszcz;
109;0190;WBKPPLPPXXX;Erste Bank Polska Spółka Akcyjna;66-414;Gorzów Wielkopolski;
109;0192;WBKPPLPPXXX;Erste Bank Polska Spółka Akcyjna;58-500;Jelenia Góra;
109;0193;WBKPPLPPXXX;Erste Bank Polska Spółka Akcyjna;59-700;Bolesławiec;
109;0194;WBKPPLPPXXX;Erste Bank Polska Spółka Akcyjna;58-400;Kamienna Góra;
109;0195;WBKPPLPPXXX;Erste Bank Polska Spółka Akcyjna;59-800;Lubań;
109;0196;WBKPPLPPXXX;Erste Bank Polska Spółka Akcyjna;59-900;Zgorzelec;
109;0197;WBKPPLPPXXX;Erste Bank Polska Spółka Akcyjna;59-920;Bogatynia;
109;0198;WBKPPLPPXXX;Erste Bank Polska Spółka Akcyjna;58-500;Jelenia Góra;
109;0199;WBKPPLPPXXX;Erste Bank Polska Spółka Akcyjna;58-500;Jelenia Góra;
109;0200;WBKPPLPPXXX;Erste Bank Polska Spółka Akcyjna;41-200;Sosnowiec;
109;0201;WBKPPLPPXXX;Erste Bank Polska Spółka Akcyjna;41-902;Bytom;
109;0202;WBKPPLPPXXX;Erste Bank Polska Spółka Akcyjna;41-500;Chorzów;
109;0203;WBKPPLPPXXX;Erste Bank Polska Spółka Akcyjna;41-709;Ruda Śląska;
109;0204;WBKPPLPPXXX;Erste Bank Polska Spółka Akcyjna;25-501;Kielce;
109;0205;WBKPPLPPXXX;Erste Bank Polska Spółka Akcyjna;31-154;Kraków;
109;0206;WBKPPLPPXXX;Erste Bank Polska Spółka Akcyjna;59-220;Legnica;
109;0207;WBKPPLPPXXX;Erste Bank Polska Spółka Akcyjna;67-200;Głogów;
109;0208;WBKPPLPPXXX;Erste Bank Polska Spółka Akcyjna;59-300;Lubin;
109;0209;WBKPPLPPXXX;Erste Bank Polska Spółka Akcyjna;59-500;Złotoryja;
109;0210;WBKPPLPPXXX;Erste Bank Polska Spółka Akcyjna;59-100;Polkowice;
109;0211;WBKPPLPPXXX;Erste Bank Polska Spółka Akcyjna;67-200;Głogów;
109;0212;WBKPPLPPXXX;Erste Bank Polska Spółka Akcyjna;64-100;Leszno;
109;0213;WBKPPLPPXXX;Erste Bank Polska Spółka Akcyjna;45-057;Opole;
109;0214;WBKPPLPPXXX;Erste Bank Polska Spółka Akcyjna;49-300;Brzeg;
109;0215;WBKPPLPPXXX;Erste Bank Polska Spółka Akcyjna;48-100;Głubczyce;
109;0216;WBKPPLPPXXX;Erste Bank Polska Spółka Akcyjna;48-340;Głuchołazy;
109;0217;WBKPPLPPXXX;Erste Bank Polska Spółka Akcyjna;46-200;Kluczbork;
109;0218;WBKPPLPPXXX;Erste Bank Polska Spółka Akcyjna;47-220;Kędzierzyn-Koźle;
109;0219;WBKPPLPPXXX;Erste Bank Polska Spółka Akcyjna;46-100;Namysłów;
109;0220;WBKPPLPPXXX;Erste Bank Polska Spółka Akcyjna;49-100;Niemodlin;
109;0221;WBKPPLPPXXX;Erste Bank Polska Spółka Akcyjna;57-220;Ziębice;
109;0222;WBKPPLPPXXX;Erste Bank Polska Spółka Akcyjna;48-200;Prudnik;
109;0223;WBKPPLPPXXX;Erste Bank Polska Spółka Akcyjna;47-100;Strzelce Opolskie;
109;0224;WBKPPLPPXXX;Erste Bank Polska Spółka Akcyjna;45-057;Opole;
109;0225;WBKPPLPPXXX;Erste Bank Polska Spółka Akcyjna;60-967;Poznań;
109;0226;WBKPPLPPXXX;Erste Bank Polska Spółka Akcyjna;70-556;Szczecin;
109;0227;WBKPPLPPXXX;Erste Bank Polska Spółka Akcyjna;58-300;Wałbrzych;
109;0228;WBKPPLPPXXX;Erste Bank Polska Spółka Akcyjna;58-260;Bielawa;
109;0229;WBKPPLPPXXX;Erste Bank Polska Spółka Akcyjna;57-500;Bystrzyca Kłodzka;
109;0230;WBKPPLPPXXX;Erste Bank Polska Spółka Akcyjna;58-200;Dzierżoniów;
109;0231;WBKPPLPPXXX;Erste Bank Polska Spółka Akcyjna;58-300;Wałbrzych;
109;0232;WBKPPLPPXXX;Erste Bank Polska Spółka Akcyjna;57-300;Kłodzko;
109;0233;WBKPPLPPXXX;Erste Bank Polska Spółka Akcyjna;57-400;Nowa Ruda;
109;0234;WBKPPLPPXXX;Erste Bank Polska Spółka Akcyjna;58-150;Strzegom;
109;0235;WBKPPLPPXXX;Erste Bank Polska Spółka Akcyjna;58-160;Świebodzice;
109;0236;WBKPPLPPXXX;Erste Bank Polska Spółka Akcyjna;58-100;Świdnica;
109;0237;WBKPPLPPXXX;Erste Bank Polska Spółka Akcyjna;57-200;Ząbkowice Śląskie;
109;0238;WBKPPLPPXXX;Erste Bank Polska Spółka Akcyjna;57-220;Ziębice;
109;0239;WBKPPLPPXXX;Erste Bank Polska Spółka Akcyjna;50-950;Wrocław;
109;0240;WBKPPLPPXXX;Erste Bank Polska Spółka Akcyjna;50-950;Wrocław;
109;0241;WBKPPLPPXXX;Erste Bank Polska Spółka Akcyjna;56-400;Oleśnica;
109;0242;WBKPPLPPXXX;Erste Bank Polska Spółka Akcyjna;55-200;Oława;
109;0243;WBKPPLPPXXX;Erste Bank Polska Spółka Akcyjna;57-100;Strzelin;
109;0244;WBKPPLPPXXX;Erste Bank Polska Spółka Akcyjna;55-300;Środa Śląska;
109;0245;WBKPPLPPXXX;Erste Bank Polska Spółka Akcyjna;55-100;Trzebnica;
109;0246;WBKPPLPPXXX;Erste Bank Polska Spółka Akcyjna;56-100;Wołów;
109;0247;WBKPPLPPXXX;Erste Bank Polska Spółka Akcyjna;50-950;Wrocław;
109;0248;WBKPPLPPXXX;Erste Bank Polska Spółka Akcyjna;50-545;Wrocław;
109;0249;WBKPPLPPXXX;Erste Bank Polska Spółka Akcyjna;56-120;Brzeg Dolny;
109;0250;WBKPPLPPXXX;Erste Bank Polska Spółka Akcyjna;50-950;Wrocław;
109;0251;WBKPPLPPXXX;Erste Bank Polska Spółka Akcyjna;54-203;Wrocław;
109;0252;WBKPPLPPXXX;Erste Bank Polska Spółka Akcyjna;53-314;Wrocław;
109;0253;WBKPPLPPXXX;Erste Bank Polska Spółka Akcyjna;65-958;Zielona Góra;
109;0254;WBKPPLPPXXX;Erste Bank Polska Spółka Akcyjna;67-300;Szprotawa;
109;0255;WBKPPLPPXXX;Erste Bank Polska Spółka Akcyjna;68-100;Żagań;
109;0256;WBKPPLPPXXX;Erste Bank Polska Spółka Akcyjna;68-200;Żary;
109;0257;WBKPPLPPXXX;Erste Bank Polska Spółka Akcyjna;00-120;Warszawa;
109;0258;WBKPPLPPXXX;Erste Bank Polska Spółka Akcyjna;15-097;Białystok;
109;0259;WBKPPLPPXXX;Erste Bank Polska Spółka Akcyjna;53-611;Wrocław;
109;0260;WBKPPLPPXXX;Erste Bank Polska Spółka Akcyjna;06-400;Ciechanów;
109;0261;WBKPPLPPXXX;Erste Bank Polska Spółka Akcyjna;82-300;Elbląg;
109;0262;WBKPPLPPXXX;Erste Bank Polska Spółka Akcyjna;83-200;Starogard Gdański;
109;0263;WBKPPLPPXXX;Erste Bank Polska Spółka Akcyjna;58-500;Jelenia Góra;
109;0264;WBKPPLPPXXX;Erste Bank Polska Spółka Akcyjna;78-200;Białogard;
109;0265;WBKPPLPPXXX;Erste Bank Polska Spółka Akcyjna;78-100;Kołobrzeg;
109;0266;WBKPPLPPXXX;Erste Bank Polska Spółka Akcyjna;78-300;Świdwin;
109;0267;WBKPPLPPXXX;Erste Bank Polska Spółka Akcyjna;59-225;Chojnów;
109;0268;WBKPPLPPXXX;Erste Bank Polska Spółka Akcyjna;20-147;Lublin;
109;0270;WBKPPLPPXXX;Erste Bank Polska Spółka Akcyjna;90-368;Łódź;
109;0271;WBKPPLPPXXX;Erste Bank Polska Spółka Akcyjna;10-450;Olsztyn;
109;0272;WBKPPLPPXXX;Erste Bank Polska Spółka Akcyjna;64-800;Chodzież;
109;0273;WBKPPLPPXXX;Erste Bank Polska Spółka Akcyjna;60-967;Poznań;
109;0274;WBKPPLPPXXX;Erste Bank Polska Spółka Akcyjna;62-200;Gniezno;
109;0275;WBKPPLPPXXX;Erste Bank Polska Spółka Akcyjna;37-700;Przemyśl;
109;0276;WBKPPLPPXXX;Erste Bank Polska Spółka Akcyjna;76-200;Słupsk;
109;0277;WBKPPLPPXXX;Erste Bank Polska Spółka Akcyjna;16-400;Suwałki;
109;0278;WBKPPLPPXXX;Erste Bank Polska Spółka Akcyjna;16-300;Augustów;
109;0279;WBKPPLPPXXX;Erste Bank Polska Spółka Akcyjna;19-300;Ełk;
109;0280;WBKPPLPPXXX;Erste Bank Polska Spółka Akcyjna;71-153;Szczecin;
109;0281;WBKPPLPPXXX;Erste Bank Polska Spółka Akcyjna;58-100;Świdnica;
109;0283;WBKPPLPPXXX;Erste Bank Polska Spółka Akcyjna;53-611;Wrocław;
109;0284;WBKPPLPPXXX;Erste Bank Polska Spółka Akcyjna;60-198;Poznań;
109;0285;WBKPPLPPXXX;Erste Bank Polska Spółka Akcyjna;00-061;Warszawa;
150;0000;WBKPPLPPXXX;Erste Bank Polska Spółka Akcyjna;00-844;Warszawa;
150;0002;WBKPPLPPXXX;Erste Bank Polska Spółka Akcyjna;01-211;Warszawa;
150;0003;WBKPPLPPXXX;Erste Bank Polska Spółka Akcyjna;01-211;Warszawa;
150;0004;WBKPPLPPXXX;Erste Bank Polska Spółka Akcyjna;01-211;Warszawa;
150;0005;WBKPPLPPXXX;Erste Bank Polska Spółka Akcyjna;01-211;Warszawa;
150;0006;WBKPPLPPXXX;Erste Bank Polska Spółka Akcyjna;01-211;Warszawa;
150;0007;WNKPPLPPXXX;Erste Bank Polska Spółka Akcyjna;01-211;Warszawa;
150;0101;WBKPPLPPXXX;Erste Bank Polska Spółka Akcyjna;01-229;Warszawa;
150;0102;WBKPPLPPXXX;Erste Bank Polska Spółka Akcyjna;80-890;Gdańsk;
150;0103;WBKPPLPPXXX;Erste Bank Polska Spółka Akcyjna;91-305;Łódź;
150;0104;WBKPPLPPXXX;Erste Bank Polska Spółka Akcyjna;64-920;Piła;
150;0105;WBKPPLPPXXX;Erste Bank Polska Spółka Akcyjna;60-967;Poznań;
150;0106;WBKPPLPPXXX;Erste Bank Polska Spółka Akcyjna;50-254;Wrocław;
150;0107;WBKPPLPPXXX;Erste Bank Polska Spółka Akcyjna;03-285;Warszawa;
150;0108;WBKPPLPPXXX;Erste Bank Polska Spółka Akcyjna;15-232;Białystok;
150;0109;WBKPPLPPXXX;Erste Bank Polska Spółka Akcyjna;75-523;Koszalin;
150;0110;WBKPPLPPXXX;Erste Bank Polska Spółka Akcyjna;35-315;Rzeszów;
150;0111;WBKPPLPPXXX;Erste Bank Polska Spółka Akcyjna;70-470;Szczecin;
150;0112;WBKPPLPPXXX;Erste Bank Polska Spółka Akcyjna;02-697;Warszawa;
150;0113;WBKPPLPPXXX;Erste Bank Polska Spółka Akcyjna;40-036;Katowice;
150;0114;WBKPPLPPXXX;Erste Bank Polska Spółka Akcyjna;31-058;Kraków;
150;0115;WBKPPLPPXXX;Erste Bank Polska Spółka Akcyjna;54-203;Wrocław;
150;0116;WBKPPLPPXXX;Erste Bank Polska Spółka Akcyjna;53-314;Wrocław;
150;0117;WBKPPLPPXXX;Erste Bank Polska Spółka Akcyjna;80-394;Gdańsk;
150;0119;WBKPPLPPXXX;Erste Bank Polska Spółka Akcyjna;00-971;Warszawa;
150;0120;WBKPPLPPXXX;Erste Bank Polska Spółka Akcyjna;60-543;Poznań;
150;0121;WBKPPLPPXXX;Erste Bank Polska Spółka Akcyjna;44-200;Rybnik;
150;0127;WBKPPLPPXXX;Erste Bank Polska Spółka Akcyjna;02-603;Warszawa;
150;0128;;Erste Bank Polska Spółka Akcyjna;80-394;Gdańsk;
150;0129;WBKPPLPPXXX;Erste Bank Polska Spółka Akcyjna;11-500;Giżycko;
150;0133;WBKPPLPPXXX;Erste Bank Polska Spółka Akcyjna;21-500;Biała Podlaska;
150;0134;WBKPPLPPXXX;Erste Bank Polska Spółka Akcyjna;15-097;Białystok;
150;0135;WBKPPLPPXXX;Erste Bank Polska Spółka Akcyjna;43-300;Bielsko Biała;
150;0136;WBKPPLPPXXX;Erste Bank Polska Spółka Akcyjna;85-022;Bydgoszcz;
150;0137;WBKPPLPPXXX;Erste Bank Polska Spółka Akcyjna;22-100;Chełm;
150;0138;WBKPPLPPXXX;Erste Bank Polska Spółka Akcyjna;06-400;Ciechanów;
150;0139;WBKPPLPPXXX;Erste Bank Polska Spółka Akcyjna;42-202;Częstochowa;
150;0140;WBKPPLPPXXX;Erste Bank Polska Spółka Akcyjna;82-300;Elbląg;
150;0141;WBKPPLPPXXX;Erste Bank Polska Spółka Akcyjna;66-400;Gorzów Wielkopolski;
150;0142;WBKPPLPPXXX;Erste Bank Polska Spółka Akcyjna;58-500;Jelenia Góra;
150;0143;WBKPPLPPXXX;Erste Bank Polska Spółka Akcyjna;62-800;Kalisz;
150;0144;WBKPPLPPXXX;Erste Bank Polska Spółka Akcyjna;40-036;Katowice;
150;0145;WBKPPLPPXXX;Erste Bank Polska Spółka Akcyjna;25-312;Kielce;
150;0146;WBKPPLPPXXX;Erste Bank Polska Spółka Akcyjna;62-540;Kleczew;
150;0148;WBKPPLPPXXX;Erste Bank Polska Spółka Akcyjna;30-347;Kraków;
150;0149;WBKPPLPPXXX;Erste Bank Polska Spółka Akcyjna;38-400;Krosno;
150;0150;WBKPPLPPXXX;Erste Bank Polska Spółka Akcyjna;59-220;Legnica;
150;0151;WBKPPLPPXXX;Erste Bank Polska Spółka Akcyjna;64-100;Leszno;
150;0152;WBKPPLPPXXX;Erste Bank Polska Spółka Akcyjna;20-400;Lublin;
150;0153;WBKPPLPPXXX;Erste Bank Polska Spółka Akcyjna;18-400;Łomża;
150;0154;WBKPPLPPXXX;Erste Bank Polska Spółka Akcyjna;93-037;Łódź;
150;0155;WBKPPLPPXXX;Erste Bank Polska Spółka Akcyjna;33-300;Nowy Sącz;
150;0156;WBKPPLPPXXX;Erste Bank Polska Spółka Akcyjna;10-006;Olsztyn;
150;0157;WBKPPLPPXXX;Erste Bank Polska Spółka Akcyjna;45-057;Opole;
150;0158;WBKPPLPPXXX;Erste Bank Polska Spółka Akcyjna;07-410;Ostrołęka;
150;0160;WBKPPLPPXXX;Erste Bank Polska Spółka Akcyjna;97-300;Piotrków Trybunalski;
150;0161;WBKPPLPPXXX;Erste Bank Polska Spółka Akcyjna;09-400;Płock;
150;0162;WBKPPLPPXXX;Erste Bank Polska Spółka Akcyjna;60-967;Poznań;
150;0163;WBKPPLPPXXX;Erste Bank Polska Spółka Akcyjna;37-700;Przemyśl;
150;0164;WBKPPLPPXXX;Erste Bank Polska Spółka Akcyjna;26-607;Radom;
150;0166;WBKPPLPPXXX;Erste Bank Polska Spółka Akcyjna;08-110;Siedlce;
150;0167;WBKPPLPPXXX;Erste Bank Polska Spółka Akcyjna;98-200;Sieradz;
150;0168;WBKPPLPPXXX;Erste Bank Polska Spółka Akcyjna;96-100;Skierniewice;
150;0169;WBKPPLPPXXX;Erste Bank Polska Spółka Akcyjna;89-600;Chojnice;
150;0170;WBKPPLPPXXX;Erste Bank Polska Spółka Akcyjna;81-752;Sopot;
150;0171;WBKPPLPPXXX;Erste Bank Polska Spółka Akcyjna;16-400;Suwałki;
150;0172;WBKPPLPPXXX;Erste Bank Polska Spółka Akcyjna;70-556;Szczecin;
150;0173;WBKPPLPPXXX;Erste Bank Polska Spółka Akcyjna;39-400;Tarnobrzeg;
150;0174;WBKPPLPPXXX;Erste Bank Polska Spółka Akcyjna;33-100;Tarnów;
150;0175;WBKPPLPPXXX;Erste Bank Polska Spółka Akcyjna;87-100;Toruń;
150;0176;WBKPPLPPXXX;Erste Bank Polska Spółka Akcyjna;58-309;Wałbrzych;
150;0177;WBKPPLPPXXX;Erste Bank Polska Spółka Akcyjna;00-854;Warszawa;
150;0178;WBKPPLPPXXX;Erste Bank Polska Spółka Akcyjna;87-100;Toruń;
150;0179;WBKPPLPPXXX;Erste Bank Polska Spółka Akcyjna;50-950;Wrocław;
150;0180;WBKPPLPPXXX;Erste Bank Polska Spółka Akcyjna;22-400;Zamość;
150;0181;WBKPPLPPXXX;Erste Bank Polska Spółka Akcyjna;65-958;Zielona Góra;
150;0186;WBKPPLPPXXX;Erste Bank Polska Spółka Akcyjna;02-797;Warszawa;
150;0187;WBKPPLPPXXX;Erste Bank Polska Spółka Akcyjna;03-982;Warszawa;
150;0188;WBKPPLPPXXX;Erste Bank Polska Spółka Akcyjna;81-366;Gdynia;
150;0189;WBKPPLPPXXX;Erste Bank Polska Spółka Akcyjna;41-500;Chorzów;
150;0191;WBKPPLPPXXX;Erste Bank Polska Spółka Akcyjna;02-697;Warszawa;
150;0197;WBKPPLPPXXX;Erste Bank Polska Spółka Akcyjna;30-150;Kraków;
150;0198;WBKPPLPPXXX;Erste Bank Polska Spółka Akcyjna;93-037;Łódź;
150;0200;WBKPPLPPXXX;Erste Bank Polska Spółka Akcyjna;97-400;Bełchatów;
150;0202;WBKPPLPPXXX;Erste Bank Polska Spółka Akcyjna;01-466;Warszawa;
150;0205;WBKPPLPPXXX;Erste Bank Polska Spółka Akcyjna;80-264;Gdańsk;
150;0208;WBKPPLPPXXX;Erste Bank Polska Spółka Akcyjna;03-733;Warszawa;
150;0211;WBKPPLPPXXX;Erste Bank Polska Spółka Akcyjna;63-900;Rawicz;
150;0214;WBKPPLPPXXX;Erste Bank Polska Spółka Akcyjna;20-601;Lublin;
150;0215;WBKPPLPPXXX;Erste Bank Polska Spółka Akcyjna;63-600;Kępno;
150;0216;WBKPPLPPXXX;Erste Bank Polska Spółka Akcyjna;28-100;Busko-Zdrój;
150;0217;WBKPPLPPXXX;Erste Bank Polska Spółka Akcyjna;34-403;Nowy Targ;
150;0218;WBKPPLPPXXX;Erste Bank Polska Spółka Akcyjna;96-100;Skierniewice;
150;0219;WBKPPLPPXXX;Erste Bank Polska Spółka Akcyjna;05-300;Mińsk Mazowiecki;
150;0220;WBKPPLPPXXX;Erste Bank Polska Spółka Akcyjna;21-400;Łuków;
150;0221;WBKPPLPPXXX;Erste Bank Polska Spółka Akcyjna;37-500;Jarosław;
150;0222;WBKPPLPPXXX;Erste Bank Polska Spółka Akcyjna;37-450;Stalowa Wola;
150;0223;WBKPPLPPXXX;Erste Bank Polska Spółka Akcyjna;83-200;Starogard Gdański;
150;0224;WBKPPLPPXXX;Erste Bank Polska Spółka Akcyjna;19-300;Ełk;
150;0225;WBKPPLPPXXX;Erste Bank Polska Spółka Akcyjna;44-240;Żory;
150;0226;WBKPPLPPXXX;Erste Bank Polska Spółka Akcyjna;05-400;Otwock;
150;0227;WBKPPLPPXXX;Erste Bank Polska Spółka Akcyjna;31-058;Kraków;
150;0228;WBKPPLPPXXX;Erste Bank Polska Spółka Akcyjna;30-150;Kraków;
150;0229;WBKPPLPPXXX;Erste Bank Polska Spółka Akcyjna;90-950;Łódź;
150;0230;WBKPPLPPXXX;Erste Bank Polska Spółka Akcyjna;35-315;Rzeszów;
150;0231;;Erste Bank Polska Spółka Akcyjna;64-920;Piła;
150;0232;WBKPPLPPXXX;Erste Bank Polska Spółka Akcyjna;73-110;Stargard Szczeciński;
150;0233;WBKPPLPPXXX;Erste Bank Polska Spółka Akcyjna;06-500;Mława;
150;0234;WBKPPLPPXXX;Erste Bank Polska Spółka Akcyjna;15-482;Białystok;
150;0235;WBKPPLPPXXX;Erste Bank Polska Spółka Akcyjna;01-949;Warszawa;
150;0236;WBKPPLPPXXX;Erste Bank Polska Spółka Akcyjna;00-854;Warszawa;
150;0237;WBKPPLPPXXX;Erste Bank Polska Spółka Akcyjna;00-642;Warszawa;
150;0238;WBKPPLPPXXX;Erste Bank Polska Spółka Akcyjna;01-949;Warszawa;
191;0000;WBKPPLPP;Erste Bank Polska Spółka Akcyjna;00-854;Warszawa;
191;0101;WBKPPLPP;Erste Bank Polska Spółka Akcyjna;00-854;Warszawa;
191;0104;WBKPPLPP;Erste Bank Polska Spółka Akcyjna;00-854;Warszawa;
191;0106;WBKPPLPP;Erste Bank Polska Spółka Akcyjna;00-854;Warszawa;
191;0112;WBKPPLPP;Erste Bank Polska Spółka Akcyjna;00-854;Warszawa;
191;0113;WBKPPLPP;Erste Bank Polska Spółka Akcyjna;00-854;Warszawa;
191;0115;WBKPPLPP;Erste Bank Polska Spółka Akcyjna;00-854;Warszawa;
113;0000;GOSKPLPWXXX;Bank Gospodarstwa Krajowego;00-955;Warszawa;
113;0001;GOSKPLPWXXX;Bank Gospodarstwa Krajowego;00-955;Warszawa;
113;0002;GOSKPLPWXXX;Bank Gospodarstwa Krajowego;00-955;Warszawa;
113;0101;GOSKPLPWXXX;Bank Gospodarstwa Krajowego;00-801;Warszawa;
113;0102;GOSKPLPWXXX;Bank Gospodarstwa Krajowego;00-955;Warszawa;
113;0103;GOSKPLPWXXX;Bank Gospodarstwa Krajowego;54-416;Wrocław;
113;0104;GOSKPLPWXXX;Bank Gospodarstwa Krajowego;61-888;Poznań;
113;0105;GOSKPLPWXXX;Bank Gospodarstwa Krajowego;15-082;Białystok;
113;0106;GOSKPLPWXXX;Bank Gospodarstwa Krajowego;00-955;Warszawa;
113;0107;GOSKPLPWXXX;Bank Gospodarstwa Krajowego;87-100;Toruń;
113;0108;GOSKPLPW;Bank Gospodarstwa Krajowego;61-888;Poznań;
113;0109;GOSKPLPWXXX;Bank Gospodarstwa Krajowego;40-217;Katowice;
113;0110;GOSKPLPWXXX;Bank Gospodarstwa Krajowego;35-310;Rzeszów;
113;0112;GOSLPLPWXXX;Bank Gospodarstwa Krajowego;80-309;Gdańsk;
113;0113;GOSKPLPWXXX;Bank Gospodarstwa Krajowego;80-846;Gdańsk;
113;0115;GOSKPLPWXXX;Bank Gospodarstwa Krajowego;31-481;Kraków;
113;0116;GOSKPLPWXXX;Bank Gospodarstwa Krajowego;90-554;Łódź;
113;0117;GOSKPLPWXXX;Bank Gospodarstwa Krajowego;70-556;Szczecin;
113;0118;GOSKPLPWXXX;Bank Gospodarstwa Krajowego;10-540;Olsztyn;
113;0119;GOSKPLPWXXX;Bank Gospodarstwa Krajowego;25-515;Kielce;
113;0120;GOSKPLPWXXX;Bank Gospodarstwa Krajowego;20-074;Lublin;
113;0121;GOSKPLPWXXX;Bank Gospodarstwa Krajowego;45-053;Opole;
113;0122;GOSKPLPWXXX;Bank Gospodarstwa Krajowego;65-058;Zielona Góra;
113;0123;GOSKPLPWXXX;Bank Gospodarstwa Krajowego;31-481;Kraków;
113;0124;GOSKPLPWXXX;Bank Gospodarstwa Krajowego;00-955;Warszawa;
114;0000;BREXPLPWXXX;mBank Spółka Akcyjna;00-850;Warszawa;
114;0002;;mBank Spółka Akcyjna;00-838;Warszawa;
114;0003;;mBank Spółka Akcyjna;00-850;Warszawa;
114;0101;BREXPLPWWA1;mBank Spółka Akcyjna;00-850;Warszawa;
114;0102;BREXPLPWBYD;mBank Spółka Akcyjna;00-684;Warszawa;
114;0103;BREXPLPWXXX;mBank Spółka Akcyjna;90-063;Łódź;
114;0104;BREXPLPWBIB;mBank Spółka Akcyjna;43-300;Bielsko-Biała;
114;0105;BREXPLPWBYD;mBank Spółka Akcyjna;85-109;Bydgoszcz;
114;0106;BREXPLPWGDA;mBank Spółka Akcyjna;80-864;Gdańsk;
114;0107;BREXPLPWKAT;mBank Spółka Akcyjna;40-202;Katowice;
114;0108;BREXPLPWKRA;mBank Spółka Akcyjna;31-564;Kraków;
114;0109;BREXPLPWLUB;mBank Spółka Akcyjna;20-074;Lublin;
114;0110;BREXPLPWLOD;mBank Spółka Akcyjna;90-119;Łódź;
114;0111;BREXPLPWOLS;mBank Spółka Akcyjna;10-450;Olsztyn;
114;0112;BREXPLPWPOZ;mBank Spółka Akcyjna;60-829;Poznań;
114;0113;BREXPLPWSZC;mBank Spółka Akcyjna;70-653;Szczecin;
114;0114;BREXPLPWWRO;mBank Spółka Akcyjna;50-043;Wrocław;
114;0115;BREXPLPWGDY;mBank Spółka Akcyjna;81-310;Gdynia;
114;0116;BREXPLPWXXX;mBank Spółka Akcyjna;90-063;Łódź;
114;0117;BREXPLPWRYB;mBank Spółka Akcyjna;44-200;Rybnik;
114;0118;BREXPLPWXXX;mBank Spółka Akcyjna;10-450;Olsztyn;
114;0120;BREXPLPWXXX;mBank Spółka Akcyjna;95-070;Aleksandrów Łódzki;
114;0121;BREXPLPWXXX;mBank Spółka Akcyjna;95-070;Aleksandrów Łódzki;
114;0122;BREXPLPWRZE;mBank Spółka Akcyjna;35-010;Rzeszów;
114;0123;BREXPLPWXXX;mBank Spółka Akcyjna;95-070;Aleksandrów Łódzki;
114;0124;BREXPLPWXXX;mBank Spółka Akcyjna;95-070;Aleksandrów Łódzki;
114;0144;BREXPLPWGOR;mBank Spółka Akcyjna;66-400;Gorzów Wielkopolski;
114;0156;BREXPLPWXXX;mBank Spółka Akcyjna;95-070;Aleksandrów Łódzki;
114;0157;BREXPLPWXXX;mBank Spółka Akcyjna;95-070;Aleksandrów Łódzki;
114;0160;BREXPLPWXXX;mBank Spółka Akcyjna;95-070;Aleksandrów Łódzki;
114;0161;BREXPLPWXXX;mBank Spółka Akcyjna;95-070;Aleksandrów Łódzki;
114;0162;BREXPLPWXXX;mBank Spółka Akcyjna;95-070;Aleksandrów Łódzki;
114;0163;BREXPLPWXXX;mBank Spółka Akcyjna;95-070;Aleksandrów Łódzki;
114;0164;BREXPLPWXXX;mBank Spółka Akcyjna;95-070;Aleksandrów Łódzki;
114;0165;BREXPLPWXXX;mBank Spółka Akcyjna;95-070;Aleksandrów Łódzki;
114;0166;BREXPLPWXXX;mBank Spółka Akcyjna;95-070;Aleksandrów Łódzki;
114;0167;BREXPLPWXXX;mBank Spółka Akcyjna;95-070;Aleksandrów Łódzki;
114;0168;BREXPLPWXXX;mBank Spółka Akcyjna;95-070;Aleksandrów Łódzki;
114;0169;BREXPLPWXXX;mBank Spółka Akcyjna;95-070;Aleksandrów Łódzki;
114;0172;BREXPLPWXXX;mBank Spółka Akcyjna;15-062;Białystok;
114;0174;BREXPLPWXXX;mBank Spółka Akcyjna;10-450;Olsztyn;
114;0177;BREXPLPWBIA;mBank Spółka Akcyjna;15-277;Białystok;
114;0178;BREXPLPWOPO;mBank Spółka Akcyjna;45-005;Opole;
114;0185;BREXPLPWZIE;mBank Spółka Akcyjna;65-056;Zielona Góra;
114;0188;BREXPLPWCZE;mBank Spółka Akcyjna;42-217;Częstochowa;
114;0189;BREXPLPWXXX;mBank Spółka Akcyjna;95-070;Aleksandrów Łźdzki;
114;0190;BREXPLPWXXX;mBank Spółka Akcyjna;95-070;Aleksandrów Łódzki;
114;0196;BREXPLPWXXX;mBank Spółka Akcyjna;95-070;Aleksandrów Łódzki;
114;0197;BREXPLPWWA2;mBank Spółka Akcyjna;02-672;Warszawa;
114;0198;BREXPLPWXXX;mBank Spółka Akcyjna;95-070;Aleksandrów Łódzki;
114;0199;BREXPLPWKAL;mBank Spółka Akcyjna;62-800;Kalisz;
114;0200;BREXPLPWMBK;mBank Spółka Akcyjna;90-959;Łódź;
114;0201;BREXPLPWMUL;mBank Spółka Akcyjna;90-368;Łódź;
114;0202;BREXPLPWKIE;mBank Spółka Akcyjna;25-516;Kielce;
114;0205;BREXPLPWXXX;mBank Spółka Akcyjna;90-063;Łódź;
114;0206;BREXPLPWWA3;mBank Spółka Akcyjna;04-077;Warszawa;
114;0207;BREXPLPWNWS;mBank Spółka Akcyjna;33-300;Nowy Sącz;
114;0208;BREXPLPWTOR;mBank Spółka Akcyjna;87-100;Toruń;
114;0209;BREXPLPWWAL;mBank Spółka Akcyjna;58-306;Wałbrzych;
114;0210;BREXPLPWWA4;mBank Spółka Akcyjna;02-486;Warszawa;
114;0211;BREXPLPWKOS;mBank Spółka Akcyjna;75-203;Koszalin;
114;0212;BREXPLPWMBK;mBank Spółka Akcyjna;90-368;Łódź;
114;0213;BREXPLPWXXX;mBank Spółka Akcyjna;95-070;Aleksandrów Łódzki;
114;2000;BREXPLPWOMB;mBank Spółka Akcyjna;90-368;Łódź;
116;0000;BIGBPLPWXXX;Bank Millennium Spółka Akcyjna;02-593;Warszawa;
116;0220;BIGBPLPWXXX;Bank Millennium Spółka Akcyjna;80-887;Gdańsk;
116;0221;BIGBPLPWXXX;Bank Millennium Spółka Akcyjna;80-887;Gdańsk;
116;0222;BIGBPLPWXXX;Bank Millennium Spółka Akcyjna;80-887;Gdańsk;
116;0223;BIGBPLPWXXX;Bank Millennium Spółka Akcyjna;80-887;Gdańsk;
116;0224;BIGBPLPWXXX;Bank Millennium Spółka Akcyjna;80-887;Gdańsk;
147;0000;BIGBPLPWXXX;Bank Millennium Spółka Akcyjna;50-126;Wrocław;
147;0101;BIGBPLPWXXX;Bank Millennium Spółka Akcyjna;50-126;Wrocław;
147;0102;BIGBPLPWXXX;Bank Millennium Spółka Akcyjna;50-126;Wrocław;
147;0103;BIGBPLPWXXX;Bank Millennium Spółka Akcyjna;50-126;Wrocław;
147;0104;BIGBPLPWXXX;Bank Millennium Spółka Akcyjna;50-126;Wrocław;
147;0105;BIGBPLPWXXX;Bank Millennium Spółka Akcyjna;50-126;Wrocław;
147;0106;BIGBPLPWXXX;Bank Millennium Spółka Akcyjna;50-126;Wrocław;
147;0108;BIGBPLPWXXX;Bank Millennium Spółka Akcyjna;50-126;Wrocław;
122;0000;;Bank Handlowo-Kredytowy Spółka Akcyjna w Katowicach w likwidacji;40-167;Katowice;
124;0000;PKOPPLPWXXX;Bank Polska Kasa Opieki Spółka Akcyjna;01-066;Warszawa;
124;0002;PKOPPLPWXXX;Bank Polska Kasa Opieki Spółka Akcyjna;01-066;Warszawa;
124;0003;PKOPPLPWXXX;Bank Polska Kasa Opieki Spółka Akcyjna;01-066;Warszawa;
124;0004;PKOPPLPWXXX;Bank Polska Kasa Opieki Spółka Akcyjna;01-066;Warszawa;
124;0005;PKOPPLPWCUS;Bank Polska Kasa Opieki Spółka Akcyjna;01-066;Warszawa;
124;0006;PKOPPLPWXXX;Bank Polska Kasa Opieki Spółka Akcyjna;01-066;Warszawa;
124;0007;PKOPPLPWXXX;Bank Polska Kasa Opieki Spółka Akcyjna;71-410;Szczecin;
124;0011;PKOPPLPWXXX;Bank Polska Kasa Opieki Spółka Akcyjna;01-066;Warszawa;
124;0012;PKOPPLPWXXX;Bank Polska Kasa Opieki Spółka Akcyjna;01-066;Warszawa;
124;0013;PKOPPLPWXXX;Bank Polska Kasa Opieki Spółka Akcyjna;71-410;Szczecin;
124;0101;PKOPPLPWXXX;Bank Polska Kasa Opieki Spółka Akcyjna;02-672;Warszawa;
124;0102;PKOPPLPWXXX;Bank Polska Kasa Opieki Spółka Akcyjna;00-693;Warszawa;
124;0103;PKOPPLPWXXX;Bank Polska Kasa Opieki Spółka Akcyjna;00-139;Warszawa;
124;0104;PKOPPLPWXXX;Bank Polska Kasa Opieki Spółka Akcyjna;00-043;Warszawa;
124;0105;PKOPPLPWXXX;Bank Polska Kasa Opieki Spółka Akcyjna;00-807;Warszawa;
124;0106;PKOPPLPWXXX;Bank Polska Kasa Opieki Spółka Akcyjna;00-697;Warszawa;
124;0107;PKOPPLPWXXX;Bank Polska Kasa Opieki Spółka Akcyjna;05-090;Raszyn;
124;0108;PKOPPLPWXXX;Bank Polska Kasa Opieki Spółka Akcyjna;01-066;Warszawa;
124;0109;PKOPPLPWXXX;Bank Polska Kasa Opieki Spółka Akcyjna;03-984;Warszawa;
124;0110;PKOPPLPWXXX;Bank Polska Kasa Opieki Spółka Akcyjna;00-710;Warszawa;
124;0111;PKOPPLPWXXX;Bank Polska Kasa Opieki Spółka Akcyjna;02-672;Warszawa;
124;0112;PKOPPLPWXXX;Bank Polska Kasa Opieki Spółka Akcyjna;02-776;Warszawa;
124;0113;PKOPPLPWXXX;Bank Polska Kasa Opieki Spółka Akcyjna;00-867;Warszawa;
124;0114;PKOPPLPWXXX;Bank Polska Kasa Opieki Spółka Akcyjna;21-500;Biała Podlaska;
124;0115;PKOPPLPWXXX;Bank Polska Kasa Opieki Spółka Akcyjna;15-092;Białystok;
124;0117;PKOPPLPWXXX;Bank Polska Kasa Opieki Spółka Akcyjna;43-300;Bielsko-Biała;
124;0118;PKOPPLPWXXX;Bank Polska Kasa Opieki Spółka Akcyjna;85-858;Bydgoszcz;
124;0119;PKOPPLPWXXX;Bank Polska Kasa Opieki Spółka Akcyjna;88-100;Inowrocław;
124;0120;PKOPPLPWXXX;Bank Polska Kasa Opieki Spółka Akcyjna;22-100;Chełm;
124;0121;PKOPPLPWXXX;Bank Polska Kasa Opieki Spółka Akcyjna;42-217;Częstochowa;
124;0122;PKOPPLPWXXX;Bank Polska Kasa Opieki Spółka Akcyjna;82-300;Elbląg;
124;0123;PKOPPLPWXXX;Bank Polska Kasa Opieki Spółka Akcyjna;81-319;Gdynia;
124;0124;PKOPPLPWXXX;Bank Polska Kasa Opieki Spółka Akcyjna;80-288;Gdańsk;
124;0125;PKOPPLPWXXX;Bank Polska Kasa Opieki Spółka Akcyjna;80-244;Gdańsk;
124;0126;PKOPPLPWXXX;Bank Polska Kasa Opieki Spółka Akcyjna;80-894;Gdańsk;
124;0127;PKOPPLPWXXX;Bank Polska Kasa Opieki Spółka Akcyjna;80-391;Gdańsk;
124;0128;PKOPPLPWXXX;Bank Polska Kasa Opieki Spółka Akcyjna;66-400;Gorzów Wielkopolski;
124;0129;PKOPPLPWXXX;Bank Polska Kasa Opieki Spółka Akcyjna;59-900;Zgorzelec;
124;0130;PKOPPLPWXXX;Bank Polska Kasa Opieki Spółka Akcyjna;58-500;Jelenia Góra;
124;0131;PKOPPLPWXXX;Bank Polska Kasa Opieki Spółka Akcyjna;62-800;Kalisz;
124;0132;PKOPPLPWXXX;Bank Polska Kasa Opieki Spółka Akcyjna;63-400;Ostrów Wielkopolski;
124;0133;PKOPPLPWXXX;Bank Polska Kasa Opieki Spółka Akcyjna;40-202;Katowice;
124;0134;PKOPPLPWXXX;Bank Polska Kasa Opieki Spółka Akcyjna;44-100;Gliwice;
124;0135;PKOPPLPWXXX;Bank Polska Kasa Opieki Spółka Akcyjna;43-600;Jaworzno;
124;0136;PKOPPLPWXXX;Bank Polska Kasa Opieki Spółka Akcyjna;41-710;Ruda Śląska;
124;0137;PKOPPLPWXXX;Bank Polska Kasa Opieki Spółka Akcyjna;25-394;Kielce;
124;0138;PKOPPLPWXXX;Bank Polska Kasa Opieki Spółka Akcyjna;27-400;Ostrowiec Świętokrzyski;
124;0139;PKOPPLPWXXX;Bank Polska Kasa Opieki Spółka Akcyjna;27-200;Starachowice;
124;0140;PKOPPLPWXXX;Bank Polska Kasa Opieki Spółka Akcyjna;26-100;Skarżysko-Kamienna;
124;0141;PKOPPLPWXXX;Bank Polska Kasa Opieki Spółka Akcyjna;62-510;Konin;
124;0142;PKOPPLPWXXX;Bank Polska Kasa Opieki Spółka Akcyjna;75-204;Koszalin;
124;0143;PKOPPLPWXXX;Bank Polska Kasa Opieki Spółka Akcyjna;31-553;Kraków;
124;0144;PKOPPLPWXXX;Bank Polska Kasa Opieki Spółka Akcyjna;30-347;Kraków;
124;0145;PKOPPLPWXXX;Bank Polska Kasa Opieki Spółka Akcyjna;38-400;Krosno;
124;0146;PKOPPLPWXXX;Bank Polska Kasa Opieki Spółka Akcyjna;38-500;Sanok;
124;0147;PKOPPLPWXXX;Bank Polska Kasa Opieki Spółka Akcyjna;59-220;Legnica;
124;0148;PKOPPLPWXXX;Bank Polska Kasa Opieki Spółka Akcyjna;59-300;Lubin;
124;0149;PKOPPLPWXXX;Bank Polska Kasa Opieki Spółka Akcyjna;64-100;Leszno;
124;0150;PKOPPLPWXXX;Bank Polska Kasa Opieki Spółka Akcyjna;20-109;Lublin;
124;0151;PKOPPLPWXXX;Bank Polska Kasa Opieki Spółka Akcyjna;23-200;Kraśnik;
124;0152;PKOPPLPWXXX;Bank Polska Kasa Opieki Spółka Akcyjna;24-100;Puławy;
124;0153;PKOPPLPWXXX;Bank Polska Kasa Opieki Spółka Akcyjna;18-400;Łomża;
124;0154;PKOPPLPWXXX;Bank Polska Kasa Opieki Spółka Akcyjna;93-004;Łódź;
124;0155;PKOPPLPWXXX;Bank Polska Kasa Opieki Spółka Akcyjna;33-300;Nowy Sącz;
124;0156;PKOPPLPWXXX;Bank Polska Kasa Opieki Spółka Akcyjna;38-300;Gorlice;
124;0157;PKOPPLPWXXX;Bank Polska Kasa Opieki Spółka Akcyjna;34-400;Nowy Targ;
124;0158;PKOPPLPWXXX;Bank Polska Kasa Opieki Spółka Akcyjna;34-500;Zakopane;
124;0159;PKOPPLPWXXX;Bank Polska Kasa Opieki Spółka Akcyjna;10-118;Olsztyn;
124;0160;PKOPPLPWXXX;Bank Polska Kasa Opieki Spółka Akcyjna;14-200;Iława;
124;0161;PKOPPLPWXXX;Bank Polska Kasa Opieki Spółka Akcyjna;11-700;Mrągowo;
124;0162;PKOPPLPWXXX;Bank Polska Kasa Opieki Spółka Akcyjna;14-100;Ostróda;
124;0163;PKOPPLPWXXX;Bank Polska Kasa Opieki Spółka Akcyjna;45-027;Opole;
124;0164;PKOPPLPWXXX;Bank Polska Kasa Opieki Spółka Akcyjna;49-306;Brzeg;
124;0165;PKOPPLPWXXX;Bank Polska Kasa Opieki Spółka Akcyjna;47-220;Kędzierzyn-Koźle;
124;0166;PKOPPLPWXXX;Bank Polska Kasa Opieki Spółka Akcyjna;46-203;Kluczbork;
124;0167;PKOPPLPWXXX;Bank Polska Kasa Opieki Spółka Akcyjna;48-300;Nysa;
124;0168;PKOPPLPWXXX;Bank Polska Kasa Opieki Spółka Akcyjna;48-200;Prudnik;
124;0169;PKOPPLPWXXX;Bank Polska Kasa Opieki Spółka Akcyjna;07-410;Ostrołęka;
124;0170;PKOPPLPWXXX;Bank Polska Kasa Opieki Spółka Akcyjna;64-920;Piła;
124;0171;PKOPPLPWXXX;Bank Polska Kasa Opieki Spółka Akcyjna;97-200;Tomaszów Mazowiecki;
124;0172;PKOPPLPWXXX;Bank Polska Kasa Opieki Spółka Akcyjna;09-402;Płock;
124;0173;PKOPPLPWXXX;Bank Polska Kasa Opieki Spółka Akcyjna;99-300;Kutno;
124;0174;PKOPPLPWXXX;Bank Polska Kasa Opieki Spółka Akcyjna;61-586;Poznań;
124;0175;PKOPPLPWXXX;Bank Polska Kasa Opieki Spółka Akcyjna;60-829;Poznań;
124;0176;PKOPPLPWXXX;Bank Polska Kasa Opieki Spółka Akcyjna;61-773;Poznań;
124;0177;PKOPPLPWXXX;Bank Polska Kasa Opieki Spółka Akcyjna;37-700;Przemyśl;
124;0178;PKOPPLPWXXX;Bank Polska Kasa Opieki Spółka Akcyjna;26-600;Radom;
124;0179;PKOPPLPWXXX;Bank Polska Kasa Opieki Spółka Akcyjna;35-959;Rzeszów;
124;0180;PKOPPLPWXXX;Bank Polska Kasa Opieki Spółka Akcyjna;39-300;Mielec;
124;0181;PKOPPLPWXXX;Bank Polska Kasa Opieki Spółka Akcyjna;99-400;Łowicz;
124;0182;PKOPPLPWXXX;Bank Polska Kasa Opieki Spółka Akcyjna;96-500;Sochaczew;
124;0183;PKOPPLPWXXX;Bank Polska Kasa Opieki Spółka Akcyjna;76-200;Słupsk;
124;0184;PKOPPLPWXXX;Bank Polska Kasa Opieki Spółka Akcyjna;16-400;Suwałki;
124;0185;PKOPPLPWXXX;Bank Polska Kasa Opieki Spółka Akcyjna;19-300;Ełk;
124;0186;PKOPPLPWXXX;Bank Polska Kasa Opieki Spółka Akcyjna;70-215;Szczecin;
124;0187;PKOPPLPWXXX;Bank Polska Kasa Opieki Spółka Akcyjna;73-110;Stargard;
124;0188;PKOPPLPWXXX;Bank Polska Kasa Opieki Spółka Akcyjna;72-600;Świnoujście;
124;0190;PKOPPLPWXXX;Bank Polska Kasa Opieki Spółka Akcyjna;37-450;Stalowa Wola;
124;0191;PKOPPLPWXXX;Bank Polska Kasa Opieki Spółka Akcyjna;33-100;Tarnów;
124;0192;PKOPPLPWXXX;Bank Polska Kasa Opieki Spółka Akcyjna;39-200;Dębica;
124;0193;PKOPPLPWXXX;Bank Polska Kasa Opieki Spółka Akcyjna;87-100;Toruń;
124;0194;PKOPPLPWXXX;Bank Polska Kasa Opieki Spółka Akcyjna;86-300;Grudziądz;
124;0195;PKOPPLPWXXX;Bank Polska Kasa Opieki Spółka Akcyjna;58-300;Wałbrzych;
124;0196;PKOPPLPWXXX;Bank Polska Kasa Opieki Spółka Akcyjna;57-300;Kłodzko;
124;0197;PKOPPLPWXXX;Bank Polska Kasa Opieki Spółka Akcyjna;58-100;Świdnica;
124;0198;PKOPPLPWXXX;Bank Polska Kasa Opieki Spółka Akcyjna;87-800;Włocławek;
124;0199;PKOPPLPWXXX;Bank Polska Kasa Opieki Spółka Akcyjna;50-123;Wrocław;
124;0200;PKOPPLPWXXX;Bank Polska Kasa Opieki Spółka Akcyjna;22-400;Zamość;
124;0201;PKOPPLPWXXX;Bank Polska Kasa Opieki Spółka Akcyjna;65-032;Zielona Góra;
124;0202;PKOPPLPWXXX;Bank Polska Kasa Opieki Spółka Akcyjna;58-200;Dzierżoniów;
124;0203;PKOPPLPWXXX;Bank Polska Kasa Opieki Spółka Akcyjna;01-459;Warszawa;
124;0206;PKOPPLPWXXX;Bank Polska Kasa Opieki Spółka Akcyjna;00-867;Warszawa;
124;0207;PKOPPLPWXXX;Bank Polska Kasa Opieki Spółka Akcyjna;71-410;Szczecin;
124;0208;PKOPPLPWXXX;Bank Polska Kasa Opieki Spółka Akcyjna;00-958;Warszawa;
124;0209;PKOPPLPWXXX;Bank Polska Kasa Opieki Spółka Akcyjna;71-410;Szczecin;
124;0210;PKOPPLPWXXX;Bank Polska Kasa Opieki Spółka Akcyjna;01-066;Warszawa;
124;0211;PKOPPLPWXXX;Bank Polska Kasa Opieki Spółka Akcyjna;05-400;Otwock;
124;0212;PKOPPLPWXXX;Bank Polska Kasa Opieki Spółka Akcyjna;80-894;Gdańsk;
124;0213;PKOPPLPWXXX;Bank Polska Kasa Opieki Spółka Akcyjna;02-592;Warszawa;
124;0214;PKOPPLPWXXX;Bank Polska Kasa Opieki Spółka Akcyjna;05-070;Sulejówek;
124;0215;PKOPPLPWXXX;Bank Polska Kasa Opieki Spółka Akcyjna;00-139;Warszawa;
124;0216;PKOPPLPWXXX;Bank Polska Kasa Opieki Spółka Akcyjna;05-870;Błonie;
124;0217;PKOPPLPWXXX;Bank Polska Kasa Opieki Spółka Akcyjna;21-500;Biała Podlaska;
124;0218;PKOPPLPWXXX;Bank Polska Kasa Opieki Spółka Akcyjna;21-300;Radzyń Podlaski;
124;0219;PKOPPLPWXXX;Bank Polska Kasa Opieki Spółka Akcyjna;08-110;Siedlce;
124;0221;PKOPPLPWXXX;Bank Polska Kasa Opieki Spółka Akcyjna;17-300;Siemiatycze;
124;0222;PKOPPLPWXXX;Bank Polska Kasa Opieki Spółka Akcyjna;22-100;Chełm;
124;0223;PKOPPLPWXXX;Bank Polska Kasa Opieki Spółka Akcyjna;22-300;Krasnystaw;
124;0224;PKOPPLPWXXX;Bank Polska Kasa Opieki Spółka Akcyjna;22-200;Włodawa;
124;0225;PKOPPLPWXXX;Bank Polska Kasa Opieki Spółka Akcyjna;42-217;Częstochowa;
124;0226;PKOPPLPWXXX;Bank Polska Kasa Opieki Spółka Akcyjna;82-300;Elbląg;
124;0227;PKOPPLPWXXX;Bank Polska Kasa Opieki Spółka Akcyjna;27-400;Ostrowiec Świętokrzyski;
124;0228;PKOPPLPWXXX;Bank Polska Kasa Opieki Spółka Akcyjna;27-200;Starachowice;
124;0229;PKOPPLPWXXX;Bank Polska Kasa Opieki Spółka Akcyjna;30-960;Kraków;
124;0230;PKOPPLPWXXX;Bank Polska Kasa Opieki Spółka Akcyjna;30-504;Kraków;
124;0231;PKOPPLPWXXX;Bank Polska Kasa Opieki Spółka Akcyjna;38-400;Krosno;
124;0232;PKOPPLPWXXX;Bank Polska Kasa Opieki Spółka Akcyjna;36-200;Brzozów;
124;0233;PKOPPLPWXXX;Bank Polska Kasa Opieki Spółka Akcyjna;38-200;Jasło;
124;0234;PKOPPLPWXXX;Bank Polska Kasa Opieki Spółka Akcyjna;38-500;Sanok;
124;0235;PKOPPLPWXXX;Bank Polska Kasa Opieki Spółka Akcyjna;38-400;Krosno;
124;0236;PKOPPLPWXXX;Bank Polska Kasa Opieki Spółka Akcyjna;38-700;Ustrzyki Dolne;
124;0237;PKOPPLPWXXX;Bank Polska Kasa Opieki Spółka Akcyjna;38-400;Krosno;
124;0238;PKOPPLPWXXX;Bank Polska Kasa Opieki Spółka Akcyjna;20-076;Lublin;
124;0239;PKOPPLPWXXX;Bank Polska Kasa Opieki Spółka Akcyjna;23-200;Kraśnik;
124;0240;PKOPPLPWXXX;Bank Polska Kasa Opieki Spółka Akcyjna;21-100;Lubartów;
124;0241;PKOPPLPWXXX;Bank Polska Kasa Opieki Spółka Akcyjna;24-100;Puławy;
124;0242;PKOPPLPWXXX;Bank Polska Kasa Opieki Spółka Akcyjna;08-500;Ryki;
124;0243;PKOPPLPWXXX;Bank Polska Kasa Opieki Spółka Akcyjna;24-200;Bełżyce;
124;0244;PKOPPLPWXXX;Bank Polska Kasa Opieki Spółka Akcyjna;23-100;Bychawa;
124;0245;PKOPPLPWXXX;Bank Polska Kasa Opieki Spółka Akcyjna;21-040;Świdnik;
124;0246;PKOPPLPWXXX;Bank Polska Kasa Opieki Spółka Akcyjna;24-320;Poniatowa;
124;0247;PKOPPLPWXXX;Bank Polska Kasa Opieki Spółka Akcyjna;20-880;Lublin;
124;0248;PKOPPLPWXXX;Bank Polska Kasa Opieki Spółka Akcyjna;23-210;Kraśnik;
124;0249;PKOPPLPWXXX;Bank Polska Kasa Opieki Spółka Akcyjna;20-410;Lublin;
124;0250;PKOPPLPWXXX;Bank Polska Kasa Opieki Spółka Akcyjna;20-718;Lublin;
124;0251;PKOPPLPWXXX;Bank Polska Kasa Opieki Spółka Akcyjna;21-040;Świdnik;
124;0252;PKOPPLPWXXX;Bank Polska Kasa Opieki Spółka Akcyjna;20-410;Lublin;
124;0253;PKOPPLPWXXX;Bank Polska Kasa Opieki Spółka Akcyjna;92-541;Łódź;
124;0254;PKOPPLPWXXX;Bank Polska Kasa Opieki Spółka Akcyjna;38-300;Gorlice;
124;0255;PKOPPLPWXXX;Bank Polska Kasa Opieki Spółka Akcyjna;14-100;Ostróda;
124;0256;PKOPPLPWXXX;Bank Polska Kasa Opieki Spółka Akcyjna;37-700;Przemyśl;
124;0257;PKOPPLPWXXX;Bank Polska Kasa Opieki Spółka Akcyjna;37-500;Jarosław;
124;0258;PKOPPLPWXXX;Bank Polska Kasa Opieki Spółka Akcyjna;37-600;Lubaczów;
124;0259;PKOPPLPWXXX;Bank Polska Kasa Opieki Spółka Akcyjna;37-200;Przeworsk;
124;0260;PKOPPLPWXXX;Bank Polska Kasa Opieki Spółka Akcyjna;37-550;Radymno;
124;0261;PKOPPLPWXXX;Bank Polska Kasa Opieki Spółka Akcyjna;35-959;Rzeszów;
124;0262;PKOPPLPWXXX;Bank Polska Kasa Opieki Spółka Akcyjna;36-100;Kolbuszowa;
124;0263;PKOPPLPWXXX;Bank Polska Kasa Opieki Spółka Akcyjna;37-300;Leżajsk;
124;0264;PKOPPLPWXXX;Bank Polska Kasa Opieki Spółka Akcyjna;37-100;Łańcut;
124;0265;PKOPPLPWXXX;Bank Polska Kasa Opieki Spółka Akcyjna;39-300;Mielec;
124;0266;PKOPPLPWXXX;Bank Polska Kasa Opieki Spółka Akcyjna;39-100;Ropczyce;
124;0267;PKOPPLPWXXX;Bank Polska Kasa Opieki Spółka Akcyjna;38-100;Strzyżów;
124;0268;PKOPPLPWXXX;Bank Polska Kasa Opieki Spółka Akcyjna;08-110;Siedlce;
124;0269;PKOPPLPWXXX;Bank Polska Kasa Opieki Spółka Akcyjna;21-400;Łuków;
124;0270;PKOPPLPWXXX;Bank Polska Kasa Opieki Spółka Akcyjna;05-300;Mińsk Mazowiecki;
124;0271;PKOPPLPWXXX;Bank Polska Kasa Opieki Spółka Akcyjna;08-300;Sokołów Podlaski;
124;0272;PKOPPLPWXXX;Bank Polska Kasa Opieki Spółka Akcyjna;08-400;Garwolin;
124;0273;PKOPPLPWXXX;Bank Polska Kasa Opieki Spółka Akcyjna;07-100;Węgrów;
124;0274;PKOPPLPWXXX;Bank Polska Kasa Opieki Spółka Akcyjna;39-400;Tarnobrzeg;
124;0275;PKOPPLPWXXX;Bank Polska Kasa Opieki Spółka Akcyjna;23-300;Janów Lubelski;
124;0276;PKOPPLPWXXX;Bank Polska Kasa Opieki Spółka Akcyjna;37-400;Nisko;
124;0277;PKOPPLPWXXX;Bank Polska Kasa Opieki Spółka Akcyjna;27-500;Opatów;
124;0278;PKOPPLPWXXX;Bank Polska Kasa Opieki Spółka Akcyjna;27-600;Sandomierz;
124;0279;PKOPPLPWXXX;Bank Polska Kasa Opieki Spółka Akcyjna;37-450;Stalowa Wola;
124;0280;PKOPPLPWXXX;Bank Polska Kasa Opieki Spółka Akcyjna;28-200;Staszów;
124;0281;PKOPPLPWXXX;Bank Polska Kasa Opieki Spółka Akcyjna;22-400;Zamość;
124;0282;PKOPPLPWXXX;Bank Polska Kasa Opieki Spółka Akcyjna;22-500;Hrubieszów;
124;0283;PKOPPLPWXXX;Bank Polska Kasa Opieki Spółka Akcyjna;22-600;Tomaszów Lubelski;
124;0284;PKOPPLPWXXX;Bank Polska Kasa Opieki Spółka Akcyjna;23-400;Biłgoraj;
124;0285;PKOPPLPWXXX;Bank Polska Kasa Opieki Spółka Akcyjna;08-530;Dęblin;
124;0286;PKOPPLPWXXX;Bank Polska Kasa Opieki Spółka Akcyjna;08-450;Łaskarzew;
124;0287;PKOPPLPWXXX;Bank Polska Kasa Opieki Spółka Akcyjna;24-300;Opole Lubelskie;
124;0288;PKOPPLPWXXX;Bank Polska Kasa Opieki Spółka Akcyjna;00-139;Warszawa;
124;0289;PKOPPLPWXXX;Bank Polska Kasa Opieki Spółka Akcyjna;15-092;Białystok;
124;0290;PKOPPLPWXXX;Bank Polska Kasa Opieki Spółka Akcyjna;17-100;Bielsk Podlaski;
124;0291;PKOPPLPWXXX;Bank Polska Kasa Opieki Spółka Akcyjna;13-200;Działdowo;
124;0292;PKOPPLPWXXX;Bank Polska Kasa Opieki Spółka Akcyjna;80-864;Gdańsk;
124;0293;PKOPPLPWXXX;Bank Polska Kasa Opieki Spółka Akcyjna;81-391;Gdynia;
124;0294;PKOPPLPWXXX;Bank Polska Kasa Opieki Spółka Akcyjna;62-800;Kalisz;
124;0295;PKOPPLPWXXX;Bank Polska Kasa Opieki Spółka Akcyjna;40-006;Katowice;
124;0296;PKOPPLPWXXX;Bank Polska Kasa Opieki Spółka Akcyjna;40-851;Katowice;
124;0297;PKOPPLPWXXX;Bank Polska Kasa Opieki Spółka Akcyjna;41-500;Chorzów;
124;0298;PKOPPLPWXXX;Bank Polska Kasa Opieki Spółka Akcyjna;41-200;Sosnowiec;
124;0299;PKOPPLPWXXX;Bank Polska Kasa Opieki Spółka Akcyjna;44-100;Gliwice;
124;0300;PKOPPLPWXXX;Bank Polska Kasa Opieki Spółka Akcyjna;31-024;Kraków;
124;0301;PKOPPLPWXXX;Bank Polska Kasa Opieki Spółka Akcyjna;90-722;Łódź;
124;0302;PKOPPLPWXXX;Bank Polska Kasa Opieki Spółka Akcyjna;93-004;Łódź;
124;0303;PKOPPLPWXXX;Bank Polska Kasa Opieki Spółka Akcyjna;90-057;Łódź;
124;0304;PKOPPLPWXXX;Bank Polska Kasa Opieki Spółka Akcyjna;95-200;Pabianice;
124;0305;PKOPPLPWXXX;Bank Polska Kasa Opieki Spółka Akcyjna;95-100;Zgierz;
124;0306;PKOPPLPWXXX;Bank Polska Kasa Opieki Spółka Akcyjna;91-402;Łódź;
124;0307;PKOPPLPWXXX;Bank Polska Kasa Opieki Spółka Akcyjna;90-057;Łódź;
124;0308;PKOPPLPWXXX;Bank Polska Kasa Opieki Spółka Akcyjna;92-541;Łódź;
124;0309;PKOPPLPWXXX;Bank Polska Kasa Opieki Spółka Akcyjna;95-040;Koluszki;
124;0310;PKOPPLPWXXX;Bank Polska Kasa Opieki Spółka Akcyjna;45-018;Opole;
124;0311;PKOPPLPWXXX;Bank Polska Kasa Opieki Spółka Akcyjna;97-300;Piotrków Trybunalski;
124;0312;PKOPPLPWXXX;Bank Polska Kasa Opieki Spółka Akcyjna;26-300;Opoczno;
124;0313;PKOPPLPWXXX;Bank Polska Kasa Opieki Spółka Akcyjna;97-500;Radomsko;
124;0314;PKOPPLPWXXX;Bank Polska Kasa Opieki Spółka Akcyjna;97-200;Tomaszów Mazowiecki;
124;0315;PKOPPLPWXXX;Bank Polska Kasa Opieki Spółka Akcyjna;97-400;Bełchatów;
124;0316;PKOPPLPWXXX;Bank Polska Kasa Opieki Spółka Akcyjna;95-040;Koluszki;
124;0317;PKOPPLPWXXX;Bank Polska Kasa Opieki Spółka Akcyjna;09-402;Płock;
124;0318;PKOPPLPWXXX;Bank Polska Kasa Opieki Spółka Akcyjna;09-500;Gostynin;
124;0319;PKOPPLPWXXX;Bank Polska Kasa Opieki Spółka Akcyjna;99-300;Kutno;
124;0320;PKOPPLPWXXX;Bank Polska Kasa Opieki Spółka Akcyjna;09-200;Sierpc;
124;0321;PKOPPLPWXXX;Bank Polska Kasa Opieki Spółka Akcyjna;09-300;Żuromin;
124;0322;PKOPPLPWXXX;Bank Polska Kasa Opieki Spółka Akcyjna;61-739;Poznań;
124;0323;PKOPPLPWXXX;Bank Polska Kasa Opieki Spółka Akcyjna;61-739;Poznań;
124;0324;PKOPPLPWXXX;Bank Polska Kasa Opieki Spółka Akcyjna;62-300;Września;
124;0325;PKOPPLPWXXX;Bank Polska Kasa Opieki Spółka Akcyjna;26-600;Radom;
124;0326;PKOPPLPWXXX;Bank Polska Kasa Opieki Spółka Akcyjna;27-300;Lipsko;
124;0327;PKOPPLPWXXX;Bank Polska Kasa Opieki Spółka Akcyjna;98-200;Sieradz;
124;0328;PKOPPLPWXXX;Bank Polska Kasa Opieki Spółka Akcyjna;98-100;Łask;
124;0329;PKOPPLPWXXX;Bank Polska Kasa Opieki Spółka Akcyjna;98-300;Wieluń;
124;0330;PKOPPLPWXXX;Bank Polska Kasa Opieki Spółka Akcyjna;98-220;Zduńska Wola;
124;0331;PKOPPLPWXXX;Bank Polska Kasa Opieki Spółka Akcyjna;95-200;Pabianice;
124;0332;PKOPPLPWXXX;Bank Polska Kasa Opieki Spółka Akcyjna;96-100;Skierniewice;
124;0333;PKOPPLPWXXX;Bank Polska Kasa Opieki Spółka Akcyjna;95-040;Koluszki;
124;0334;PKOPPLPWXXX;Bank Polska Kasa Opieki Spółka Akcyjna;99-400;Łowicz;
124;0335;PKOPPLPWXXX;Bank Polska Kasa Opieki Spółka Akcyjna;96-300;Żyrardów;
124;0336;PKOPPLPWXXX;Bank Polska Kasa Opieki Spółka Akcyjna;16-400;Suwałki;
124;0337;PKOPPLPWXXX;Bank Polska Kasa Opieki Spółka Akcyjna;19-300;Ełk;
124;0338;PKOPPLPWXXX;Bank Polska Kasa Opieki Spółka Akcyjna;87-800;Włocławek;
124;0339;PKOPPLPWXXX;Bank Polska Kasa Opieki Spółka Akcyjna;87-600;Lipno;
124;0340;PKOPPLPWXXX;Bank Polska Kasa Opieki Spółka Akcyjna;87-500;Rypin;
124;0341;PKOPPLPWXXX;Bank Polska Kasa Opieki Spółka Akcyjna;91-151;Łódź;
124;0342;PKOPPLPWXXX;Bank Polska Kasa Opieki Spółka Akcyjna;95-050;Konstantynów;
124;0343;PKOPPLPWXXX;Bank Polska Kasa Opieki Spółka Akcyjna;95-030;Rzgów;
124;0344;PKOPPLPWXXX;Bank Polska Kasa Opieki Spółka Akcyjna;93-004;Łódź;
124;0345;PKOPPLPWXXX;Bank Polska Kasa Opieki Spółka Akcyjna;95-080;Tuszyn;
124;0346;PKOPPLPWXXX;Bank Polska Kasa Opieki Spółka Akcyjna;50-079;Wrocław;
124;0347;PKOPPLPWXXX;Bank Polska Kasa Opieki Spółka Akcyjna;09-100;Płońsk;
124;0348;PKOPPLPWXXX;Bank Polska Kasa Opieki Spółka Akcyjna;05-100;Nowy Dwór Mazowiecki;
124;0349;PKOPPLPWXXX;Bank Polska Kasa Opieki Spółka Akcyjna;85-069;Bydgoszcz;
124;0350;PKOPPLPWXXX;Bank Polska Kasa Opieki Spółka Akcyjna;86-050;Solec Kujawski;
124;0351;PKOPPLPWXXX;Bank Polska Kasa Opieki Spółka Akcyjna;81-366;Gdynia;
124;0352;PKOPPLPWXXX;Bank Polska Kasa Opieki Spółka Akcyjna;81-319;Gdynia;
124;0353;PKOPPLPWXXX;Bank Polska Kasa Opieki Spółka Akcyjna;81-366;Gdynia;
124;0354;PKOPPLPWXXX;Bank Polska Kasa Opieki Spółka Akcyjna;66-400;Gorzów Wielkopolski;
124;0355;PKOPPLPWXXX;Bank Polska Kasa Opieki Spółka Akcyjna;74-400;Dębno;
124;0356;PKOPPLPWXXX;Bank Polska Kasa Opieki Spółka Akcyjna;64-400;Międzychód;
124;0357;PKOPPLPWXXX;Bank Polska Kasa Opieki Spółka Akcyjna;66-300;Międzyrzecz;
124;0358;PKOPPLPWXXX;Bank Polska Kasa Opieki Spółka Akcyjna;74-300;Myślibórz;
124;0359;PKOPPLPWXXX;Bank Polska Kasa Opieki Spółka Akcyjna;66-440;Skwierzyna;
124;0360;PKOPPLPWXXX;Bank Polska Kasa Opieki Spółka Akcyjna;69-100;Słubice;
124;0361;PKOPPLPWXXX;Bank Polska Kasa Opieki Spółka Akcyjna;66-500;Strzelce Krajeńskie;
124;0362;PKOPPLPWXXX;Bank Polska Kasa Opieki Spółka Akcyjna;69-200;Sulęcin;
124;0363;PKOPPLPWXXX;Bank Polska Kasa Opieki Spółka Akcyjna;73-200;Choszczno;
124;0364;PKOPPLPWXXX;Bank Polska Kasa Opieki Spółka Akcyjna;66-400;Gorzów Wielkopolski;
124;0365;PKOPPLPWXXX;Bank Polska Kasa Opieki Spółka Akcyjna;75-204;Koszalin;
124;0366;PKOPPLPWXXX;Bank Polska Kasa Opieki Spółka Akcyjna;78-200;Białogard;
124;0367;PKOPPLPWXXX;Bank Polska Kasa Opieki Spółka Akcyjna;78-400;Szczecinek;
124;0368;PKOPPLPWXXX;Bank Polska Kasa Opieki Spółka Akcyjna;78-300;Świdwin;
124;0369;PKOPPLPWXXX;Bank Polska Kasa Opieki Spółka Akcyjna;64-920;Piła;
124;0370;PKOPPLPWXXX;Bank Polska Kasa Opieki Spółka Akcyjna;64-700;Czarnków;
124;0371;PKOPPLPWXXX;Bank Polska Kasa Opieki Spółka Akcyjna;78-600;Wałcz;
124;0372;PKOPPLPWXXX;Bank Polska Kasa Opieki Spółka Akcyjna;62-100;Wągrowiec;
124;0373;PKOPPLPWXXX;Bank Polska Kasa Opieki Spółka Akcyjna;77-400;Złotów;
124;0374;PKOPPLPWXXX;Bank Polska Kasa Opieki Spółka Akcyjna;64-980;Trzcianka;
124;0375;PKOPPLPWXXX;Bank Polska Kasa Opieki Spółka Akcyjna;64-510;Wronki;
124;0376;PKOPPLPWXXX;Bank Polska Kasa Opieki Spółka Akcyjna;61-773;Poznań;
124;0377;PKOPPLPWXXX;Bank Polska Kasa Opieki Spółka Akcyjna;76-200;Słupsk;
124;0378;PKOPPLPWXXX;Bank Polska Kasa Opieki Spółka Akcyjna;77-100;Bytów;
124;0379;PKOPPLPWXXX;Bank Polska Kasa Opieki Spółka Akcyjna;77-300;Człuchów;
124;0380;PKOPPLPWXXX;Bank Polska Kasa Opieki Spółka Akcyjna;84-300;Lębork;
124;0381;PKOPPLPWXXX;Bank Polska Kasa Opieki Spółka Akcyjna;70-470;Szczecin;
124;0382;PKOPPLPWXXX;Bank Polska Kasa Opieki Spółka Akcyjna;70-215;Szczecin;
124;0383;PKOPPLPWXXX;Bank Polska Kasa Opieki Spółka Akcyjna;72-100;Goleniów;
124;0384;PKOPPLPWXXX;Bank Polska Kasa Opieki Spółka Akcyjna;72-300;Gryfice;
124;0385;PKOPPLPWXXX;Bank Polska Kasa Opieki Spółka Akcyjna;74-100;Gryfino;
124;0386;PKOPPLPWXXX;Bank Polska Kasa Opieki Spółka Akcyjna;72-400;Kamień Pomorski;
124;0387;PKOPPLPWXXX;Bank Polska Kasa Opieki Spółka Akcyjna;73-150;Łobez;
124;0388;PKOPPLPWXXX;Bank Polska Kasa Opieki Spółka Akcyjna;72-200;Nowogard;
124;0389;PKOPPLPWXXX;Bank Polska Kasa Opieki Spółka Akcyjna;74-200;Pyrzyce;
124;0390;PKOPPLPWXXX;Bank Polska Kasa Opieki Spółka Akcyjna;73-110;Stargard;
124;0391;PKOPPLPWXXX;Bank Polska Kasa Opieki Spółka Akcyjna;72-600;Świnoujście;
124;0392;PKOPPLPWXXX;Bank Polska Kasa Opieki Spółka Akcyjna;70-400;Szczecin;
124;0393;PKOPPLPWXXX;Bank Polska Kasa Opieki Spółka Akcyjna;70-470;Szczecin;
124;0394;PKOPPLPWXXX;Bank Polska Kasa Opieki Spółka Akcyjna;72-010;Police;
124;0395;PKOPPLPWXXX;Bank Polska Kasa Opieki Spółka Akcyjna;74-500;Chojna;
124;0396;PKOPPLPWXXX;Bank Polska Kasa Opieki Spółka Akcyjna;70-777;Szczecin;
124;0397;PKOPPLPWXXX;Bank Polska Kasa Opieki Spółka Akcyjna;70-554;Szczecin;
124;0398;PKOPPLPWXXX;Bank Polska Kasa Opieki Spółka Akcyjna;72-320;Trzebiatów;
124;0399;PKOPPLPWXXX;Bank Polska Kasa Opieki Spółka Akcyjna;86-300;Grudziądz;
124;0400;PKOPPLPWXXX;Bank Polska Kasa Opieki Spółka Akcyjna;87-100;Toruń;
124;0401;PKOPPLPWXXX;Bank Polska Kasa Opieki Spółka Akcyjna;50-079;Wrocław;
124;0402;PKOPPLPWXXX;Bank Polska Kasa Opieki Spółka Akcyjna;50-079;Wrocław;
124;0403;PKOPPLPWXXX;Bank Polska Kasa Opieki Spółka Akcyjna;65-032;Zielona Góra;
124;0408;PKOPPLPWXXX;Bank Polska Kasa Opieki Spółka Akcyjna;71-410;Szczecin;
124;0409;PKOPPLPWXXX;Bank Polska Kasa Opieki Spółka Akcyjna;71-410;Szczecin;
124;0410;PKOPPLPWXXX;Bank Polska Kasa Opieki Spółka Akcyjna;02-592;Warszawa;
124;0411;PKOPPLPWXXX;Bank Polska Kasa Opieki Spółka Akcyjna;43-300;Bielsko-Biała;
124;0412;PKOPPLPWXXX;Bank Polska Kasa Opieki Spółka Akcyjna;43-340;Kozy;
124;0413;PKOPPLPWXXX;Bank Polska Kasa Opieki Spółka Akcyjna;43-370;Szczyrk;
124;0414;PKOPPLPWXXX;Bank Polska Kasa Opieki Spółka Akcyjna;43-300;Bielsko-Biała;
124;0415;PKOPPLPWXXX;Bank Polska Kasa Opieki Spółka Akcyjna;32-600;Oświęcim;
124;0416;PKOPPLPWXXX;Bank Polska Kasa Opieki Spółka Akcyjna;32-600;Oświęcim;
124;0417;PKOPPLPWXXX;Bank Polska Kasa Opieki Spółka Akcyjna;32-600;Oświęcim;
124;0418;PKOPPLPWXXX;Bank Polska Kasa Opieki Spółka Akcyjna;32-660;Chełmek;
124;0419;PKOPPLPWXXX;Bank Polska Kasa Opieki Spółka Akcyjna;34-100;Wadowice;
124;0420;PKOPPLPWXXX;Bank Polska Kasa Opieki Spółka Akcyjna;34-120;Andrychów;
124;0421;PKOPPLPWXXX;Bank Polska Kasa Opieki Spółka Akcyjna;34-130;Kalwaria Zebrzydowska;
124;0422;PKOPPLPWXXX;Bank Polska Kasa Opieki Spółka Akcyjna;40-202;Katowice;
124;0423;PKOPPLPWXXX;Bank Polska Kasa Opieki Spółka Akcyjna;32-500;Chrzanów;
124;0424;PKOPPLPWXXX;Bank Polska Kasa Opieki Spółka Akcyjna;32-065;Krzeszowice;
124;0425;PKOPPLPWXXX;Bank Polska Kasa Opieki Spółka Akcyjna;32-590;Libiąż;
124;0426;PKOPPLPWXXX;Bank Polska Kasa Opieki Spółka Akcyjna;32-540;Trzebinia;
124;0427;PKOPPLPWXXX;Bank Polska Kasa Opieki Spółka Akcyjna;44-100;Gliwice;
124;0428;PKOPPLPWXXX;Bank Polska Kasa Opieki Spółka Akcyjna;44-100;Gliwice;
124;0429;PKOPPLPWXXX;Bank Polska Kasa Opieki Spółka Akcyjna;44-100;Gliwice;
124;0430;PKOPPLPWXXX;Bank Polska Kasa Opieki Spółka Akcyjna;44-194;Knurów;
124;0431;PKOPPLPWXXX;Bank Polska Kasa Opieki Spółka Akcyjna;41-400;Mysłowice;
124;0433;PKOPPLPWXXX;Bank Polska Kasa Opieki Spółka Akcyjna;43-100;Tychy;
124;0434;PKOPPLPWXXX;Bank Polska Kasa Opieki Spółka Akcyjna;41-407;Imielin;
124;0435;PKOPPLPWXXX;Bank Polska Kasa Opieki Spółka Akcyjna;44-200;Rybnik;
124;0436;PKOPPLPWXXX;Bank Polska Kasa Opieki Spółka Akcyjna;44-200;Rybnik;
124;0437;PKOPPLPWXXX;Bank Polska Kasa Opieki Spółka Akcyjna;44-240;Żory;
124;0438;PKOPPLPWXXX;Bank Polska Kasa Opieki Spółka Akcyjna;44-335;Jastrzębie-Zdrój;
124;0439;PKOPPLPWXXX;Bank Polska Kasa Opieki Spółka Akcyjna;44-200;Rybnik;
124;0440;PKOPPLPWXXX;Bank Polska Kasa Opieki Spółka Akcyjna;44-200;Rybnik;
124;0441;PKOPPLPWXXX;Bank Polska Kasa Opieki Spółka Akcyjna;25-519;Kielce;
124;0443;PKOPPLPWXXX;Bank Polska Kasa Opieki Spółka Akcyjna;30-504;Kraków;
124;0444;PKOPPLPWXXX;Bank Polska Kasa Opieki Spółka Akcyjna;30-418;Kraków;
124;0445;PKOPPLPWXXX;Bank Polska Kasa Opieki Spółka Akcyjna;30-663;Kraków;
124;0446;PKOPPLPWXXX;Bank Polska Kasa Opieki Spółka Akcyjna;30-387;Kraków;
124;0447;PKOPPLPWXXX;Bank Polska Kasa Opieki Spółka Akcyjna;30-663;Kraków;
124;0448;PKOPPLPWXXX;Bank Polska Kasa Opieki Spółka Akcyjna;32-050;Skawina;
124;0450;PKOPPLPWXXX;Bank Polska Kasa Opieki Spółka Akcyjna;30-418;Kraków;
124;0451;PKOPPLPWXXX;Bank Polska Kasa Opieki Spółka Akcyjna;30-663;Kraków;
124;0452;PKOPPLPWXXX;Bank Polska Kasa Opieki Spółka Akcyjna;32-400;Myślenice;
124;0453;PKOPPLPWXXX;Bank Polska Kasa Opieki Spółka Akcyjna;31-445;Kraków;
124;0454;PKOPPLPWXXX;Bank Polska Kasa Opieki Spółka Akcyjna;31-357;Kraków;
124;0455;PKOPPLPWXXX;Bank Polska Kasa Opieki Spółka Akcyjna;31-445;Kraków;
124;0456;PKOPPLPWXXX;Bank Polska Kasa Opieki Spółka Akcyjna;31-445;Kraków;
124;0457;PKOPPLPWXXX;Bank Polska Kasa Opieki Spółka Akcyjna;30-201;Kraków;
124;0458;PKOPPLPWXXX;Bank Polska Kasa Opieki Spółka Akcyjna;31-926;Kraków;
124;0459;PKOPPLPWXXX;Bank Polska Kasa Opieki Spółka Akcyjna;31-610;Kraków;
124;0460;PKOPPLPWXXX;Bank Polska Kasa Opieki Spółka Akcyjna;31-939;Kraków;
124;0461;PKOPPLPWXXX;Bank Polska Kasa Opieki Spółka Akcyjna;31-926;Kraków;
124;0462;PKOPPLPWXXX;Bank Polska Kasa Opieki Spółka Akcyjna;31-926;Kraków;
124;0463;PKOPPLPWXXX;Bank Polska Kasa Opieki Spółka Akcyjna;31-610;Kraków;
124;0464;PKOPPLPWXXX;Bank Polska Kasa Opieki Spółka Akcyjna;31-926;Kraków;
124;0465;PKOPPLPWXXX;Bank Polska Kasa Opieki Spółka Akcyjna;31-553;Kraków;
124;0466;PKOPPLPWXXX;Bank Polska Kasa Opieki Spółka Akcyjna;31-476;Kraków;
124;0467;PKOPPLPWXXX;Bank Polska Kasa Opieki Spółka Akcyjna;31-476;Kraków;
124;0468;PKOPPLPWXXX;Bank Polska Kasa Opieki Spółka Akcyjna;31-548;Kraków;
124;0469;PKOPPLPWXXX;Bank Polska Kasa Opieki Spółka Akcyjna;31-548;Kraków;
124;0470;PKOPPLPWXXX;Bank Polska Kasa Opieki Spółka Akcyjna;31-548;Kraków;
124;0471;PKOPPLPWXXX;Bank Polska Kasa Opieki Spółka Akcyjna;31-548;Kraków;
124;0472;PKOPPLPWXXX;Bank Polska Kasa Opieki Spółka Akcyjna;31-445;Kraków;
124;0473;PKOPPLPWXXX;Bank Polska Kasa Opieki Spółka Akcyjna;32-083;Balice;
124;0474;PKOPPLPWXXX;Bank Polska Kasa Opieki Spółka Akcyjna;33-300;Nowy Sącz;
124;0475;PKOPPLPWXXX;Bank Polska Kasa Opieki Spółka Akcyjna;35-060;Rzeszów;
124;0476;PKOPPLPWXXX;Bank Polska Kasa Opieki Spółka Akcyjna;35-060;Rzeszów;
124;0477;PKOPPLPWXXX;Bank Polska Kasa Opieki Spółka Akcyjna;35-060;Rzeszów;
124;0479;PKOPPLPWXXX;Bank Polska Kasa Opieki Spółka Akcyjna;37-450;Stalowa Wola;
124;0480;PKOPPLPWXXX;Bank Polska Kasa Opieki Spółka Akcyjna;39-200;Dębica;
124;0481;PKOPPLPWXXX;Bank Polska Kasa Opieki Spółka Akcyjna;39-200;Dębica;
124;0482;PKOPPLPWXXX;Bank Polska Kasa Opieki Spółka Akcyjna;41-219;Sosnowiec;
124;0483;PKOPPLPWXXX;Bank Polska Kasa Opieki Spółka Akcyjna;41-200;Sosnowiec;
124;0484;PKOPPLPWXXX;Bank Polska Kasa Opieki Spółka Akcyjna;41-800;Zabrze;
124;0485;PKOPPLPWXXX;Bank Polska Kasa Opieki Spółka Akcyjna;32-650;Kęty;
124;0486;PKOPPLPWXXX;Bank Polska Kasa Opieki Spółka Akcyjna;32-650;Kęty;
124;0487;PKOPPLPWXXX;Bank Polska Kasa Opieki Spółka Akcyjna;34-200;Sucha Beskidzka;
124;0488;PKOPPLPWXXX;Bank Polska Kasa Opieki Spółka Akcyjna;34-300;Żywiec;
124;0489;PKOPPLPWXXX;Bank Polska Kasa Opieki Spółka Akcyjna;34-300;Żywiec;
124;0490;PKOPPLPWXXX;Bank Polska Kasa Opieki Spółka Akcyjna;41-300;Dąbrowa Górnicza;
124;0491;PKOPPLPWXXX;Bank Polska Kasa Opieki Spółka Akcyjna;42-400;Zawiercie;
124;0492;PKOPPLPWXXX;Bank Polska Kasa Opieki Spółka Akcyjna;41-300;Dąbrowa Górnicza;
124;0493;PKOPPLPWXXX;Bank Polska Kasa Opieki Spółka Akcyjna;42-400;Zawiercie;
124;0494;PKOPPLPWXXX;Bank Polska Kasa Opieki Spółka Akcyjna;32-300;Olkusz;
124;0495;PKOPPLPWXXX;Bank Polska Kasa Opieki Spółka Akcyjna;32-310;Klucze;
124;0496;PKOPPLPWXXX;Bank Polska Kasa Opieki Spółka Akcyjna;32-300;Olkusz;
124;0497;PKOPPLPWXXX;Bank Polska Kasa Opieki Spółka Akcyjna;33-230;Szczucin;
124;0498;PKOPPLPWXXX;Bank Polska Kasa Opieki Spółka Akcyjna;28-300;Jędrzejów;
124;0499;PKOPPLPWXXX;Bank Polska Kasa Opieki Spółka Akcyjna;28-340;Sędziszów;
124;0500;PKOPPLPWXXX;Bank Polska Kasa Opieki Spółka Akcyjna;26-200;Końskie;
124;0501;PKOPPLPWXXX;Bank Polska Kasa Opieki Spółka Akcyjna;26-220;Stąporków;
124;0503;PKOPPLPWXXX;Bank Polska Kasa Opieki Spółka Akcyjna;27-400;Ostrowiec Świętokrzyski;
124;0504;PKOPPLPWXXX;Bank Polska Kasa Opieki Spółka Akcyjna;26-110;Skarżysko-Kamienna;
124;0505;PKOPPLPWXXX;Bank Polska Kasa Opieki Spółka Akcyjna;32-400;Myślenice;
124;0506;PKOPPLPWXXX;Bank Polska Kasa Opieki Spółka Akcyjna;32-400;Myślenice;
124;0507;PKOPPLPWXXX;Bank Polska Kasa Opieki Spółka Akcyjna;32-400;Myślenice;
124;0508;PKOPPLPWXXX;Bank Polska Kasa Opieki Spółka Akcyjna;32-020;Wieliczka;
124;0510;PKOPPLPWXXX;Bank Polska Kasa Opieki Spółka Akcyjna;32-005;Niepołomice;
124;0511;PKOPPLPWXXX;Bank Polska Kasa Opieki Spółka Akcyjna;38-300;Gorlice;
124;0512;PKOPPLPWXXX;Bank Polska Kasa Opieki Spółka Akcyjna;34-600;Limanowa;
124;0513;PKOPPLPWXXX;Bank Polska Kasa Opieki Spółka Akcyjna;34-400;Nowy Targ;
124;0514;PKOPPLPWXXX;Bank Polska Kasa Opieki Spółka Akcyjna;34-700;Rabka-Zdrój;
124;0515;PKOPPLPWXXX;Bank Polska Kasa Opieki Spółka Akcyjna;34-600;Limanowa;
124;0516;PKOPPLPWXXX;Bank Polska Kasa Opieki Spółka Akcyjna;34-500;Zakopane;
124;0517;PKOPPLPWXXX;Bank Polska Kasa Opieki Spółka Akcyjna;45-018;Opole;
124;0518;PKOPPLPWXXX;Bank Polska Kasa Opieki Spółka Akcyjna;39-300;Mielec;
124;0519;PKOPPLPWXXX;Bank Polska Kasa Opieki Spółka Akcyjna;33-100;Tarnów;
124;0520;PKOPPLPWXXX;Bank Polska Kasa Opieki Spółka Akcyjna;32-700;Bochnia;
124;0521;PKOPPLPWXXX;Bank Polska Kasa Opieki Spółka Akcyjna;15-950;Białystok;
124;0522;PKOPPLPWXXX;Bank Polska Kasa Opieki Spółka Akcyjna;16-100;Sokółka;
124;0523;PKOPPLPWXXX;Bank Polska Kasa Opieki Spółka Akcyjna;15-092;Białystok;
124;0524;PKOPPLPWXXX;Bank Polska Kasa Opieki Spółka Akcyjna;16-100;Sokółka;
124;0525;PKOPPLPWXXX;Bank Polska Kasa Opieki Spółka Akcyjna;17-100;Bielsk Podlaski;
124;0526;PKOPPLPWXXX;Bank Polska Kasa Opieki Spółka Akcyjna;17-100;Bielsk Podlaski;
124;0527;PKOPPLPWXXX;Bank Polska Kasa Opieki Spółka Akcyjna;17-200;Hajnówka;
124;0528;PKOPPLPWXXX;Bank Polska Kasa Opieki Spółka Akcyjna;06-400;Ciechanów;
124;0529;PKOPPLPWXXX;Bank Polska Kasa Opieki Spółka Akcyjna;06-300;Przasnysz;
124;0530;PKOPPLPWXXX;Bank Polska Kasa Opieki Spółka Akcyjna;06-100;Pułtusk;
124;0531;PKOPPLPWXXX;Bank Polska Kasa Opieki Spółka Akcyjna;05-100;Nowy Dwór Mazowiecki;
124;0532;PKOPPLPWXXX;Bank Polska Kasa Opieki Spółka Akcyjna;06-200;Maków Mazowiecki;
124;0533;PKOPPLPWXXX;Bank Polska Kasa Opieki Spółka Akcyjna;13-200;Działdowo;
124;0534;PKOPPLPWXXX;Bank Polska Kasa Opieki Spółka Akcyjna;13-200;Działdowo;
124;0535;PKOPPLPWXXX;Bank Polska Kasa Opieki Spółka Akcyjna;81-525;Gdynia;
124;0536;PKOPPLPWXXX;Bank Polska Kasa Opieki Spółka Akcyjna;84-120;Władysławowo;
124;0537;PKOPPLPWXXX;Bank Polska Kasa Opieki Spółka Akcyjna;84-150;Hel;
124;0538;PKOPPLPWXXX;Bank Polska Kasa Opieki Spółka Akcyjna;84-200;Wejherowo;
124;0539;PKOPPLPWXXX;Bank Polska Kasa Opieki Spółka Akcyjna;81-391;Gdynia;
124;0540;PKOPPLPWXXX;Bank Polska Kasa Opieki Spółka Akcyjna;80-864;Gdańsk;
124;0541;PKOPPLPWXXX;Bank Polska Kasa Opieki Spółka Akcyjna;81-874;Sopot;
124;0542;PKOPPLPWXXX;Bank Polska Kasa Opieki Spółka Akcyjna;83-050;Kolbudy;
124;0543;PKOPPLPWXXX;Bank Polska Kasa Opieki Spółka Akcyjna;80-288;Gdańsk;
124;0544;PKOPPLPWXXX;Bank Polska Kasa Opieki Spółka Akcyjna;80-309;Gdańsk;
124;0545;PKOPPLPWXXX;Bank Polska Kasa Opieki Spółka Akcyjna;80-894;Gdańsk;
124;0546;PKOPPLPWXXX;Bank Polska Kasa Opieki Spółka Akcyjna;83-000;Pruszcz Gdański;
124;0547;PKOPPLPWXXX;Bank Polska Kasa Opieki Spółka Akcyjna;80-288;Gdańsk;
124;0548;PKOPPLPWXXX;Bank Polska Kasa Opieki Spółka Akcyjna;80-288;Gdańsk;
124;0549;PKOPPLPWXXX;Bank Polska Kasa Opieki Spółka Akcyjna;20-076;Lublin;
124;0550;PKOPPLPWXXX;Bank Polska Kasa Opieki Spółka Akcyjna;20-880;Lublin;
124;0551;PKOPPLPWXXX;Bank Polska Kasa Opieki Spółka Akcyjna;24-200;Bełżyce;
124;0552;PKOPPLPWXXX;Bank Polska Kasa Opieki Spółka Akcyjna;90-722;Łódź;
124;0553;PKOPPLPWXXX;Bank Polska Kasa Opieki Spółka Akcyjna;95-200;Pabianice;
124;0554;PKOPPLPWXXX;Bank Polska Kasa Opieki Spółka Akcyjna;90-102;Łódź;
124;0555;PKOPPLPWXXX;Bank Polska Kasa Opieki Spółka Akcyjna;94-047;Łódź;
124;0556;PKOPPLPWXXX;Bank Polska Kasa Opieki Spółka Akcyjna;91-151;Łódź;
124;0557;PKOPPLPWXXX;Bank Polska Kasa Opieki Spółka Akcyjna;90-722;Łódź;
124;0558;PKOPPLPWXXX;Bank Polska Kasa Opieki Spółka Akcyjna;90-057;Łódź;
124;0559;PKOPPLPWXXX;Bank Polska Kasa Opieki Spółka Akcyjna;10-540;Olsztyn;
124;0560;PKOPPLPWXXX;Bank Polska Kasa Opieki Spółka Akcyjna;11-200;Bartoszyce;
124;0561;PKOPPLPWXXX;Bank Polska Kasa Opieki Spółka Akcyjna;11-040;Dobre Miasto;
124;0562;PKOPPLPWXXX;Bank Polska Kasa Opieki Spółka Akcyjna;07-300;Ostrów Mazowiecka;
124;0563;PKOPPLPWXXX;Bank Polska Kasa Opieki Spółka Akcyjna;07-200;Wyszków;
124;0564;PKOPPLPWXXX;Bank Polska Kasa Opieki Spółka Akcyjna;09-400;Płock;
124;0565;PKOPPLPWXXX;Bank Polska Kasa Opieki Spółka Akcyjna;09-400;Płock;
124;0566;PKOPPLPWXXX;Bank Polska Kasa Opieki Spółka Akcyjna;05-600;Grójec;
124;0567;PKOPPLPWXXX;Bank Polska Kasa Opieki Spółka Akcyjna;05-600;Grójec;
124;0568;PKOPPLPWXXX;Bank Polska Kasa Opieki Spółka Akcyjna;05-600;Grójec;
124;0569;PKOPPLPWXXX;Bank Polska Kasa Opieki Spółka Akcyjna;05-600;Grójec;
124;0570;PKOPPLPWXXX;Bank Polska Kasa Opieki Spółka Akcyjna;26-600;Radom;
124;0571;PKOPPLPWXXX;Bank Polska Kasa Opieki Spółka Akcyjna;26-800;Białobrzegi;
124;0572;PKOPPLPWXXX;Bank Polska Kasa Opieki Spółka Akcyjna;26-400;Przysucha;
124;0573;PKOPPLPWXXX;Bank Polska Kasa Opieki Spółka Akcyjna;26-600;Radom;
124;0574;PKOPPLPWXXX;Bank Polska Kasa Opieki Spółka Akcyjna;19-300;Ełk;
124;0575;PKOPPLPWXXX;Bank Polska Kasa Opieki Spółka Akcyjna;19-400;Olecko;
124;0576;PKOPPLPWXXX;Bank Polska Kasa Opieki Spółka Akcyjna;12-100;Szczytno;
124;0577;PKOPPLPWXXX;Bank Polska Kasa Opieki Spółka Akcyjna;11-400;Kętrzyn;
124;0578;PKOPPLPWXXX;Bank Polska Kasa Opieki Spółka Akcyjna;11-500;Giżycko;
124;0579;PKOPPLPWXXX;Bank Polska Kasa Opieki Spółka Akcyjna;76-200;Słupsk;
124;0580;PKOPPLPWXXX;Bank Polska Kasa Opieki Spółka Akcyjna;97-200;Tomaszów Mazowiecki;
124;0581;PKOPPLPWXXX;Bank Polska Kasa Opieki Spółka Akcyjna;89-650;Czersk;
124;0582;PKOPPLPWXXX;Bank Polska Kasa Opieki Spółka Akcyjna;89-600;Chojnice;
124;0583;PKOPPLPWXXX;Bank Polska Kasa Opieki Spółka Akcyjna;23-200;Kraśnik;
124;0584;PKOPPLPWXXX;Bank Polska Kasa Opieki Spółka Akcyjna;18-400;Łomża;
124;0585;PKOPPLPWXXX;Bank Polska Kasa Opieki Spółka Akcyjna;07-430;Myszyniec;
124;0586;PKOPPLPWXXX;Bank Polska Kasa Opieki Spółka Akcyjna;26-900;Kozienice;
124;0587;PKOPPLPWXXX;Bank Polska Kasa Opieki Spółka Akcyjna;26-610;Radom;
124;0588;PKOPPLPWXXX;Bank Polska Kasa Opieki Spółka Akcyjna;16-100;Sokółka;
124;0589;PKOPPLPWXXX;Bank Polska Kasa Opieki Spółka Akcyjna;16-400;Suwałki;
124;0590;PKOPPLPWXXX;Bank Polska Kasa Opieki Spółka Akcyjna;22-600;Tomaszów Lubelski;
124;0591;PKOPPLPWXXX;Bank Polska Kasa Opieki Spółka Akcyjna;00-958;Warszawa;
124;0592;PKOPPLPWXXX;Bank Polska Kasa Opieki Spółka Akcyjna;02-359;Warszawa;
124;0593;PKOPPLPWXXX;Bank Polska Kasa Opieki Spółka Akcyjna;00-958;Warszawa;
124;0594;PKOPPLPWXXX;Bank Polska Kasa Opieki Spółka Akcyjna;81-044;Gdynia;
124;0595;PKOPPLPWXXX;Bank Polska Kasa Opieki Spółka Akcyjna;00-867;Warszawa;
124;0596;PKOPPLPWXXX;Bank Polska Kasa Opieki Spółka Akcyjna;00-693;Warszawa;
124;0597;PKOPPLPWXXX;Bank Polska Kasa Opieki Spółka Akcyjna;00-047;Warszawa;
124;0598;PKOPPLPWXXX;Bank Polska Kasa Opieki Spółka Akcyjna;00-950;Warszawa;
124;0599;PKOPPLPWXXX;Bank Polska Kasa Opieki Spółka Akcyjna;00-693;Warszawa;
124;0600;PKOPPLPWXXX;Bank Polska Kasa Opieki Spółka Akcyjna;00-693;Warszawa;
124;0601;PKOPPLPWXXX;Bank Polska Kasa Opieki Spółka Akcyjna;00-693;Warszawa;
124;0602;PKOPPLPWXXX;Bank Polska Kasa Opieki Spółka Akcyjna;00-958;Warszawa;
124;0604;PKOPPLPWXXX;Bank Polska Kasa Opieki Spółka Akcyjna;00-958;Warszawa;
124;0605;PKOPPLPWXXX;Bank Polska Kasa Opieki Spółka Akcyjna;01-588;Warszawa;
124;0606;PKOPPLPWXXX;Bank Polska Kasa Opieki Spółka Akcyjna;01-588;Warszawa;
124;0607;PKOPPLPWXXX;Bank Polska Kasa Opieki Spółka Akcyjna;03-708;Warszawa;
124;0608;PKOPPLPWXXX;Bank Polska Kasa Opieki Spółka Akcyjna;03-285;Warszawa;
124;0609;PKOPPLPWXXX;Bank Polska Kasa Opieki Spółka Akcyjna;03-122;Warszawa;
124;0610;PKOPPLPWXXX;Bank Polska Kasa Opieki Spółka Akcyjna;03-708;Warszawa;
124;0611;PKOPPLPWXXX;Bank Polska Kasa Opieki Spółka Akcyjna;03-122;Warszawa;
124;0612;PKOPPLPWXXX;Bank Polska Kasa Opieki Spółka Akcyjna;03-122;Warszawa;
124;0613;PKOPPLPWXXX;Bank Polska Kasa Opieki Spółka Akcyjna;04-301;Warszawa;
124;0614;PKOPPLPWXXX;Bank Polska Kasa Opieki Spółka Akcyjna;03-708;Warszawa;
124;0615;PKOPPLPWXXX;Bank Polska Kasa Opieki Spółka Akcyjna;04-041;Warszawa;
124;0616;PKOPPLPWXXX;Bank Polska Kasa Opieki Spółka Akcyjna;04-401;Warszawa;
124;0617;PKOPPLPWXXX;Bank Polska Kasa Opieki Spółka Akcyjna;00-025;Warszawa;
124;0618;PKOPPLPWXXX;Bank Polska Kasa Opieki Spółka Akcyjna;00-043;Warszawa;
124;0619;PKOPPLPWXXX;Bank Polska Kasa Opieki Spółka Akcyjna;00-025;Warszawa;
124;0620;PKOPPLPWXXX;Bank Polska Kasa Opieki Spółka Akcyjna;00-025;Warszawa;
124;0621;PKOPPLPWXXX;Bank Polska Kasa Opieki Spółka Akcyjna;00-697;Warszawa;
124;0622;PKOPPLPWXXX;Bank Polska Kasa Opieki Spółka Akcyjna;00-906;Warszawa;
124;0623;PKOPPLPWXXX;Bank Polska Kasa Opieki Spółka Akcyjna;02-670;Warszawa;
124;0624;PKOPPLPWXXX;Bank Polska Kasa Opieki Spółka Akcyjna;00-113;Warszawa;
124;0625;PKOPPLPWXXX;Bank Polska Kasa Opieki Spółka Akcyjna;02-776;Warszawa;
124;0626;PKOPPLPWXXX;Bank Polska Kasa Opieki Spółka Akcyjna;02-776;Warszawa;
124;0627;PKOPPLPWXXX;Bank Polska Kasa Opieki Spółka Akcyjna;02-776;Warszawa;
124;0628;PKOPPLPWXXX;Bank Polska Kasa Opieki Spółka Akcyjna;00-710;Warszawa;
124;0629;PKOPPLPWXXX;Bank Polska Kasa Opieki Spółka Akcyjna;00-958;Warszawa;
124;0630;PKOPPLPWXXX;Bank Polska Kasa Opieki Spółka Akcyjna;01-830;Warszawa;
124;0631;PKOPPLPWXXX;Bank Polska Kasa Opieki Spółka Akcyjna;00-958;Warszawa;
124;0632;PKOPPLPWXXX;Bank Polska Kasa Opieki Spółka Akcyjna;00-867;Warszawa;
124;0633;PKOPPLPWXXX;Bank Polska Kasa Opieki Spółka Akcyjna;05-200;Wołomin;
124;0634;PKOPPLPWXXX;Bank Polska Kasa Opieki Spółka Akcyjna;05-825;Grodzisk Mazowiecki;
124;0635;PKOPPLPWXXX;Bank Polska Kasa Opieki Spółka Akcyjna;05-500;Piaseczno;
124;0636;PKOPPLPWXXX;Bank Polska Kasa Opieki Spółka Akcyjna;05-500;Piaseczno;
124;0637;PKOPPLPWXXX;Bank Polska Kasa Opieki Spółka Akcyjna;05-530;Góra Kalwaria;
124;0638;PKOPPLPWXXX;Bank Polska Kasa Opieki Spółka Akcyjna;05-800;Pruszków;
124;0639;PKOPPLPWXXX;Bank Polska Kasa Opieki Spółka Akcyjna;05-870;Błonie;
124;0640;PKOPPLPWXXX;Bank Polska Kasa Opieki Spółka Akcyjna;05-800;Piastów;
124;0641;PKOPPLPWXXX;Bank Polska Kasa Opieki Spółka Akcyjna;02-592;Warszawa;
124;0642;PKOPPLPWXXX;Bank Polska Kasa Opieki Spółka Akcyjna;02-592;Warszawa;
124;0643;PKOPPLPWXXX;Bank Polska Kasa Opieki Spółka Akcyjna;02-592;Warszawa;
124;0644;PKOPPLPWXXX;Bank Polska Kasa Opieki Spółka Akcyjna;43-300;Bielsko-Biała;
124;0645;PKOPPLPWXXX;Bank Polska Kasa Opieki Spółka Akcyjna;85-092;Bydgoszcz;
124;0646;PKOPPLPWXXX;Bank Polska Kasa Opieki Spółka Akcyjna;89-100;Nakło nad Notecią;
124;0647;PKOPPLPWXXX;Bank Polska Kasa Opieki Spółka Akcyjna;85-092;Bydgoszcz;
124;0648;PKOPPLPWXXX;Bank Polska Kasa Opieki Spółka Akcyjna;85-791;Bydgoszcz;
124;0649;PKOPPLPWXXX;Bank Polska Kasa Opieki Spółka Akcyjna;66-400;Gorzów Wielkopolski;
124;0650;PKOPPLPWXXX;Bank Polska Kasa Opieki Spółka Akcyjna;78-100;Kołobrzeg;
124;0651;PKOPPLPWXXX;Bank Polska Kasa Opieki Spółka Akcyjna;72-410;Golczewo;
124;0652;PKOPPLPWXXX;Bank Polska Kasa Opieki Spółka Akcyjna;61-739;Poznań;
124;0653;PKOPPLPWXXX;Bank Polska Kasa Opieki Spółka Akcyjna;60-243;Poznań;
124;0654;PKOPPLPWXXX;Bank Polska Kasa Opieki Spółka Akcyjna;62-081;Przeźmierowo;
124;0655;PKOPPLPWXXX;Bank Polska Kasa Opieki Spółka Akcyjna;64-300;Nowy Tomyśl;
124;0656;PKOPPLPWXXX;Bank Polska Kasa Opieki Spółka Akcyjna;60-243;Poznań;
124;0657;PKOPPLPWXXX;Bank Polska Kasa Opieki Spółka Akcyjna;60-322;Poznań;
124;0658;PKOPPLPWXXX;Bank Polska Kasa Opieki Spółka Akcyjna;61-505;Poznań;
124;0659;PKOPPLPWXXX;Bank Polska Kasa Opieki Spółka Akcyjna;61-773;Poznań;
124;0660;PKOPPLPWXXX;Bank Polska Kasa Opieki Spółka Akcyjna;60-829;Poznań;
124;0661;PKOPPLPWXXX;Bank Polska Kasa Opieki Spółka Akcyjna;60-829;Poznań;
124;0662;PKOPPLPWXXX;Bank Polska Kasa Opieki Spółka Akcyjna;60-829;Poznań;
124;0663;PKOPPLPWXXX;Bank Polska Kasa Opieki Spółka Akcyjna;61-696;Poznań;
124;0664;PKOPPLPWXXX;Bank Polska Kasa Opieki Spółka Akcyjna;62-081;Przeźmierowo;
124;0665;PKOPPLPWXXX;Bank Polska Kasa Opieki Spółka Akcyjna;70-026;Szczecin;
124;0666;PKOPPLPWXXX;Bank Polska Kasa Opieki Spółka Akcyjna;70-215;Szczecin;
124;0667;PKOPPLPWXXX;Bank Polska Kasa Opieki Spółka Akcyjna;53-332;Wrocław;
124;0668;PKOPPLPWXXX;Bank Polska Kasa Opieki Spółka Akcyjna;50-086;Wrocław;
124;0669;PKOPPLPWXXX;Bank Polska Kasa Opieki Spółka Akcyjna;50-086;Wrocław;
124;0670;PKOPPLPWXXX;Bank Polska Kasa Opieki Spółka Akcyjna;57-300;Kłodzko;
124;0671;PKOPPLPWXXX;Bank Polska Kasa Opieki Spółka Akcyjna;57-300;Kłodzko;
124;0672;PKOPPLPWXXX;Bank Polska Kasa Opieki Spółka Akcyjna;50-083;Wrocław;
124;0673;PKOPPLPWXXX;Bank Polska Kasa Opieki Spółka Akcyjna;52-314;Wrocław;
124;0674;PKOPPLPWXXX;Bank Polska Kasa Opieki Spółka Akcyjna;50-079;Wrocław;
124;0675;PKOPPLPWXXX;Bank Polska Kasa Opieki Spółka Akcyjna;50-123;Wrocław;
124;0676;PKOPPLPWXXX;Bank Polska Kasa Opieki Spółka Akcyjna;50-079;Wrocław;
124;0677;PKOPPLPWXXX;Bank Polska Kasa Opieki Spółka Akcyjna;59-220;Legnica;
124;0678;PKOPPLPWXXX;Bank Polska Kasa Opieki Spółka Akcyjna;50-302;Wrocław;
124;0679;PKOPPLPWXXX;Bank Polska Kasa Opieki Spółka Akcyjna;54-203;Wrocław;
124;0680;PKOPPLPWXXX;Bank Polska Kasa Opieki Spółka Akcyjna;50-083;Wrocław;
124;0681;PKOPPLPWXXX;Bank Polska Kasa Opieki Spółka Akcyjna;50-106;Wrocław;
124;0682;PKOPPLPWXXX;Bank Polska Kasa Opieki Spółka Akcyjna;54-203;Wrocław;
124;0683;PKOPPLPWXXX;Bank Polska Kasa Opieki Spółka Akcyjna;50-302;Wrocław;
124;0684;PKOPPLPWXXX;Bank Polska Kasa Opieki Spółka Akcyjna;65-213;Zielona Góra;
124;0685;PKOPPLPWXXX;Bank Polska Kasa Opieki Spółka Akcyjna;68-100;Żagań;
124;0686;PKOPPLPWXXX;Bank Polska Kasa Opieki Spółka Akcyjna;66-620;Gubin;
124;0687;PKOPPLPWXXX;Bank Polska Kasa Opieki Spółka Akcyjna;62-100;Wągrowiec;
124;0688;PKOPPLPWXXX;Bank Polska Kasa Opieki Spółka Akcyjna;87-100;Toruń;
124;0689;PKOPPLPWXXX;Bank Polska Kasa Opieki Spółka Akcyjna;64-000;Kościan;
124;0690;PKOPPLPWXXX;Bank Polska Kasa Opieki Spółka Akcyjna;63-100;Śrem;
124;0691;PKOPPLPWXXX;Bank Polska Kasa Opieki Spółka Akcyjna;88-100;Inowrocław;
124;0692;PKOPPLPWXXX;Bank Polska Kasa Opieki Spółka Akcyjna;63-500;Ostrzeszów;
124;0693;PKOPPLPWXXX;Bank Polska Kasa Opieki Spółka Akcyjna;59-220;Legnica;
124;0694;PKOPPLPWXXX;Bank Polska Kasa Opieki Spółka Akcyjna;78-500;Drawsko Pomorskie;
124;0695;PKOPPLPWXXX;Bank Polska Kasa Opieki Spółka Akcyjna;71-410;Szczecin;
124;0696;PKOPPLPWXXX;Bank Polska Kasa Opieki Spółka Akcyjna;71-410;Szczecin;
124;0697;PKOPPLPWXXX;Bank Polska Kasa Opieki Spółka Akcyjna;02-670;Warszawa;
124;0698;PKOPPLPWXXX;Bank Polska Kasa Opieki Spółka Akcyjna;01-066;Warszawa;
195;0000;PKOPPLPWXXX;Bank Polska Kasa Opieki Spółka Akcyjna;01-066;Warszawa;
195;0102;PKOPPLPWXXX;Bank Polska Kasa Opieki Spółka Akcyjna;01-066;Warszawa;
132;0000;POCZPLP4XXX;Bank Pocztowy Spółka Akcyjna;85-959;Bydgoszcz;
132;0001;POCZPLP4XXX;Bank Pocztowy Spółka Akcyjna;85-959;Bydgoszcz;
132;0002;POCZPLP4XXX;Bank Pocztowy Spółka Akcyjna;85-959;Bydgoszcz;
132;0003;POCZPLP4XXX;Bank Pocztowy Spółka Akcyjna;85-959;Bydgoszcz;
132;0004;POCZPLP4XXX;Bank Pocztowy Spółka Akcyjna;85-959;Bydgoszcz;
132;0005;;Bank Pocztowy Spółka Akcyjna;85-959;Bydgoszcz;
132;0006;;Bank Pocztowy Spółka Akcyjna;85-959;Bydgoszcz;
132;0101;POCZPLP4XXX;Bank Pocztowy Spółka Akcyjna;85-959;Bydgoszcz;
132;0110;POCZPLP4XXX;Bank Pocztowy Spółka Akcyjna;85-959;Bydgoszcz;
132;0111;POCZPLP4XXX;Bank Pocztowy Spółka Akcyjna;85-959;Bydgoszcz;
132;0112;POCZPLP4XXX;Bank Pocztowy Spółka Akcyjna;85-959;Bydgoszcz;
132;0122;POCZPLP4XXX;Bank Pocztowy Spółka Akcyjna;85-959;Bydgoszcz;
132;0126;POCZPLP4XXX;Bank Pocztowy Spółka Akcyjna;85-959;Bydgoszcz;
132;0131;POCZPLP4XXX;Bank Pocztowy Spółka Akcyjna;85-959;Bydgoszcz;
132;0135;POCZPLP4XXX;Bank Pocztowy Spółka Akcyjna;85-959;Bydgoszcz;
132;0142;POCZPLP4XXX;Bank Pocztowy Spółka Akcyjna;85-959;Bydgoszcz;
132;0144;POCZPLP4XXX;Bank Pocztowy Spółka Akcyjna;85-959;Bydgoszcz;
132;0145;POCZPLP4XXX;Bank Pocztowy Spółka Akcyjna;85-959;Bydgoszcz;
132;0146;POCZPLP4XXX;Bank Pocztowy Spółka Akcyjna;85-959;Bydgoszcz;
132;0147;POCZPLP4XXX;Bank Pocztowy Spółka Akcyjna;85-959;Bydgoszcz;
132;0153;POCZPLP4XXX;Bank Pocztowy Spółka Akcyjna;85-959;Bydgoszcz;
132;0164;POCZPLP4XXX;Bank Pocztowy Spółka Akcyjna;85-959;Bydgoszcz;
132;0178;POCZPLP4XXX;Bank Pocztowy Spółka Akcyjna;85-959;Bydgoszcz;
132;0179;POCZPLP4XXX;Bank Pocztowy Spółka Akcyjna;85-959;Bydgoszcz;
132;0183;POCZPLP4XXX;Bank Pocztowy Spółka Akcyjna;85-959;Bydgoszcz;
132;0185;POCZPLP4XXX;Bank Pocztowy Spółka Akcyjna;85-959;Bydgoszcz;
132;0199;POCZPLP4XXX;Bank Pocztowy Spółka Akcyjna;85-959;Bydgoszcz;
132;0207;POCZPLP4XXX;Bank Pocztowy Spółka Akcyjna;85-959;Bydgoszcz;
132;0238;POCZPLP4XXX;Bank Pocztowy Spółka Akcyjna;85-959;Bydgoszcz;
132;0241;POCZPLP4XXX;Bank Pocztowy Spółka Akcyjna;85-959;Bydgoszcz;
132;0254;POCZPLP4XXX;Bank Pocztowy Spółka Akcyjna;85-959;Bydgoszcz;
132;0255;POCZPLP4XXX;Bank Pocztowy Spółka Akcyjna;85-959;Bydgoszcz;
154;0000;EBOSPLPWXXX;Bank Ochrony Środowiska Spółka Akcyjna;00-832;Warszawa;
154;0001;EBOSPLPWXXX;Bank Ochrony Środowiska Spółka Akcyjna;00-950;Warszawa;
154;0002;;Bank Ochrony Środowiska Spółka Akcyjna;00-832;Warszawa;
154;0101;EBOSPLPWXXX;Bank Ochrony Środowiska Spółka Akcyjna;42-217;Częstochowa;
154;0102;EBOSPLPWXXX;Bank Ochrony Środowiska Spółka Akcyjna;85-033;Bydgoszcz;
154;0103;EBOSPLPWXXX;Bank Ochrony Środowiska Spółka Akcyjna;50-088;Wrocław;
154;0104;;Bank Ochrony Środowiska Spółka Akcyjna;75-021;Koszalin;
154;0105;EBOSPLPWXXX;Bank Ochrony Środowiska Spółka Akcyjna;60-529;Poznań;
154;0106;EBOSPLPWXXX;Bank Ochrony Środowiska Spółka Akcyjna;87-800;Włocławek;
154;0107;EBOSPLPWXXX;Bank Ochrony Środowiska Spółka Akcyjna;10-513;Olsztyn;
154;0108;;Bank Ochrony Środowiska Spółka Akcyjna;70-415;Szczecin;
154;0109;EBOSPLPWXXX;Bank Ochrony Środowiska Spółka Akcyjna;80-241;Gdańsk;
154;0110;EBOSPLPWXXX;Bank Ochrony Środowiska Spółka Akcyjna;00-950;Warszawa;
154;0111;;Bank Ochrony Środowiska Spółka Akcyjna;30-504;Kraków;
154;0112;EBOSPLPWXXX;Bank Ochrony Środowiska Spółka Akcyjna;40-004;Katowice;
154;0113;EBOSPLPWXXX;Bank Ochrony Środowiska Spółka Akcyjna;35-315;Rzeszów;
154;0114;EBOSPLPWXXX;Bank Ochrony Środowiska Spółka Akcyjna;20-002;Lublin;
154;0115;EBOSPLPWXXX;Bank Ochrony Środowiska Spółka Akcyjna;01-014;Warszawa;
154;0116;EBOSPLPWXXX;Bank Ochrony Środowiska Spółka Akcyjna;60-529;Poznań;
154;0117;EBOSPLPWXXX;Bank Ochrony Środowiska Spółka Akcyjna;63-400;Ostrów Wielkopolski;
154;0119;EBOSPLPWXXX;Bank Ochrony Środowiska Spółka Akcyjna;59-220;Legnica;
154;0120;EBOSPLPWXXX;Bank Ochrony Środowiska Spółka Akcyjna;30-504;Kraków;
154;0121;EBOSPLPWXXX;Bank Ochrony Środowiska Spółka Akcyjna;15-282;Białystok;
154;0122;EBOSPLPWXXX;Bank Ochrony Środowiska Spółka Akcyjna;45-018;Opole;
154;0123;EBOSPLPWXXX;Bank Ochrony Środowiska Spółka Akcyjna;60-529;Poznań;
154;0124;EBOSPLPWXXX;Bank Ochrony Środowiska Spółka Akcyjna;90-368;Łódź;
154;0125;EBOSPLPWXXX;Bank Ochrony Środowiska Spółka Akcyjna;59-220;Legnica;
154;0126;EBOSPLPWXXX;Bank Ochrony Środowiska Spółka Akcyjna;43-300;Bielsko-Biała;
154;0127;EBOSPLPWXXX;Bank Ochrony Środowiska Spółka Akcyjna;82-300;Elbląg;
154;0128;EBOSPLPWXXX;Bank Ochrony Środowiska Spółka Akcyjna;00-950;Warszawa;
154;0129;EBOSPLPWXXX;Bank Ochrony Środowiska Spółka Akcyjna;09-400;Płock;
154;0130;EBOSPLPWXXX;Bank Ochrony Środowiska Spółka Akcyjna;87-100;Toruń;
161;0000;GBWCPLPPXXX;SGB-Bank Spółka Akcyjna;60-462;Poznań;
161;0001;;SGB-Bank Spółka Akcyjna;60-462;Poznań;
161;0004;GBWCPLPP;SGB-Bank Spółka Akcyjna;59-170;Przemków;
161;0101;GBWCPLPPXXX;SGB-Bank Spółka Akcyjna;85-124;Bydgoszcz;
161;0103;GBWCPLPPXXX;SGB-Bank Spółka Akcyjna;63-400;Ostrów Wielkopolski;
161;0104;GBWCPLPPXXX;SGB-Bank Spółka Akcyjna;63-400;Ostrów Wielkopolski;
161;0108;GBWCPLPPXXX;SGB-Bank Spółka Akcyjna;85-124;Bydgoszcz;
161;0109;GBWCPLPPXXX;SGB-Bank Spółka Akcyjna;63-400;Ostrów Wielkopolski;
161;0112;GBWCPLPPXXX;SGB-Bank Spółka Akcyjna;60-813;Poznań;
161;0113;GBWCPLPPXXX;SGB-Bank Spółka Akcyjna;60-813;Poznań;
161;0114;GBWCPLPPXXX;SGB-Bank Spółka Akcyjna;64-920;Piła;
161;0115;GBWCPLPPXXX;SGB-Bank Spółka Akcyjna;98-200;Sieradz;
161;0116;GBWCPLPPXXX;SGB-Bank Spółka Akcyjna;81-509;Gdynia;
161;0117;GBWCPLPPXXX;SGB-Bank Spółka Akcyjna;60-813;Poznań;
161;0119;GBWCPLPPXXX;SGB-Bank Spółka Akcyjna;81-509;Gdynia;
161;0120;GBWCPLPPXXX;SGB-Bank Spółka Akcyjna;81-509;Gdynia;
161;0123;GBWCPLPPXXX;SGB-Bank Spółka Akcyjna;85-124;Bydgoszcz;
161;0124;GBWCPLPPXXX;SGB-Bank Spółka Akcyjna;60-813;Poznań;
161;0125;GBWCPLPPXXX;SGB-Bank Spółka Akcyjna;60-813;Poznań;
161;0130;GBWCPLPPXXX;SGB-Bank Spółka Akcyjna;98-200;Sieradz;
161;0131;GBWCPLPPXXX;SGB-Bank Spółka Akcyjna;97-300;Piotrków Trybunalski;
161;0132;GBWCPLPPXXX;SGB-Bank Spółka Akcyjna;06-400;Ciechanów;
161;0133;GBWCPLPPXXX;SGB-Bank Spółka Akcyjna;06-400;Ciechanów;
161;0134;GBWCPLPPXXX;SGB-Bank Spółka Akcyjna;06-400;Ciechanów;
161;0135;GBWCPLPPXXX;SGB-Bank Spółka Akcyjna;06-400;Ciechanów;
161;0136;GBWCPLPPXXX;SGB-Bank Spółka Akcyjna;98-200;Sieradz;
865;3000;GBWCPLPP;SGB-Bank Spółka Akcyjna;59-170;Przemków;
168;0000;IVSEPLPPXXX;PLUS BANK Spółka Akcyjna;04-028;Warszawa;
168;0001;IVSEPLPPXXX;PLUS BANK Spółka Akcyjna;04-028;Warszawa;
168;0002;IVSEPLPPXXX;PLUS BANK Spółka Akcyjna;04-028;Warszawa;
168;0004;IVSEPLPPXXX;PLUS BANK Spółka Akcyjna;04-028;Warszawa;
168;0101;IVSEPLPPXXX;PLUS BANK Spółka Akcyjna;04-028;Warszawa;
168;0104;IVSEPLPPXXX;PLUS BANK Spółka Akcyjna;04-028;Warszawa;
168;0106;IVSEPLPPXXX;PLUS BANK Spółka Akcyjna;04-028;Warszawa;
168;0108;IVSEPLPPXXX;PLUS BANK Spółka Akcyjna;04-028;Warszawa;
168;0110;IVSEPLPPXXX;PLUS BANK Spółka Akcyjna;04-028;Warszawa;
168;0120;IVSEPLPPXXX;PLUS BANK Spółka Akcyjna;04-028;Warszawa;
168;0123;IVSEPLPPXXX;PLUS BANK Spółka Akcyjna;04-028;Warszawa;
168;0124;IVSEPLPPXXX;PLUS BANK Spółka Akcyjna;04-028;Warszawa;
168;0127;IVSEPLPPXXX;PLUS BANK Spółka Akcyjna;04-028;Warszawa;
168;0131;IVSEPLPPXXX;PLUS BANK Spółka Akcyjna;60-814;Poznań;
168;0132;IVSEPLPPXXX;PLUS BANK Spółka Akcyjna;04-028;Warszawa;
184;0000;SOGEPLPWXXX;Société Générale Spółka Akcyjna Oddział w Polsce;00-842;Warszawa;
187;0000;NESBPLPWXXX;Nest Bank Spółka Akcyjna;02-675;Warszawa;
187;0101;NESBPLPWXXX;Nest Bank Spółka Akcyjna;02-672;Warszawa;
187;0102;NESBPLPWXXX;Nest Bank Spółka Akcyjna;02-672;Warszawa;
187;0104;NESBPLPWXXX;Nest Bank Spółka Akcyjna;02-672;Warszawa;
187;0105;NESBPLPWXXX;Nest Bank Spółka Akcyjna;02-672;Warszawa;
253;0000;NESBPLPWXXX;Nest Bank Spółka Akcyjna;02-672;Warszawa;
124;0010;PKOPPLPW;Pekao Bank Hipoteczny Spółka Akcyjna;01-230;Warszawa;
189;0000;HYVEPLP2XXX;Pekao Bank Hipoteczny Spółka Akcyjna;01-230;Warszawa;
188;0000;DEUTPLPXXXX;Deutsche Bank Polska Spółka Akcyjna;00-609;Warszawa;
188;0101;DEUTPLPXXXX;Deutsche Bank Polska Spółka Akcyjna;00-609;Warszawa;
188;0102;DEUTPLPXXXX;Deutsche Bank Polska Spółka Akcyjna;00-609;Warszawa;
193;0000;POLUPLPRXXX;BANK POLSKIEJ SPÓŁDZIELCZOŚCI SPÓŁKA AKCYJNA;00-844;Warszawa;
193;0001;;BANK POLSKIEJ SPÓŁDZIELCZOŚCI SPÓŁKA AKCYJNA;50-449;Wrocław;
193;0102;POLUPLPRXXX;BANK POLSKIEJ SPÓŁDZIELCZOŚCI SPÓŁKA AKCYJNA;45-325;Opole;
193;0103;POLUPLPRXXX;BANK POLSKIEJ SPÓŁDZIELCZOŚCI SPÓŁKA AKCYJNA;50-348;Wrocław;
193;0104;POLUPLPRXXX;BANK POLSKIEJ SPÓŁDZIELCZOŚCI SPÓŁKA AKCYJNA;50-348;Wrocław;
193;0106;POLUPLPRXXX;BANK POLSKIEJ SPÓŁDZIELCZOŚCI SPÓŁKA AKCYJNA;50-348;Wrocław;
193;0107;POLUPLPRXXX;BANK POLSKIEJ SPÓŁDZIELCZOŚCI SPÓŁKA AKCYJNA;50-348;Wrocław;
193;0108;POLUPLPRXXX;BANK POLSKIEJ SPÓŁDZIELCZOŚCI SPÓŁKA AKCYJNA;90-450;Łódź;
193;0110;POLUPLPRXXX;BANK POLSKIEJ SPÓŁDZIELCZOŚCI SPÓŁKA AKCYJNA;41-200;Sosnowiec;
193;0112;POLUPLPRXXX;BANK POLSKIEJ SPÓŁDZIELCZOŚCI SPÓŁKA AKCYJNA;41-200;Sosnowiec;
193;0118;POLUPLPRXXX;BANK POLSKIEJ SPÓŁDZIELCZOŚCI SPÓŁKA AKCYJNA;35-025;Rzeszów;
193;0119;POLUPLPRXXX;BANK POLSKIEJ SPÓŁDZIELCZOŚCI SPÓŁKA AKCYJNA;50-348;Wrocław;
193;0122;POLUPLPRXXX;BANK POLSKIEJ SPÓŁDZIELCZOŚCI SPÓŁKA AKCYJNA;30-114;Kraków;
193;0123;POLUPLPRXXX;BANK POLSKIEJ SPÓŁDZIELCZOŚCI SPÓŁKA AKCYJNA;35-025;Rzeszów;
193;0124;POLUPLPRXXX;BANK POLSKIEJ SPÓŁDZIELCZOŚCI SPÓŁKA AKCYJNA;45-325;Opole;
193;0126;POLUPLPRXXX;BANK POLSKIEJ SPÓŁDZIELCZOŚCI SPÓŁKA AKCYJNA;50-348;Wrocław;
193;0127;POLUPLPRXXX;BANK POLSKIEJ SPÓŁDZIELCZOŚCI SPÓŁKA AKCYJNA;50-348;Wrocław;
193;0128;POLUPLPRXXX;BANK POLSKIEJ SPÓŁDZIELCZOŚCI SPÓŁKA AKCYJNA;50-348;Wrocław;
193;0130;POLUPLPRXXX;BANK POLSKIEJ SPÓŁDZIELCZOŚCI SPÓŁKA AKCYJNA;90-450;Łódź;
193;0131;POLUPLPRXXX;BANK POLSKIEJ SPÓŁDZIELCZOŚCI SPÓŁKA AKCYJNA;35-025;Rzeszów;
193;0132;POLUPLPRXXX;BANK POLSKIEJ SPÓŁDZIELCZOŚCI SPÓŁKA AKCYJNA;41-200;Sosnowiec;
193;0133;POLUPLPRXXX;BANK POLSKIEJ SPÓŁDZIELCZOŚCI SPÓŁKA AKCYJNA;41-200;Sosnowiec;
193;0134;;BANK POLSKIEJ SPÓŁDZIELCZOŚCI SPÓŁKA AKCYJNA;90-450;Łódź;
193;0136;POLUPLPRXXX;BANK POLSKIEJ SPÓŁDZIELCZOŚCI SPÓŁKA AKCYJNA;50-348;Wrocław;
193;0137;POLUPLPRXXX;BANK POLSKIEJ SPÓŁDZIELCZOŚCI SPÓŁKA AKCYJNA;50-348;Wrocław;
193;0138;POLUPLPRXXX;BANK POLSKIEJ SPÓŁDZIELCZOŚCI SPÓŁKA AKCYJNA;35-025;Rzeszów;
193;0139;;BANK POLSKIEJ SPÓŁDZIELCZOŚCI SPÓŁKA AKCYJNA;35-025;Rzeszów;
193;0140;;BANK POLSKIEJ SPÓŁDZIELCZOŚCI SPÓŁKA AKCYJNA;50-348;Wrocław;
193;0141;POLUPLPRXXX;BANK POLSKIEJ SPÓŁDZIELCZOŚCI SPÓŁKA AKCYJNA;00-844;Warszawa;
193;0146;POLUPLPRXXX;BANK POLSKIEJ SPÓŁDZIELCZOŚCI SPÓŁKA AKCYJNA;90-450;Łódź;
193;0152;POLUPLPRXXX;BANK POLSKIEJ SPÓŁDZIELCZOŚCI SPÓŁKA AKCYJNA;00-844;Warszawa;
193;0155;POLUPLPRXXX;BANK POLSKIEJ SPÓŁDZIELCZOŚCI SPÓŁKA AKCYJNA;81-372;Gdynia;
193;0161;POLUPLPRXXX;BANK POLSKIEJ SPÓŁDZIELCZOŚCI SPÓŁKA AKCYJNA;10-578;Olsztyn;
193;0162;POLUPLPRXXX;BANK POLSKIEJ SPÓŁDZIELCZOŚCI SPÓŁKA AKCYJNA;15-443;Białystok;
193;0163;POLUPLPRXXX;BANK POLSKIEJ SPÓŁDZIELCZOŚCI SPÓŁKA AKCYJNA;15-443;Białystok;
193;0164;POLUPLPRXXX;BANK POLSKIEJ SPÓŁDZIELCZOŚCI SPÓŁKA AKCYJNA;15-443;Białystok;
193;0165;;BANK POLSKIEJ SPÓŁDZIELCZOŚCI SPÓŁKA AKCYJNA;10-578;Olsztyn;
193;0166;POLUPLPRXXX;BANK POLSKIEJ SPÓŁDZIELCZOŚCI SPÓŁKA AKCYJNA;15-443;Białystok;
193;0167;POLUPLPRXXX;BANK POLSKIEJ SPÓŁDZIELCZOŚCI SPÓŁKA AKCYJNA;15-443;Białystok;
193;0168;POLUPLPRXXX;BANK POLSKIEJ SPÓŁDZIELCZOŚCI SPÓŁKA AKCYJNA;10-578;Olsztyn;
193;0169;POLUPLPRXXX;BANK POLSKIEJ SPÓŁDZIELCZOŚCI SPÓŁKA AKCYJNA;20-027;Lublin;
193;0170;;BANK POLSKIEJ SPÓŁDZIELCZOŚCI SPÓŁKA AKCYJNA;20-027;Lublin;
193;0171;POLUPLPRXXX;BANK POLSKIEJ SPÓŁDZIELCZOŚCI SPÓŁKA AKCYJNA;20-027;Lublin;
193;0172;POLUPLPRXXX;BANK POLSKIEJ SPÓŁDZIELCZOŚCI SPÓŁKA AKCYJNA;20-027;Lublin;
193;0173;POLUPLPRXXX;BANK POLSKIEJ SPÓŁDZIELCZOŚCI SPÓŁKA AKCYJNA;00-844;Warszawa;
193;0174;POLUPLPRXXX;BANK POLSKIEJ SPÓŁDZIELCZOŚCI SPÓŁKA AKCYJNA;35-025;Rzeszów;
193;0175;POLUPLPRXXX;BANK POLSKIEJ SPÓŁDZIELCZOŚCI SPÓŁKA AKCYJNA;20-027;Lublin;
193;0176;POLUPLPRXXX;BANK POLSKIEJ SPÓŁDZIELCZOŚCI SPÓŁKA AKCYJNA;30-114;Kraków;
193;0177;POLUPLPRXXX;BANK POLSKIEJ SPÓŁDZIELCZOŚCI SPÓŁKA AKCYJNA;41-200;Sosnowiec;
193;0180;POLUPLPRXXX;BANK POLSKIEJ SPÓŁDZIELCZOŚCI SPÓŁKA AKCYJNA;25-502;Kielce;
193;0181;;BANK POLSKIEJ SPÓŁDZIELCZOŚCI SPÓŁKA AKCYJNA;30-114;Kraków;
193;0182;POLUPLPRXXX;BANK POLSKIEJ SPÓŁDZIELCZOŚCI SPÓŁKA AKCYJNA;30-114;Kraków;
193;0183;POLUPLPRXXX;BANK POLSKIEJ SPÓŁDZIELCZOŚCI SPÓŁKA AKCYJNA;30-114;Kraków;
193;0184;;BANK POLSKIEJ SPÓŁDZIELCZOŚCI SPÓŁKA AKCYJNA;00-844;Warszawa;
193;0185;POLUPLPRXXX;BANK POLSKIEJ SPÓŁDZIELCZOŚCI SPÓŁKA AKCYJNA;30-114;Kraków;
193;0187;POLUPLPRXXX;BANK POLSKIEJ SPÓŁDZIELCZOŚCI SPÓŁKA AKCYJNA;25-502;Kielce;
193;0188;POLUPLPRXXX;BANK POLSKIEJ SPÓŁDZIELCZOŚCI SPÓŁKA AKCYJNA;81-372;Gdynia;
193;0189;POLUPLPRXXX;BANK POLSKIEJ SPÓŁDZIELCZOŚCI SPÓŁKA AKCYJNA;00-844;Warszawa;
193;0190;POLUPLPRXXX;BANK POLSKIEJ SPÓŁDZIELCZOŚCI SPÓŁKA AKCYJNA;10-578;Olsztyn;
193;0191;POLUPLPRXXX;BANK POLSKIEJ SPÓŁDZIELCZOŚCI SPÓŁKA AKCYJNA;00-844;Warszawa;
193;0192;POLUPLPRXXX;BANK POLSKIEJ SPÓŁDZIELCZOŚCI SPÓŁKA AKCYJNA;50-348;Wrocław;
193;0193;POLUPLPRXXX;BANK POLSKIEJ SPÓŁDZIELCZOŚCI SPÓŁKA AKCYJNA;81-372;Gdynia;
193;0194;;BANK POLSKIEJ SPÓŁDZIELCZOŚCI SPÓŁKA AKCYJNA;81-372;Gdynia;
194;0000;AGRIPLPRXXX;Credit Agricole Bank Polska Spółka Akcyjna;54-202;Wrocław;
194;0101;AGRIPLPRXXX;Credit Agricole Bank Polska Spółka Akcyjna;53-605;Wrocław;
194;0106;AGRIPLPRXXX;Credit Agricole Bank Polska Spółka Akcyjna;53-605;Wrocław;
194;0107;AGRIPLPRXXX;Credit Agricole Bank Polska Spółka Akcyjna;53-605;Wrocław;
194;0117;AGRIPLPRXXX;Credit Agricole Bank Polska Spółka Akcyjna;53-605;Wrocław;
194;0118;AGRIPLPRXXX;Credit Agricole Bank Polska Spółka Akcyjna;53-605;Wrocław;
194;0119;AGRIPLPRXXX;Credit Agricole Bank Polska Spółka Akcyjna;53-605;Wrocław;
194;0120;AGRIPLPRXXX;Credit Agricole Bank Polska Spółka Akcyjna;53-605;Wrocław;
194;0121;AGRIPLPRXXX;Credit Agricole Bank Polska Spółka Akcyjna;02-092;Warszawa;
160;0000;PPABPLPKXXX;BNP Paribas Bank Polska Spółka Akcyjna;01-211;Warszawa;
160;0001;PPABPLPKXXX;BNP Paribas Bank Polska Spółka Akcyjna;02-676;Warszawa;
160;0002;PPABPLPKXXX;BNP Paribas Bank Polska Spółka Akcyjna;41-707;Ruda Śląska;
160;0003;PPABPLPKXXX;BNP Paribas Bank Polska Spółka Akcyjna;41-707;Ruda Śląska;
160;0004;PPABPLPKXXX;BNP Paribas Bank Polska Spółka Akcyjna;41-707;Ruda Śląska;
160;0005;PPABPLPKXXX;BNP Paribas Bank Polska Spółka Akcyjna;41-707;Ruda Śląska;
160;0008;PPABPLPKXXX;BNP Paribas Bank Polska Spółka Akcyjna;01-211;Warszawa;
160;0101;PPABPLPKXXX;BNP Paribas Bank Polska Spółka Akcyjna;31-503;Kraków;
160;0103;PPABPLPKXXX;BNP Paribas Bank Polska Spółka Akcyjna;30-150;Kraków;
160;0104;PPABPLPKXXX;BNP Paribas Bank Polska Spółka Akcyjna;34-500;Zakopane;
160;0105;PPABPLPKXXX;BNP Paribas Bank Polska Spółka Akcyjna;40-101;Katowice;
160;0106;;BNP Paribas Bank Polska Spółka Akcyjna;02-001;Warszawa;
160;0107;PPABPLPKXXX;BNP Paribas Bank Polska Spółka Akcyjna;61-569;Kraków;
160;0108;PPABPLPKXXX;BNP Paribas Bank Polska Spółka Akcyjna;61-751;Poznań;
160;0109;PPABPLPKXXX;BNP Paribas Bank Polska Spółka Akcyjna;42-202;Częstochowa;
160;0110;PPABPLPKXXX;BNP Paribas Bank Polska Spółka Akcyjna;20-076;Lublin;
160;0111;PPABPLPKXXX;BNP Paribas Bank Polska Spółka Akcyjna;81-350;Gdynia;
160;0112;PPABPLPKXXX;BNP Paribas Bank Polska Spółka Akcyjna;02-583;Warszawa;
160;0114;PPABPLPKXXX;BNP Paribas Bank Polska Spółka Akcyjna;90-330;Łódź;
160;0115;;BNP Paribas Bank Polska Spółka Akcyjna;50-088;Wrocław;
160;0116;PPABPLPKXXX;BNP Paribas Bank Polska Spółka Akcyjna;05-091;Ząbki;
160;0117;PPABPLPKXXX;BNP Paribas Bank Polska Spółka Akcyjna;44-100;Gliwice;
160;0118;PPABPLPKXXX;BNP Paribas Bank Polska Spółka Akcyjna;85-093;Bydgoszcz;
160;0119;PPABPLPKXXX;BNP Paribas Bank Polska Spółka Akcyjna;30-150;Kraków;
160;0120;PPABPLPKXXX;BNP Paribas Bank Polska Spółka Akcyjna;61-751;Poznań;
160;0121;PPABPLPKXXX;BNP Paribas Bank Polska Spółka Akcyjna;02-583;Warszawa;
160;0122;PPABPLPKXXX;BNP Paribas Bank Polska Spółka Akcyjna;00-545;Warszawa;
160;0123;PPABPLPKXXX;BNP Paribas Bank Polska Spółka Akcyjna;40-101;Katowice;
160;0124;PPABPLPKXXX;BNP Paribas Bank Polska Spółka Akcyjna;50-088;Wrocław;
160;0125;PPABPLPKXXX;BNP Paribas Bank Polska Spółka Akcyjna;90-330;Łódź;
160;0126;PPABPLPKXXX;BNP Paribas Bank Polska Spółka Akcyjna;70-470;Szczecin;
160;0127;PPABPLPKXXX;BNP Paribas Bank Polska Spółka Akcyjna;25-547;Kielce;
160;0128;PPABPLPKXXX;BNP Paribas Bank Polska Spółka Akcyjna;02-284;Warszawa;
160;0129;PPABPLPKXXX;BNP Paribas Bank Polska Spółka Akcyjna;43-300;Bielsko-Biała;
160;0130;PPABPLPKXXX;BNP Paribas Bank Polska Spółka Akcyjna;80-958;Gdańsk;
160;0131;PPABPLPKXXX;BNP Paribas Bank Polska Spółka Akcyjna;10-575;Olsztyn;
160;0132;PPABPLPKXXX;BNP Paribas Bank Polska Spółka Akcyjna;45-075;Opole;
160;0133;PPABPLPKXXX;BNP Paribas Bank Polska Spółka Akcyjna;35-001;Rzeszów;
160;0134;PPABPLPKXXX;BNP Paribas Bank Polska Spółka Akcyjna;87-100;Toruń;
160;0135;PPABPLPKXXX;BNP Paribas Bank Polska Spółka Akcyjna;34-400;Nowy Targ;
160;0136;PPABPLPKXXX;BNP Paribas Bank Polska Spółka Akcyjna;90-330;Łódź;
160;0137;;BNP Paribas Bank Polska Spółka Akcyjna;02-001;Warszawa;
160;0138;PPABPLPKXXX;BNP Paribas Bank Polska Spółka Akcyjna;70-470;Szczecin;
160;0139;PPABPLPKXXX;BNP Paribas Bank Polska Spółka Akcyjna;61-808;Poznań;
160;0140;PPABPLPKXXX;BNP Paribas Bank Polska Spółka Akcyjna;60-266;Poznań;
160;0141;PPABPLPKXXX;BNP Paribas Bank Polska Spółka Akcyjna;05-800;Pruszków;
160;0142;PPABPLPKXXX;BNP Paribas Bank Polska Spółka Akcyjna;30-415;Kraków;
160;0143;PPABPLPKXXX;BNP Paribas Bank Polska Spółka Akcyjna;51-163;Wrocław;
160;0144;PPABPLPKXXX;BNP Paribas Bank Polska Spółka Akcyjna;20-601;Lublin;
160;0145;PPABPLPKXXX;BNP Paribas Bank Polska Spółka Akcyjna;80-394;Gdańsk;
160;0146;PPABPLPKXXX;BNP Paribas Bank Polska Spółka Akcyjna;30-150;Kraków;
160;0147;PPABPLPKXXX;BNP Paribas Bank Polska Spółka Akcyjna;30-150;Kraków;
160;0148;PPABPLPKXXX;BNP Paribas Bank Polska Spółka Akcyjna;65-067;Zielona Góra;
160;0149;PPABPLPKXXX;BNP Paribas Bank Polska Spółka Akcyjna;15-424;Białystok;
160;0150;PPABPLPKXXX;BNP Paribas Bank Polska Spółka Akcyjna;30-150;Kraków;
175;0000;PPABPLPKXXX;BNP Paribas Bank Polska Spółka Akcyjna;00-844;Warszawa;
175;0001;PPABPLPKXXX;BNP Paribas Bank Polska Spółka Akcyjna;00-844;Warszawa;
175;0002;PPABPLPKXXX;BNP Paribas Bank Polska Spółka Akcyjna;00-844;Warszawa;
175;0003;PPABPLPKXXX;BNP Paribas Bank Polska Spółka Akcyjna;00-844;Warszawa;
175;0005;PPABPLPKXXX;BNP Paribas Bank Polska Spółka Akcyjna;61-751;Poznań;
175;0006;PPABPLPKXXX;BNP Paribas Bank Polska Spółka Akcyjna;00-805;Warszawa;
175;0007;PPABPLPKXXX;BNP Paribas Bank Polska Spółka Akcyjna;41-707;Ruda Śląska;
175;0010;PPABPLPKXXX;BNP Paribas Bank Polska Spółka Akcyjna;41-707;Ruda Śląska;
175;0011;PPABPLPKXXX;BNP Paribas Bank Polska Spółka Akcyjna;61-772;Poznań;
175;0012;PPABPLPKXXX;BNP Paribas Bank Polska Spółka Akcyjna;00-805;Warszawa;
175;0013;PPABPLPKXXX;BNP Paribas Bank Polska Spółka Akcyjna;40-851;Katowice;
175;0101;PPABPLPKXXX;BNP Paribas Bank Polska Spółka Akcyjna;61-696;Poznań;
175;0102;PPABPLPKXXX;BNP Paribas Bank Polska Spółka Akcyjna;81-389;Gdynia;
175;0103;PPABPLPKXXX;BNP Paribas Bank Polska Spółka Akcyjna;40-851;Katowice;
175;0104;PPABPLPKXXX;BNP Paribas Bank Polska Spółka Akcyjna;30-150;Kraków;
175;0105;PPABPLPKXXX;BNP Paribas Bank Polska Spółka Akcyjna;85-033;Bydgoszcz;
175;0106;PPABPLPKXXX;BNP Paribas Bank Polska Spółka Akcyjna;50-088;Wrocław;
175;0107;PPABPLPKXXX;BNP Paribas Bank Polska Spółka Akcyjna;70-413;Szczecin;
175;0108;PPABPLPKXXX;BNP Paribas Bank Polska Spółka Akcyjna;15-085;Białystok;
175;0109;PPABPLPKXXX;BNP Paribas Bank Polska Spółka Akcyjna;93-281;Łódź;
175;0110;PPABPLPKXXX;BNP Paribas Bank Polska Spółka Akcyjna;20-410;Lublin;
175;0111;PPABPLPKXXX;BNP Paribas Bank Polska Spółka Akcyjna;25-005;Kielce;
175;0112;PPABPLPKXXX;BNP Paribas Bank Polska Spółka Akcyjna;41-707;Ruda Śląska;
175;0113;PPABPLPKXXX;BNP Paribas Bank Polska Spółka Akcyjna;65-067;Zielona Góra;
175;0114;PPABPLPKXXX;BNP Paribas Bank Polska Spółka Akcyjna;65-042;Zielona Góra;
175;0115;PPABPLPKXXX;BNP Paribas Bank Polska Spółka Akcyjna;80-850;Gdańsk;
175;0116;PPABPLPKXXX;BNP Paribas Bank Polska Spółka Akcyjna;62-800;Kalisz;
175;0117;PPABPLPKXXX;BNP Paribas Bank Polska Spółka Akcyjna;43-300;Bielsko-Biała;
175;0118;PPABPLPKXXX;BNP Paribas Bank Polska Spółka Akcyjna;40-097;Katowice;
175;0119;PPABPLPKXXX;BNP Paribas Bank Polska Spółka Akcyjna;45-015;Opole;
175;0120;PPABPLPKXXX;BNP Paribas Bank Polska Spółka Akcyjna;85-033;Bydgoszcz;
175;0121;PPABPLPKXXX;BNP Paribas Bank Polska Spółka Akcyjna;42-202;Częstochowa;
175;0122;PPABPLPKXXX;BNP Paribas Bank Polska Spółka Akcyjna;35-326;Rzeszów;
175;0123;PPABPLPKXXX;BNP Paribas Bank Polska Spółka Akcyjna;40-097;Katowice;
175;0124;PPABPLPKXXX;BNP Paribas Bank Polska Spółka Akcyjna;33-300;Nowy Sącz;
175;0125;PPABPLPKXXX;BNP Paribas Bank Polska Spółka Akcyjna;26-600;Radom;
175;0126;PPABPLPKXXX;BNP Paribas Bank Polska Spółka Akcyjna;58-500;Jelenia Góra;
175;0127;RCBWPLPW;BNP Paribas Bank Polska Spółka Akcyjna;59-300;Lubin;
175;0128;PPABPLPKXXX;BNP Paribas Bank Polska Spółka Akcyjna;61-696;Poznań;
175;0129;PPABPLPKXXX;BNP Paribas Bank Polska Spółka Akcyjna;97-400;Bełchatów;
175;0130;PPABPLPKXXX;BNP Paribas Bank Polska Spółka Akcyjna;58-309;Wałbrzych;
175;0131;PPABPLPKXXX;BNP Paribas Bank Polska Spółka Akcyjna;41-707;Ruda Śląska;
175;0132;PPABPLPKXXX;BNP Paribas Bank Polska Spółka Akcyjna;80-850;Gdańsk;
175;0133;PPABPLPKXXX;BNP Paribas Bank Polska Spółka Akcyjna;33-100;Tarnów;
175;0134;PPABPLPKXXX;BNP Paribas Bank Polska Spółka Akcyjna;37-450;Stalowa Wola;
175;0135;PPABPLPKXXX;BNP Paribas Bank Polska Spółka Akcyjna;10-575;Olsztyn;
175;0136;PPABPLPKXXX;BNP Paribas Bank Polska Spółka Akcyjna;00-844;Warszawa;
175;0137;PPABPLPKXXX;BNP Paribas Bank Polska Spółka Akcyjna;98-200;Sieradz;
175;0138;PPABPLPKXXX;BNP Paribas Bank Polska Spółka Akcyjna;61-696;Poznań;
175;0139;PPABPLPKXXX;BNP Paribas Bank Polska Spółka Akcyjna;75-200;Koszalin;
175;0140;PPABPLPKXXX;BNP Paribas Bank Polska Spółka Akcyjna;97-400;Bełchatów;
175;0141;PPABPLPKXXX;BNP Paribas Bank Polska Spółka Akcyjna;33-300;Nowy Sącz;
175;0142;PPABPLPKXXX;BNP Paribas Bank Polska Spółka Akcyjna;20-601;Lublin;
175;0143;PPABPLPKXXX;BNP Paribas Bank Polska Spółka Akcyjna;00-844;Warszawa;
175;0144;PPABPLPKXXX;BNP Paribas Bank Polska Spółka Akcyjna;00-844;Warszawa;
175;0145;PPABPLPKXXX;BNP Paribas Bank Polska Spółka Akcyjna;00-844;Warszawa;
175;0146;PPABPLPKXXX;BNP Paribas Bank Polska Spółka Akcyjna;20-601;Lublin;
175;0147;PPABPLPKXXX;BNP Paribas Bank Polska Spółka Akcyjna;27-400;Ostrowiec Świętokrzyski;
175;0148;PPABPLPKXXX;BNP Paribas Bank Polska Spółka Akcyjna;76-200;Słupsk;
175;0149;PPABPLPKXXX;BNP Paribas Bank Polska Spółka Akcyjna;00-844;Warszawa;
175;0150;PPABPLPKXXX;BNP Paribas Bank Polska Spółka Akcyjna;80-850;Gdańsk;
175;0151;PPABPLPKXXX;BNP Paribas Bank Polska Spółka Akcyjna;41-707;Ruda Śląska;
175;0152;PPABPLPKXXX;BNP Paribas Bank Polska Spółka Akcyjna;41-707;Ruda Śląska;
200;0000;PPABPLPKXXX;BNP Paribas Bank Polska Spółka Akcyjna;01-211;Warszawa;
200;0001;PPABPLPKXXX;BNP Paribas Bank Polska Spółka Akcyjna;30-150;Kraków;
203;0000;PPABPLPKXXX;BNP Paribas Bank Polska Spółka Akcyjna;01-211;Warszawa;
203;0003;PPABPLPKXXX;BNP Paribas Bank Polska Spółka Akcyjna;01-211;Warszawa;
203;0004;PPABPLPKXXX;BNP Paribas Bank Polska Spółka Akcyjna;30-150;Kraków;
203;0006;PPABPLPKXXX;BNP Paribas Bank Polska Spółka Akcyjna;30-150;Kraków;
203;0007;PPABPLPKXXX;BNP Paribas Bank Polska Spółka Akcyjna;30-150;Kraków;
203;0218;PPABPLPKXXX;BNP Paribas Bank Polska Spółka Akcyjna;01-211;Warszawa;
203;0225;PPABPLPKXXX;BNP Paribas Bank Polska Spółka Akcyjna;00-105;Warszawa;
203;0226;PPABPLPKXXX;BNP Paribas Bank Polska Spółka Akcyjna;30-150;Kraków;
227;0000;PPABPLPKXXX;BNP Paribas Bank Polska Spółka Akcyjna;30-150;Kraków;
234;0000;PPABPLPKXXX;BNP Paribas Bank Polska Spółka Akcyjna;40-568;Katowice;
234;0001;RCBWPLPW;BNP Paribas Bank Polska Spółka Akcyjna;02-566;Warszawa;
234;0002;;BNP Paribas Bank Polska Spółka Akcyjna;00-560;Warszawa;
234;0003;PPABPLPKXXX;BNP Paribas Bank Polska Spółka Akcyjna;00-560;Warszawa;
196;0001;;Santander Consumer Bank Spółka Akcyjna;53-611;Wrocław;
196;0105;;Santander Consumer Bank Spółka Akcyjna;53-679;Wrocław;
212;0000;SCFBPLPWXXX;Santander Consumer Bank Spółka Akcyjna;54-202;Wrocław;
215;0000;RHBHPLPWXXX;mBank Hipoteczny Spółka Akcyjna;00-850;Warszawa;
216;0000;TOBAPLPWXXX;Toyota Bank Polska Spółka Akcyjna;02-675;Warszawa;
137;0000;MHBFPLPWXXX;DNB Bank Polska Spółka Akcyjna;02-676;Warszawa;
137;0101;MHBFPLPWXXX;DNB Bank Polska Spółka Akcyjna;02-676;Warszawa;
137;0103;MHBFPLPWXXX;DNB Bank Polska Spółka Akcyjna;02-676;Warszawa;
137;0104;MHBFPLPWXXX;DNB Bank Polska Spółka Akcyjna;02-676;Warszawa;
137;0106;MHBFPLPWXXX;DNB Bank Polska Spółka Akcyjna;02-676;Warszawa;
137;0107;MHBFPLPWXXX;DNB Bank Polska Spółka Akcyjna;02-676;Warszawa;
137;0108;MHBFPLPWXXX;DNB Bank Polska Spółka Akcyjna;02-676;Warszawa;
137;0109;MHBFPLPWXXX;DNB Bank Polska Spółka Akcyjna;02-676;Warszawa;
137;0110;MHBFPLPWXXX;DNB Bank Polska Spółka Akcyjna;02-676;Warszawa;
137;0112;MHBFPLPWXXX;DNB Bank Polska Spółka Akcyjna;02-676;Warszawa;
137;0113;MHBFPLPWXXX;DNB Bank Polska Spółka Akcyjna;02-676;Warszawa;
137;0115;MHBFPLPWXXX;DNB Bank Polska Spółka Akcyjna;02-676;Warszawa;
137;0117;MHBFPLPWXXX;DNB Bank Polska Spółka Akcyjna;02-676;Warszawa;
137;0118;MHBFPLPWXXX;DNB Bank Polska Spółka Akcyjna;02-676;Warszawa;
137;0120;MHBFPLPWXXX;DNB Bank Polska Spółka Akcyjna;02-676;Warszawa;
137;0121;MHBFPLPWXXX;DNB Bank Polska Spółka Akcyjna;02-676;Warszawa;
137;0125;MHBFPLPWXXX;DNB Bank Polska Spółka Akcyjna;02-676;Warszawa;
137;0127;MHBFPLPWXXX;DNB Bank Polska Spółka Akcyjna;02-676;Warszawa;
137;0130;MHBFPLPWXXX;DNB Bank Polska Spółka Akcyjna;02-676;Warszawa;
137;0131;MHBFPLPWXXX;DNB Bank Polska Spółka Akcyjna;02-676;Warszawa;
137;0133;MHBFPLPWXXX;DNB Bank Polska Spółka Akcyjna;02-676;Wrocław;
137;0134;MHBFPLPWXXX;DNB Bank Polska Spółka Akcyjna;02-676;Warszawa;
137;0137;MHBFPLPWXXX;DNB Bank Polska Spółka Akcyjna;02-676;Warszawa;
137;0138;MHBFPLPWXXX;DNB Bank Polska Spółka Akcyjna;02-676;Warszawa;
137;0139;MHBFPLPWXXX;DNB Bank Polska Spółka Akcyjna;02-676;Warszawa;
219;0000;MHBFPLPWXXX;DNB Bank Polska Spółka Akcyjna;01-208;Warszawa;
219;0101;MHBFPLPWXXX;DNB Bank Polska Spółka Akcyjna;02-676;Warszawa;
235;0000;BNPAPLPXXXX;BNP Paribas S.A. Oddział w Polsce;00-846;Warszawa;
235;0001;BNPAPLPXXXX;BNP Paribas S.A. Oddział w Polsce;00-078;Warszawa;
243;0000;PARBPLPXXXX;BNP Paribas S.A. Oddział w Polsce;00-846;Warszawa;
236;0000;DABAPLPWXXX;Danske Bank A/S Spółka Akcyjna Oddział w Polsce;00-687;Warszawa;
236;0001;;Danske Bank A/S Spółka Akcyjna Oddział w Polsce;00-687;Warszawa;
237;0000;ESSEPLPWXXX;Skandinaviska Enskilda Banken AB (Spółka Akcyjna) - Oddział w Polsce;00-841;Warszawa;
237;0001;ESSEPLPWXXX;Skandinaviska Enskilda Banken AB (Spółka Akcyjna) - Oddział w Polsce;00-841;Warszawa;
239;0000;CAIXPLPWXXX;CAIXABANK, S.A. (SPÓŁKA AKCYJNA) ODDZIAŁ W POLSCE;00-838;Warszawa;
241;0000;DEUTPLPXXXX;U.S. Bank Europe Designated Activity Company (Spółka z o.o. o Wyznaczonym Przedmiocie Działalności) Oddział w Polsce;02-515;Warszawa;
247;0000;ESSIPLPXXXX;HAITONG BANK, S.A. Spółka Akcyjna Oddział w Polsce;00-120;Warszawa;
247;0001;ESSIPLPXXXX;HAITONG BANK, S.A. Spółka Akcyjna Oddział w Polsce;00-120;Warszawa;
248;1111;POLUPLPRXXX;Getin Noble Bank Spółka Akcyjna w upadłości;00-843;Warszawa;
106;0001;ALBPPLPWXXX;Alior Bank Spółka Akcyjna;02-232;Warszawa;
106;0002;ALBPPLPWXXX;Alior Bank Spółka Akcyjna;02-232;Warszawa;
106;0003;ALBPPLPWXXX;Alior Bank Spółka Akcyjna;02-232;Warszawa;
106;0004;ALBPPLPWXXX;Alior Bank Spółka Akcyjna;02-232;Warszawa;
106;0005;ALBPPLPWXXX;Alior Bank Spółka Akcyjna;02-232;Warszawa;
106;0006;ALBPPLPWXXX;Alior Bank Spółka Akcyjna;02-232;Warszawa;
106;0007;ALBPPLPWXXX;Alior Bank Spółka Akcyjna;02-232;Warszawa;
106;0008;ALBPPLPWXXX;Alior Bank Spółka Akcyjna;02-232;Warszawa;
106;0009;ALBPPLPWXXX;Alior Bank Spółka Akcyjna;02-232;Warszawa;
106;0010;ALBPPLPWXXX;Alior Bank Spółka Akcyjna;02-232;Warszawa;
106;0011;ALBPPLPWXXX;Alior Bank Spółka Akcyjna;02-232;Warszawa;
106;0012;ALBPPLPWXXX;Alior Bank Spółka Akcyjna;02-232;Warszawa;
106;0013;ALBPPLPWXXX;Alior Bank Spółka Akcyjna;02-232;Warszawa;
106;0014;ALBPPLPWXXX;Alior Bank Spółka Akcyjna;02-232;Warszawa;
106;0015;ALBPPLPWXXX;Alior Bank Spółka Akcyjna;02-232;Warszawa;
106;0016;ALBPPLPWXXX;Alior Bank Spółka Akcyjna;02-232;Warszawa;
106;0017;ALBPPLPWXXX;Alior Bank Spółka Akcyjna;02-232;Warszawa;
106;0018;ALBPPLPWXXX;Alior Bank Spółka Akcyjna;02-232;Warszawa;
106;0019;ALBPPLPWXXX;Alior Bank Spółka Akcyjna;02-232;Warszawa;
106;0020;ALBPPLPWXXX;Alior Bank Spółka Akcyjna;02-232;Warszawa;
106;0024;ALBPPLPWXXX;Alior Bank Spółka Akcyjna;02-232;Warszawa;
106;0025;ALBPPLPWXXX;Alior Bank Spółka Akcyjna;02-232;Warszawa;
106;0026;ALBPPLPWXXX;Alior Bank Spółka Akcyjna;02-232;Warszawa;
106;0027;ALBPPLPWXXX;Alior Bank Spółka Akcyjna;02-232;Warszawa;
106;0028;ALBPPLPWXXX;Alior Bank Spółka Akcyjna;02-232;Warszawa;
106;0029;ALBPPLPWXXX;Alior Bank Spółka Akcyjna;02-232;Warszawa;
106;0030;ALBPPLPWXXX;Alior Bank Spółka Akcyjna;02-232;Warszawa;
106;0031;ALBPPLPWXXX;Alior Bank Spółka Akcyjna;02-232;Warszawa;
106;0032;ALBPPLPWXXX;Alior Bank Spółka Akcyjna;02-232;Warszawa;
106;0033;ALBPPLPWXXX;Alior Bank Spółka Akcyjna;02-232;Warszawa;
106;0034;ALBPPLPWXXX;Alior Bank Spółka Akcyjna;02-232;Warszawa;
106;0035;ALBPPLPWXXX;Alior Bank Spółka Akcyjna;02-232;Warszawa;
106;0036;ALBPPLPWXXX;Alior Bank Spółka Akcyjna;02-232;Warszawa;
106;0037;ALBPPLPWXXX;Alior Bank Spółka Akcyjna;02-232;Warszawa;
106;0038;ALBPPLPWXXX;Alior Bank Spółka Akcyjna;02-232;Warszawa;
106;0039;ALBPPLPWXXX;Alior Bank Spółka Akcyjna;02-232;Warszawa;
106;0040;ALBPPLPWXXX;Alior Bank Spółka Akcyjna;02-232;Warszawa;
106;0277;ALBPPLPWXXX;Alior Bank Spółka Akcyjna;02-232;Warszawa;
106;0278;ALBPPLPWXXX;Alior Bank Spółka Akcyjna;02-232;Warszawa;
130;0000;ALBPPLPWXXX;Alior Bank Spółka Akcyjna;02-232;Warszawa;
130;0101;ALBPPLPWXXX;Alior Bank Spółka Akcyjna;02-232;Warszawa;
130;0102;ALBPPLPWXXX;Alior Bank Spółka Akcyjna;02-232;Warszawa;
130;0103;ALBPPLPWXXX;Alior Bank Spółka Akcyjna;02-232;Warszawa;
130;0104;ALBPPLPWXXX;Alior Bank Spółka Akcyjna;02-232;Warszawa;
130;0106;ALBPPLPWXXX;Alior Bank Spółka Akcyjna;02-232;Warszawa;
130;0107;ALBPPLPWXXX;Alior Bank Spółka Akcyjna;02-232;Warszawa;
171;0000;ALBPPLPWXXX;Alior Bank Spółka Akcyjna;02-232;Warszawa;
249;0000;ALBPPLPWXXX;Alior Bank Spółka Akcyjna;00-801;Warszawa;
249;0001;ALBPPLPWXXX;Alior Bank Spółka Akcyjna;02-232;Warszawa;
249;0004;ALBPPLPWXXX;Alior Bank Spółka Akcyjna;00-801;Warszawa;
249;0101;ALBPPLPWXXX;Alior Bank Spółka Akcyjna;02-232;Warszawa;
249;0102;ALBPPLPWXXX;Alior Bank Spółka Akcyjna;02-232;Warszawa;
249;0103;ALBPPLPWXXX;Alior Bank Spółka Akcyjna;02-232;Warszawa;
249;0104;ALBPPLPWXXX;Alior Bank Spółka Akcyjna;02-232;Warszawa;
249;0105;ALBPPLPWXXX;Alior Bank Spółka Akcyjna;02-232;Warszawa;
249;0106;ALBPPLPWXXX;Alior Bank Spółka Akcyjna;02-232;Warszawa;
249;0107;ALBPPLPWXXX;Alior Bank Spółka Akcyjna;02-232;Warszawa;
251;0000;;Aareal Bank Aktiengesellschaft (Spółka Akcyjna) - Oddział w Polsce;00-124;Warszawa;
254;0000;;Citibank Europe plc (Publiczna Spółka Akcyjna) Oddział w Polsce;00-838;Warszawa;
255;0000;;Ikano Bank AB (publ) Spółka Akcyjna Oddział w Polsce;02-676;Warszawa;
256;0000;;Nordea Bank Abp Spółka Akcyjna Oddział w Polsce;93-281;Łódź;
260;0000;;Bank of China (Europe) S.A. Spółka Akcyjna Oddział w Polsce;00-108;Warszawa;
262;0000;ICBKPLPWXXX;Industrial and Commercial Bank of China (Europe) S.A. (Spółka Akcyjna) Oddział w Polsce;00-499;Warszawa;
226;0000;SOGEPLPWXXX;RCI Banque Spółka Akcyjna Oddział w Polsce;02-674;Warszawa;
264;0000;SOGEPLPWXXX;RCI Banque Spółka Akcyjna Oddział w Polsce;02-674;Warszawa;
265;0000;;EUROCLEAR Bank SA/NV (Spółka Akcyjna) - Oddział w Polsce;30-644;Kraków;
266;0000;BCITPLPWXXX;Intesa Sanpaolo S.p.A. Spółka Akcyjna Oddział w Polsce;00-498;Warszawa;
102;0564;;PKO Bank Hipoteczny Spółka Akcyjna;00-116;Warszawa;
269;0000;BPKHPLPGXXX;PKO Bank Hipoteczny Spółka Akcyjna;00-116;Warszawa;
270;0000;;Avarda Bank AB (Spółka Akcyjna) Oddział w Polsce;80-244;Gdańsk;
272;0000;;AS Inbank Spółka Akcyjna - Oddział w Polsce;00-446;Warszawa;
273;0000;PCBCPLPWXXX;China Construction Bank (Europe) S.A. (Spółka Akcyjna) Oddział w Polsce;00-113;Warszawa;
275;0000;;John Deere Bank S.A. Spółka Akcyjna Oddział w Polsce;60-198;Poznań;
213;0000;;Volkswagen Bank GmbH Spółka z ograniczoną odpowiedzialnością Oddział w Polsce;00-124;Warszawa;
213;0101;;Volkswagen Bank GmbH Spółka z ograniczoną odpowiedzialnością Oddział w Polsce;00-124;Warszawa;
278;0000;;ING Bank Hipoteczny Spółka Akcyjna;40-101;Katowice;
279;0000;RCBWPLPW;Raiffeisen Bank International AG (Spółka Akcyjna) Oddział w Polsce;03-736;Warszawa;
128;0000;HSBCPLPWXXX;HSBC Continental Europe (Spółka Akcyjna) Oddział w Polsce;00-124;Warszawa;
281;0000;;Goldman Sachs Bank Europe SE Spółka Europejska Oddział w Polsce;00-844;Warszawa;
258;0000;;J.P. Morgan SE (Spółka Europejska) Oddział w Polsce;00-854;Warszawa;
285;0000;;BFF Bank S.p.A. Spółka Akcyjna Oddział w Polsce;90-118;Łódź;
214;0000;FBPLPLPWXXX;CA Auto Bank S.p.A. Spółka Akcyjna Oddział w Polsce;02-681;Warszawa;
287;0000;POLUPLPRXXX;Bank Nowy Spółka Akcyjna;61-756;Poznań;
864;2000;POLUPLPRXXX;Bank Nowy Spółka Akcyjna;61-756;Poznań;
864;2001;POLUPLPRXXX;Bank Nowy Spółka Akcyjna;61-756;Poznań;
864;2101;POLUPLPRXXX;Bank Nowy Spółka Akcyjna;61-756;Poznań;
864;2102;POLUPLPRXXX;Bank Nowy Spółka Akcyjna;61-756;Poznań;
864;2103;POLUPLPRXXX;Bank Nowy Spółka Akcyjna;61-756;Poznań;
864;2104;POLUPLPRXXX;Bank Nowy Spółka Akcyjna;61-756;Poznań;
864;2106;POLUPLPRXXX;Bank Nowy Spółka Akcyjna;61-756;Poznań;
864;2107;POLUPLPRXXX;Bank Nowy Spółka Akcyjna;61-756;Poznań;
864;2108;POLUPLPRXXX;Bank Nowy Spółka Akcyjna;61-756;Poznań;
864;2109;POLUPLPRXXX;Bank Nowy Spółka Akcyjna;61-756;Poznań;
864;2110;POLUPLPRXXX;Bank Nowy Spółka Akcyjna;61-756;Poznań;
864;2111;POLUPLPRXXX;Bank Nowy Spółka Akcyjna;61-756;Poznań;
864;2112;POLUPLPRXXX;Bank Nowy Spółka Akcyjna;61-756;Poznań;
864;2113;POLUPLPRXXX;Bank Nowy Spółka Akcyjna;61-756;Poznań;
864;2114;POLUPLPRXXX;Bank Nowy Spółka Akcyjna;61-756;Poznań;
864;2115;POLUPLPRXXX;Bank Nowy Spółka Akcyjna;61-756;Poznań;
864;2116;POLUPLPRXXX;Bank Nowy Spółka Akcyjna;61-756;Poznań;
864;2117;POLUPLPRXXX;Bank Nowy Spółka Akcyjna;61-756;Poznań;
864;2118;POLUPLPRXXX;Bank Nowy Spółka Akcyjna;61-756;Poznań;
864;2119;POLUPLPRXXX;Bank Nowy Spółka Akcyjna;61-756;Poznań;
864;2120;POLUPLPRXXX;Bank Nowy Spółka Akcyjna;61-756;Poznań;
906;8000;POLUPLPRXXX;Bank Nowy Spółka Akcyjna;61-756;Poznań;
906;8101;POLUPLPRXXX;Bank Nowy Spółka Akcyjna;61-756;Poznań;
288;0000;;Allfunds Bank S.A.U. (Spółka Akcyjna) Oddział w Polsce;00-843;Warszawa;
289;0000;;Hoist Finance AB (publ) Spółka Akcyjna Oddział w Polsce;53-332;Wrocław;
290;0000;;Millennium Bank Hipoteczny Spółka Akcyjna;02-593;Warszawa;
291;0000;BMPBPLPPXXX;UniCredit S.A. Spółka Akcyjna Oddział w Polsce;00-344;Warszawa;
291;0001;BMPBPLPPXXX;UniCredit S.A. Spółka Akcyjna Oddział w Polsce;00-344;Warszawa;
291;0002;BMPBPLPPXXX;UniCredit S.A. Spółka Akcyjna Oddział w Polsce;00-344;Warszawa;
291;0003;BMPBPLP2XXX;UniCredit S.A. Spółka Akcyjna Oddział w Polsce;00-344;Warszawa;
103;0001;GBGCPLPKXXX;VeloBank Spółka Akcyjna;00-923;Warszawa;
103;0002;GBGCPLPKXXX;VeloBank Spółka Akcyjna;00-923;Warszawa;
146;0000;GBGCPLPK;VeloBank Spółka Akcyjna;00-843;Warszawa;
146;0118;GBGCPLPK;VeloBank Spółka Akcyjna;00-843;Warszawa;
146;0124;GBGCPLPK;VeloBank Spółka Akcyjna;00-843;Warszawa;
156;0000;;VeloBank Spółka Akcyjna;40-007;Katowice;
156;0001;GBGCPLPK;VeloBank Spółka Akcyjna;00-843;Warszawa;
156;0101;GBGCPLPK;VeloBank Spółka Akcyjna;00-843;Warszawa;
156;0102;GBGCPLPK;VeloBank Spółka Akcyjna;00-843;Warszawa;
156;0104;GBGCPLPK;VeloBank Spółka Akcyjna;00-843;Warszawa;
156;0108;GBGCPLPK;VeloBank Spółka Akcyjna;00-843;Warszawa;
156;0109;GBGCPLPK;VeloBank Spółka Akcyjna;00-843;Warszawa;
156;0110;GBGCPLPK;VeloBank Spółka Akcyjna;00-843;Warszawa;
156;0111;GBGCPLPK;VeloBank Spółka Akcyjna;00-843;Warszawa;
156;0113;GBGCPLPK;VeloBank Spółka Akcyjna;00-843;Warszawa;
156;0114;GBGCPLPK;VeloBank Spółka Akcyjna;00-843;Warszawa;
156;0116;GBGCPLPK;VeloBank Spółka Akcyjna;00-843;Warszawa;
156;0119;GBGCPLPK;VeloBank Spółka Akcyjna;00-843;Warszawa;
229;0000;GBGCPLPK;VeloBank Spółka Akcyjna;00-843;Warszawa;
248;0000;GBGCPLPK;VeloBank Spółka Akcyjna;00-843;Warszawa;
248;0101;GBGCPLPK;VeloBank Spółka Akcyjna;00-843;Warszawa;
248;0102;GBGCPLPK;VeloBank Spółka Akcyjna;00-843;Warszawa;
248;0103;GBGCPLPK;VeloBank Spółka Akcyjna;00-843;Warszawa;
293;0000;GBGCPLPK;VeloBank Spółka Akcyjna;00-843;Warszawa;
294;0000;;Morgan Stanley Europe SE (Spółka Europejska) Oddział w Polsce;00-684;Warszawa;
295;0000;KOEXPLPP;KEB Hana Bank (D) AG Spółka Akcyjna Oddział w Polsce;50-019;Wrocław;
296;0000;;Woori Bank Europe GmbH spółka z ograniczoną odpowiedzialnością Oddział w Polsce;02-676;Warszawa;
297;0000;IBKOPLPW;IBK Bank Polska Spółka Akcyjna;00-113;Warszawa;
298;0000;;Trade Republic Bank GmbH spółka z ograniczoną odpowiedzialnością Oddział w Polsce;00-008;Warszawa;
600;0000;NBPLPLPWXXX;Zakład Ubezpieczeń Społecznych;01-748;Warszawa;
604;0000;;SkyCash Poland Spółka Akcyjna;00-833;Warszawa;
607;0000;CNENPLP1;Currency One Spółka Akcyjna;61-754;Poznań;
616;0000;;UNIFIEDPOST PAYMENTS SPÓŁKA AKCYJNA ODDZIAŁ W POLSCE;02-017;Warszawa;
620;0000;;Autopay Spółka Akcyjna;81-718;Sopot;
630;0000;IGTRPLPWXXX;Igoria Trade Spółka Akcyjna;02-707;Warszawa;
636;0000;;SPEEDY AG spółka z ograniczoną odpowiedzialnością;00-844;Warszawa;
636;0001;;SPEEDY AG spółka z ograniczoną odpowiedzialnością;00-844;Warszawa;
700;3000;SKOKPLPWXXX;Spółdzielcza Kasa Oszczędnościowo-Kredytowa ENERGIA;26-900;Kozienice;
701;4000;SKOKPLPWXXX;Spółdzielcza Kasa Oszczędnościowo-Kredytowa w Kostrzynie nad Odrą;66-470;Kostrzyn nad Odrą;
703;7000;SKOKPLPWXXX;Spółdzielcza Kasa Oszczędnościowo-Kredytowa Ziemi Rybnickiej;44-230;Czerwionka-Leszczyny;
703;9000;SKOKPLPWXXX;Spółdzielcza Kasa Oszczędnościowo-Kredytowa Boże Dary;40-749;Katowice;
704;8000;;Spółdzielcza Kasa Oszczędnościowo-Kredytowa Boże Dary;41-711;Ruda Śląska;
704;2000;SKOKPLPWXXX;Spółdzielcza Kasa Oszczędnościowo-Kredytowa im. Unii Lubelskiej w Lublinie;20-844;Lublin;
704;6000;SKOKPLPWXXX;Spółdzielcza Kasa Oszczędnościowo-Kredytowa PROGRES;62-028;Koziegłowy;
705;6000;;Spółdzielcza Kasa Oszczędnościowo-Kredytowa PROGRES;43-300;Bielsko-Biała;
705;2000;SKOKPLPWXXX;Spółdzielcza Kasa Oszczędnościowo-Kredytowa Wisła;24-100;Puławy;
701;1000;SKOKPLPWXXX;Spółdzielcza Kasa Oszczędnościowo-Kredytowa im. Zygmunta Chmielewskiego;87-100;Toruń;
704;1000;SKOKPLPWXXX;Spółdzielcza Kasa Oszczędnościowo-Kredytowa im. Zygmunta Chmielewskiego;37-450;Stalowa Wola;
706;1000;SKOKPLPWXXX;Spółdzielcza Kasa Oszczędnościowo-Kredytowa im. Zygmunta Chmielewskiego;20-607;Lublin;
706;5000;SKOKPLPWXXX;Spółdzielcza Kasa Oszczędnościowo-Kredytowa im. Franciszka Stefczyka;81-455;Gdynia;
707;9000;SKOKPLPWXXX;Krakowska Spółdzielcza Kasa Oszczędnościowo-Kredytowa w Krakowie;30-969;Kraków;
700;5001;SKOKPLPWXXX;Spółdzielcza Kasa Oszczędnościowo-Kredytowa ?Szopienice? w Katowicach;47-330;Zdzieszowice;
708;9000;SKOKPLPWXXX;Spółdzielcza Kasa Oszczędnościowo-Kredytowa ?Szopienice? w Katowicach;40-374;Katowice;
709;9000;SKOKPLPWXXX;Spółdzielcza Kasa Oszczędnościowo-Kredytowa Świdnik;21-040;Świdnik;
718;9000;SKOKPLPWXXX;Spółdzielcza Kasa Oszczędnościowo-Kredytowa Świdnik;22-400;Zamość;
710;5000;;Spółdzielcza Kasa Oszczędnościowo-Kredytowa przy Dezamet S.A. w Nowej Dębie;39-460;Nowa Dęba;
711;5000;SKOKPLPWXXX;Spółdzielcza Kasa Oszczędnościowo-Kredytowa ?Centrum?;41-902;Bytom;
711;8000;SKOKPLPWXXX;Spółdzielcza Kasa Oszczędnościowo-Kredytowa im. Eugeniusza Kwiatkowskiego;33-101;Tarnów;
711;9000;;Spółdzielcza Kasa Oszczędnościowo-Kredytowa im. Eugeniusza Kwiatkowskiego;31-982;Kraków;
718;3000;;Spółdzielcza Kasa Oszczędnościowo-Kredytowa im. Eugeniusza Kwiatkowskiego;35-065;Rzeszów;
714;4000;SKOKPLPWXXX;Zachodniopomorska Spółdzielcza Kasa Oszczędnościowo-Kredytowa;71-201;Szczecin;
719;0000;SKOKPLPWXXX;Regionalna Spółdzielcza Kasa Oszczędnościowo-Kredytowa im. św. Brata Alberta;12-100;Szczytno;
799;9999;SKOKPLPWXXX;Krajowa Spółdzielcza Kasa Oszczędnościowo-Kredytowa;81-743;Sopot;
800;1000;POLUPLPRXXX;Bank Spółdzielczy w Otwocku;05-400;Otwock;
800;1101;;Bank Spółdzielczy w Otwocku;05-430;Celestynów;
800;1102;;Bank Spółdzielczy w Otwocku;05-462;Wiązowna;
800;2000;POLUPLPRXXX;Bank Spółdzielczy w Piasecznie;05-500;Piaseczno;
800;2101;;Bank Spółdzielczy w Piasecznie;05-520;Konstancin Jeziorna;
800;2103;;Bank Spółdzielczy w Piasecznie;02-495;Warszawa;
800;2104;;Bank Spółdzielczy w Piasecznie;05-610;Goszczyn;
800;2105;;Bank Spółdzielczy w Piasecznie;26-910;Magnuszew;
800;3000;POLUPLPRXXX;Mazovia Bank Spółdzielczy;05-530;Góra Kalwaria;
919;7000;POLUPLPR;Mazovia Bank Spółdzielczy;08-443;Sobienie Jeziory;
800;4000;POLUPLPRXXX;Bank Spółdzielczy w Raszynie;05-090;Raszyn;
800;6000;SKBBPLPWXXX;Spółdzielczy Bank Rzemiosła i Rolnictwa w Wołominie w upadłości likwidacyjnej;05-200;Wołomin;
800;8000;POLUPLPRXXX;Bank Spółdzielczy w Tarczynie;05-555;Tarczyn;
800;8101;POLUPLPRXXX;Bank Spółdzielczy w Tarczynie;05-505;Prażmów;
800;9000;POLUPLPRXXX;Mazowiecki Bank Spółdzielczy w Łomiankach;05-092;Łomianki;
800;9101;POLUPLPRXXX;Mazowiecki Bank Spółdzielczy w Łomiankach;09-152;Naruszewo;
800;9103;POLUPLPRXXX;Mazowiecki Bank Spółdzielczy w Łomiankach;01-960;Warszawa;
800;9104;POLUPLPRXXX;Mazowiecki Bank Spółdzielczy w Łomiankach;05-152;Czosnów;
800;9105;POLUPLPRXXX;Mazowiecki Bank Spółdzielczy w Łomiankach;05-092;Łomianki;
800;9106;MAPNPLP1XXX;Mazowiecki Bank Spółdzielczy w Łomiankach;05-100;Nowy Dwór Mazowiecki;
801;1000;POLUPLPRXXX;Bank Spółdzielczy w Nowym Dworze Mazowieckim;05-100;Nowy Dwór Mazowiecki;
801;3000;POLUPLPRXXX;Bank Spółdzielczy w Legionowie;05-120;Legionowo;
801;3101;POLUPLPRXXX;Bank Spółdzielczy w Legionowie;05-110;Jabłonna;
801;3102;POLUPLPRXXX;Bank Spółdzielczy w Legionowie;05-126;Nieporęt;
801;5000;POLUPLPRXXX;Warszawski Bank Spółdzielczy;03-984;Warszawa;
801;7000;GBWCPLPPXXX;Bank Spółdzielczy w Nadarzynie w upadłości;05-830;Nadarzyn;
801;7101;GBWCPLPPXXX;Bank Spółdzielczy w Nadarzynie w upadłości;96-321;Żabia Wola;
801;9000;GBWCPLPPXXX;Bank Spółdzielczy w Halinowie;05-074;Halinów;
801;9101;GBWCPLPPXXX;Bank Spółdzielczy w Halinowie;05-075;Wesoła;
801;9103;;Bank Spółdzielczy w Halinowie;;;
